image_id,source,rel_path,sha256,width_px,height_px,modality,material,has_defect,n_defects,defect_types,iso_codes,src_labels_raw,label_type,has_localization,phash_hex,group_id,group_size,strata_key,split,client,eval_subset,thickness_mm,thickness_source,px_per_mm,scale_source,quality_level,ingest_version,label_map_version,notes
riawelc:data/raw/riawelc/RT/UNK/w00077_f0.png,riawelc,data/raw/riawelc/RT/UNK/w00077_f0.png,005ce07827b7e4387cf793f9bf7e0fd35de440b68515380300d97b1b01d9321e,224,224,RT,UNK,True,1,crack,100,CR,classification,False,ce0f2b308c0d3292fe60a6744f8bd4c91297e2d3307aac1145bcc0a90a108999,grp_UNK_005ce07827b7,1,UNK|crack,train,C3,,,none,,none,,riawelc-mock-v1,1,MOCK — 실이미지 없음. 스키마 검증·선행 개발 전용
riawelc:data/raw/riawelc/RT/UNK/w00121_f0.png,riawelc,data/raw/riawelc/RT/UNK/w00121_f0.png,0060329b82a4240a4272aee44f930f495993337c4fca44f9456c284e2bf749f6,224,224,RT,UNK,True,1,porosity,2011,PO,classification,False,400d244e7a8f156bf7430f00582d69e8c1c5ef22896fbbe4ba9b9b6386bde632,grp_UNK_0060329b82a4,1,UNK|porosity,train,C1,,,none,,none,,riawelc-mock-v1,1,MOCK — 실이미지 없음. 스키마 검증·선행 개발 전용
riawelc:data/raw/riawelc/RT/UNK/w00168_f2.png,riawelc,data/raw/riawelc/RT/UNK/w00168_f2.png,00d48bb1d11c2eacbc11875e8c1687d6171179ea2ba814ff059433cf83e46599,224,224,RT,UNK,True,2,lack_of_penetration;porosity,2011;402,LP;PO,classification,False,8ed9f118aac521e5e3996ebcf301b7b1e5583904160fe7b2a1f2f644a04a771a,grp_UNK_00d48bb1d11c,3,UNK|porosity,train,C3,,,none,,none,,riawelc-mock-v1,1,MOCK — 실이미지 없음. 스키마 검증·선행 개발 전용
riawelc:data/raw/riawelc/RT/UNK/w00195_f0.png,riawelc,data/raw/riawelc/RT/UNK/w00195_f0.png,00d674037d365108cae9aa0a984b808d3d11a697e173b371aba926e4aa1d86ef,224,224,RT,UNK,True,1,lack_of_penetration,402,LP,classification,False,4568ff971a88eea85c842f10b62a45f13fa92456f9d61b8d78ffa94056739992,grp_UNK_00d674037d36,1,UNK|lack_of_penetration,train,C1,,,none,,none,,riawelc-mock-v1,1,MOCK — 실이미지 없음. 스키마 검증·선행 개발 전용
riawelc:data/raw/riawelc/RT/UNK/w00064_f2.png,riawelc,data/raw/riawelc/RT/UNK/w00064_f2.png,02b9888cff14c3caf3e1ab0f502e74c8900e2f1e4458832de34e398cb25db4b5,224,224,RT,UNK,False,0,,,,classification,False,7103c74fbd2f1004fdb5b36c5f96f38f541b4243ecfc55e2e6e08a8199614136,grp_UNK_02b9888cff14,4,UNK|__normal__,train,C1,,,none,,none,,riawelc-mock-v1,1,MOCK — 실이미지 없음. 스키마 검증·선행 개발 전용
riawelc:data/raw/riawelc/RT/UNK/w00006_f0.png,riawelc,data/raw/riawelc/RT/UNK/w00006_f0.png,033e631ae18dc883fa49b265b331bb067a557bdbe7f6351f3675d6f2dcce0145,224,224,RT,UNK,False,0,,,,classification,False,7501eaecc3f6c2837c298ac503aedc496d0d6124c1a29d16de62595becee87c2,grp_UNK_033e631ae18d,1,UNK|__normal__,eval,,,,none,,none,,riawelc-mock-v1,1,MOCK — 실이미지 없음. 스키마 검증·선행 개발 전용
riawelc:data/raw/riawelc/RT/UNK/w00047_f1.png,riawelc,data/raw/riawelc/RT/UNK/w00047_f1.png,04972ae15fa2785e7d19d07796aef4766dc3ef62cc2297990a3a701eaade3d82,224,224,RT,UNK,False,0,,,,classification,False,0e8589dc4f69e983280c0318fe9849d96da04c8cf62ba8b79935b2234720139f,grp_UNK_04972ae15fa2,4,UNK|__normal__,eval,,,,none,,none,,riawelc-mock-v1,1,MOCK — 실이미지 없음. 스키마 검증·선행 개발 전용
riawelc:data/raw/riawelc/RT/UNK/w00193_f0.png,riawelc,data/raw/riawelc/RT/UNK/w00193_f0.png,05630469b68d3759f48c07e2d7d2561c672affac18582cf3c56274b4fd6cf28e,224,224,RT,UNK,False,0,,,,classification,False,6611461bf289f354c5f83b9ff7b10aef5ebd76871bc98362c364fa1eae83322d,grp_UNK_05630469b68d,1,UNK|__normal__,val,C3,,,none,,none,,riawelc-mock-v1,1,MOCK — 실이미지 없음. 스키마 검증·선행 개발 전용
riawelc:data/raw/riawelc/RT/UNK/w00003_f1.png,riawelc,data/raw/riawelc/RT/UNK/w00003_f1.png,05b465305123756067d463c4b8325abc5d3eeb0221af8e6a085075b2da74fbac,224,224,RT,UNK,True,2,lack_of_penetration;porosity,2011;402,LP;PO,classification,False,7ee789f5849c0576df44ef1cf7aab19efb49ffc0f61e92a2fbfae24c5cd79c83,grp_UNK_05b465305123,4,UNK|porosity,train,C3,,,none,,none,,riawelc-mock-v1,1,MOCK — 실이미지 없음. 스키마 검증·선행 개발 전용
riawelc:data/raw/riawelc/RT/UNK/w00001_f0.png,riawelc,data/raw/riawelc/RT/UNK/w00001_f0.png,05f18af82ada26920930fed2fbf64812217b8e204586d83647e64ac88392989e,224,224,RT,UNK,False,0,,,,classification,False,d88490650870f3d61e4b0987d28c1832654e43e37adaea2a3e40eee36e1d1d17,grp_UNK_05f18af82ada,1,UNK|__normal__,train,C2,,,none,,none,,riawelc-mock-v1,1,MOCK — 실이미지 없음. 스키마 검증·선행 개발 전용
riawelc:data/raw/riawelc/RT/UNK/w00198_f1.png,riawelc,data/raw/riawelc/RT/UNK/w00198_f1.png,06ef8130066397c3425e088873e354d2a9d1bb3c3886d254f9c4b6ab5b351c47,224,224,RT,UNK,True,1,lack_of_penetration,402,LP,classification,False,ace1c51062f72786076c79c046db212779f65497bbc07704a4cab710c6b9a073,grp_UNK_06ef81300663,3,UNK|lack_of_penetration,train,C1,,,none,,none,,riawelc-mock-v1,1,MOCK — 실이미지 없음. 스키마 검증·선행 개발 전용
riawelc:data/raw/riawelc/RT/UNK/w00074_f0.png,riawelc,data/raw/riawelc/RT/UNK/w00074_f0.png,0746ba3fdce930ac7cb6ee691228912f236a6fd15d874302f428c7bcd7a3fdb6,224,224,RT,UNK,False,0,,,,classification,False,c70ff34e2ed355182e662221fedd07ba3d9c9d9d5058ddc3f4f37669f9b7d3e3,grp_UNK_0746ba3fdce9,3,UNK|__normal__,train,C3,,,none,,none,,riawelc-mock-v1,1,MOCK — 실이미지 없음. 스키마 검증·선행 개발 전용
riawelc:data/raw/riawelc/RT/UNK/w00106_f1.png,riawelc,data/raw/riawelc/RT/UNK/w00106_f1.png,0795132fd173a641744f224d5849e66abca0d9e288c71a95e5f4c782c21d8abe,224,224,RT,UNK,True,1,crack,100,CR,classification,False,96b98190ab5d26e8ded519942c9d1ad26f9f5a9dd3f31ee15a87f79564b6cdf5,grp_UNK_0795132fd173,4,UNK|crack,val,C3,,,none,,none,,riawelc-mock-v1,1,MOCK — 실이미지 없음. 스키마 검증·선행 개발 전용
riawelc:data/raw/riawelc/RT/UNK/w00184_f1.png,riawelc,data/raw/riawelc/RT/UNK/w00184_f1.png,07e3197f919fb2b13a55c1136315e27c65ed224ad0fb71d427d283a028981725,224,224,RT,UNK,True,1,porosity,2011,PO,classification,False,26e79e7bd01f57b69c680e960132f01b485336ab6b9ac0638c0c2d79931714b0,grp_UNK_07e3197f919f,3,UNK|porosity,train,C1,,,none,,none,,riawelc-mock-v1,1,MOCK — 실이미지 없음. 스키마 검증·선행 개발 전용
riawelc:data/raw/riawelc/RT/UNK/w00192_f0.png,riawelc,data/raw/riawelc/RT/UNK/w00192_f0.png,08c6851220ec9b02afbd37b21ee14b4170eb4fd8714920923b0fcab748b83a29,224,224,RT,UNK,True,1,crack,100,CR,classification,False,6e7335cb0d19ebc4633d0ace2095611c90d50622cbcde824acf4d0a96698c616,grp_UNK_08c6851220ec,1,UNK|crack,train,C3,,,none,,none,,riawelc-mock-v1,1,MOCK — 실이미지 없음. 스키마 검증·선행 개발 전용
riawelc:data/raw/riawelc/RT/UNK/w00047_f3.png,riawelc,data/raw/riawelc/RT/UNK/w00047_f3.png,092baa5974172dd807b2cddb9c0aa63df1782c34c05ebd3d5140d12c29eb6d95,224,224,RT,UNK,False,0,,,,classification,False,0e8589dc4f69e983280c0318fe9849d96da04c8cf62ba8b79935b2234720139f,grp_UNK_04972ae15fa2,4,UNK|__normal__,eval,,,,none,,none,,riawelc-mock-v1,1,MOCK — 실이미지 없음. 스키마 검증·선행 개발 전용
riawelc:data/raw/riawelc/RT/UNK/w00057_f0.png,riawelc,data/raw/riawelc/RT/UNK/w00057_f0.png,0ba57642553bd18cd195947559df49ce333571067b8bff19a3e6d3b587c454f7,224,224,RT,UNK,False,0,,,,classification,False,963b094c53b2839441c521e5c3fea94aba76e92874bb85695eb6962904c4dd10,grp_UNK_0ba57642553b,1,UNK|__normal__,train,C1,,,none,,none,,riawelc-mock-v1,1,MOCK — 실이미지 없음. 스키마 검증·선행 개발 전용
riawelc:data/raw/riawelc/RT/UNK/w00049_f0.png,riawelc,data/raw/riawelc/RT/UNK/w00049_f0.png,0c71f4df196b21a169c593325e57a9d5bd7480d8cdeba400cb3854c482818ce1,224,224,RT,UNK,True,1,crack,100,CR,classification,False,2fe86642dd5e5119a21de8daa70a0b07927bf2539d271ea5c88bc6dc84d62aee,grp_UNK_0c71f4df196b,1,UNK|crack,train,C1,,,none,,none,,riawelc-mock-v1,1,MOCK — 실이미지 없음. 스키마 검증·선행 개발 전용
riawelc:data/raw/riawelc/RT/UNK/w00004_f0.png,riawelc,data/raw/riawelc/RT/UNK/w00004_f0.png,0ce584a43456a77e3f93372c3928febbf203b16a6a095f9c2a713bba5cb454fb,224,224,RT,UNK,True,1,porosity,2011,PO,classification,False,89a3673b581b6d1147f4d2517b8bc48fa644264740eb1450fe6ec3690c2fc2a2,grp_UNK_0ce584a43456,1,UNK|porosity,train,C3,,,none,,none,,riawelc-mock-v1,1,MOCK — 실이미지 없음. 스키마 검증·선행 개발 전용
riawelc:data/raw/riawelc/RT/UNK/w00038_f0.png,riawelc,data/raw/riawelc/RT/UNK/w00038_f0.png,0d0bef09fde0caa0b8e6339d77b0b5d430715cc2b3fee7c04ee4c392b056c543,224,224,RT,UNK,True,1,lack_of_penetration,402,LP,classification,False,2b3da07efa16ef8fae5b664d041640ee96ab4f142ef3f041f08dc04ed047c913,grp_UNK_0d0bef09fde0,1,UNK|lack_of_penetration,train,C1,,,none,,none,,riawelc-mock-v1,1,MOCK — 실이미지 없음. 스키마 검증·선행 개발 전용
riawelc:data/raw/riawelc/RT/UNK/w00161_f0.png,riawelc,data/raw/riawelc/RT/UNK/w00161_f0.png,0de6864ec841b3f9c18633f1ce642d66550990e0662694f4283f4933f0a08659,224,224,RT,UNK,True,1,crack,100,CR,classification,False,d8f72a1896703c94c3ac7635c2367b1f030027a4853ce05b72a8fe881f4ae75f,grp_UNK_0de6864ec841,2,UNK|crack,train,C2,,,none,,none,,riawelc-mock-v1,1,MOCK — 실이미지 없음. 스키마 검증·선행 개발 전용
riawelc:data/raw/riawelc/RT/UNK/w00071_f1.png,riawelc,data/raw/riawelc/RT/UNK/w00071_f1.png,0e416338c0552ea37700b29e6231d0a5796f3fdcc458811675cb078549399285,224,224,RT,UNK,False,0,,,,classification,False,bb251bd4c2cb36f7be129dfcb6ec99413fbd4a197bb02c9d21aa5972d08e872d,grp_UNK_0e416338c055,2,UNK|__normal__,eval,,,,none,,none,,riawelc-mock-v1,1,MOCK — 실이미지 없음. 스키마 검증·선행 개발 전용
riawelc:data/raw/riawelc/RT/UNK/w00150_f0.png,riawelc,data/raw/riawelc/RT/UNK/w00150_f0.png,0e8bad25f991a5ab1f2a3486a8a3d36663fc52b3e05f46f949ae192c4d267b03,224,224,RT,UNK,True,2,crack;porosity,100;2011,CR;PO,classification,False,cdc0ce90d1305c4b3e5e0b1925a4f095dcbb394d47188287e570673ff805ef9b,grp_UNK_0e8bad25f991,2,UNK|crack,eval,,,,none,,none,,riawelc-mock-v1,1,MOCK — 실이미지 없음. 스키마 검증·선행 개발 전용
riawelc:data/raw/riawelc/RT/UNK/w00081_f3.png,riawelc,data/raw/riawelc/RT/UNK/w00081_f3.png,1164b2fd9b34f7a9df45878902f20e0df9d1a65a8b3bcf283618d57a681bf07a,224,224,RT,UNK,True,1,lack_of_penetration,402,LP,classification,False,e7493c8827493752cac29d267c5e90fbc632c6eb23f33bb8fa58427c9277399a,grp_UNK_1164b2fd9b34,4,UNK|lack_of_penetration,val,C1,,,none,,none,,riawelc-mock-v1,1,MOCK — 실이미지 없음. 스키마 검증·선행 개발 전용
riawelc:data/raw/riawelc/RT/UNK/w00197_f0.png,riawelc,data/raw/riawelc/RT/UNK/w00197_f0.png,11cf3495b91cfb0a8aec11611c72b3c35d70ee6f84dd8816972a69126883ec74,224,224,RT,UNK,True,1,crack,100,CR,classification,False,2a934263b9a9f1d00c0eb3aa3da761e9d0ea062625344cf7bff1b839b39dceff,grp_UNK_11cf3495b91c,1,UNK|crack,train,C2,,,none,,none,,riawelc-mock-v1,1,MOCK — 실이미지 없음. 스키마 검증·선행 개발 전용
riawelc:data/raw/riawelc/RT/UNK/w00109_f0.png,riawelc,data/raw/riawelc/RT/UNK/w00109_f0.png,12a4f9ca9c3f185bd514684fbc2551bf0c55e88123796d6a28cbd813150b6b41,224,224,RT,UNK,True,1,lack_of_penetration,402,LP,classification,False,c674f08aa366a67369dea53157a439ab36706f9e454164ee35e45b46b2b1469f,grp_UNK_12a4f9ca9c3f,1,UNK|lack_of_penetration,train,C2,,,none,,none,,riawelc-mock-v1,1,MOCK — 실이미지 없음. 스키마 검증·선행 개발 전용
riawelc:data/raw/riawelc/RT/UNK/w00153_f0.png,riawelc,data/raw/riawelc/RT/UNK/w00153_f0.png,1320327ea22494af45c48d142ca4e68fa47daca3aac019d5f1f82f69f808466a,224,224,RT,UNK,False,0,,,,classification,False,056e0fa16ee6f0ca158ab8bd73c4fdeb7ecc2c0a9d0e0004d32d5fa8a1676504,grp_UNK_1320327ea224,4,UNK|__normal__,train,C3,,,none,,none,,riawelc-mock-v1,1,MOCK — 실이미지 없음. 스키마 검증·선행 개발 전용
riawelc:data/raw/riawelc/RT/UNK/w00207_f2.png,riawelc,data/raw/riawelc/RT/UNK/w00207_f2.png,136239ba56a24d091dffaa3327cbed3dcf84a7fb1720236768d4c260012d76c3,224,224,RT,UNK,True,2,crack;lack_of_penetration,100;402,CR;LP,classification,False,8e278802281e8d1be3fc5b19c251d4988b3e5d52bb25f9de60c7c8c0c30be1f0,grp_UNK_136239ba56a2,4,UNK|crack,train,C1,,,none,,none,,riawelc-mock-v1,1,MOCK — 실이미지 없음. 스키마 검증·선행 개발 전용
riawelc:data/raw/riawelc/RT/UNK/w00036_f3.png,riawelc,data/raw/riawelc/RT/UNK/w00036_f3.png,138331804ac18aee52b3ceab67f82db4157590068c359b429bccc75d0dc165db,224,224,RT,UNK,True,1,lack_of_penetration,402,LP,classification,False,e6678fc7c265fc88c93fa25a23ecc6b726f2e69c55957ce8086c5139964f412f,grp_UNK_138331804ac1,4,UNK|lack_of_penetration,train,C2,,,none,,none,,riawelc-mock-v1,1,MOCK — 실이미지 없음. 스키마 검증·선행 개발 전용
riawelc:data/raw/riawelc/RT/UNK/w00011_f0.png,riawelc,data/raw/riawelc/RT/UNK/w00011_f0.png,13c5d522b1ef31cab5d64626232f3412b30c229f5f333d2f818b4fedf3a696ae,224,224,RT,UNK,True,1,crack,100,CR,classification,False,0c79d7cd4d7456740cc38720945929401fe7c6cee4fbad116d1f073fec771807,grp_UNK_13c5d522b1ef,1,UNK|crack,train,C3,,,none,,none,,riawelc-mock-v1,1,MOCK — 실이미지 없음. 스키마 검증·선행 개발 전용
riawelc:data/raw/riawelc/RT/UNK/w00190_f0.png,riawelc,data/raw/riawelc/RT/UNK/w00190_f0.png,14826d618d338e4a529f7d7f0d8538f06f7b120abfab54a474a9f2b8d9c94af4,224,224,RT,UNK,True,1,crack,100,CR,classification,False,d83ba5807f005a3f120f5bc0d3ab3f031cd7bcd9ec68686b90057ae90bdb2da3,grp_UNK_14826d618d33,1,UNK|crack,train,C2,,,none,,none,,riawelc-mock-v1,1,MOCK — 실이미지 없음. 스키마 검증·선행 개발 전용
riawelc:data/raw/riawelc/RT/UNK/w00091_f0.png,riawelc,data/raw/riawelc/RT/UNK/w00091_f0.png,15a0675073eccbbcab411659e630ca97287584e1b79722f0ba28b04998aeb42f,224,224,RT,UNK,True,1,crack,100,CR,classification,False,78a06c23e9cc543729cacb54acbfda6604002a5ecc00f7e8257956d3bc59e3b1,grp_UNK_15a0675073ec,1,UNK|crack,train,C3,,,none,,none,,riawelc-mock-v1,1,MOCK — 실이미지 없음. 스키마 검증·선행 개발 전용
riawelc:data/raw/riawelc/RT/UNK/w00128_f0.png,riawelc,data/raw/riawelc/RT/UNK/w00128_f0.png,15cb8264bf1e296be6541f0e085ea4a4e06d325edbffa22ca063d7b36919895b,224,224,RT,UNK,False,0,,,,classification,False,b9c6627ab5fe38a9ed3740b23c33e953c41800cbd63c7e942d496ac384bb0e44,grp_UNK_15cb8264bf1e,1,UNK|__normal__,eval,,,,none,,none,,riawelc-mock-v1,1,MOCK — 실이미지 없음. 스키마 검증·선행 개발 전용
riawelc:data/raw/riawelc/RT/UNK/w00106_f2.png,riawelc,data/raw/riawelc/RT/UNK/w00106_f2.png,16e36b11d84516b7f6b8e39605fb079ea307b3d672fdef3d5497b0ffddd7d836,224,224,RT,UNK,True,1,crack,100,CR,classification,False,96b98190ab5d26e8ded519942c9d1ad26f9f5a9dd3f31ee15a87f79564b6cdf5,grp_UNK_0795132fd173,4,UNK|crack,val,C3,,,none,,none,,riawelc-mock-v1,1,MOCK — 실이미지 없음. 스키마 검증·선행 개발 전용
riawelc:data/raw/riawelc/RT/UNK/w00180_f0.png,riawelc,data/raw/riawelc/RT/UNK/w00180_f0.png,17864b82139e1abf8d6bfce3ef3beda39a5d1f4952d2a96f5e559f781865fb9a,224,224,RT,UNK,True,1,lack_of_penetration,402,LP,classification,False,93cfc42e330f77058cac9d85afdcd348e8eb35024f3392bc4cbccbebbba26179,grp_UNK_17864b82139e,2,UNK|lack_of_penetration,train,C3,,,none,,none,,riawelc-mock-v1,1,MOCK — 실이미지 없음. 스키마 검증·선행 개발 전용
riawelc:data/raw/riawelc/RT/UNK/w00062_f0.png,riawelc,data/raw/riawelc/RT/UNK/w00062_f0.png,181429a9730e6d5ef89a88abc9b636fb2961ee69ed12208ce1f1b4c52cff3bf9,224,224,RT,UNK,True,1,lack_of_penetration,402,LP,classification,False,a15a024aae7819f36a8fbfef3d98e0fbedcf8ac29f0c6e4739ccbf897e6f7f73,grp_UNK_181429a9730e,1,UNK|lack_of_penetration,train,C1,,,none,,none,,riawelc-mock-v1,1,MOCK — 실이미지 없음. 스키마 검증·선행 개발 전용
riawelc:data/raw/riawelc/RT/UNK/w00130_f0.png,riawelc,data/raw/riawelc/RT/UNK/w00130_f0.png,189b3fc30b848a01cabb4438ef3ed67cba49855de32845a65dcfabd326176ad1,224,224,RT,UNK,True,1,crack,100,CR,classification,False,ec490ae5aefc1f80e1ed3d8005b59c2c7b910f96f1b9b423ac08873d9d49c3d8,grp_UNK_189b3fc30b84,1,UNK|crack,train,C1,,,none,,none,,riawelc-mock-v1,1,MOCK — 실이미지 없음. 스키마 검증·선행 개발 전용
riawelc:data/raw/riawelc/RT/UNK/w00208_f0.png,riawelc,data/raw/riawelc/RT/UNK/w00208_f0.png,1a3dfd1c514ccf80f7d1b11f3dc3a775e79e88d82be5615a6a6300f3b0b703a7,224,224,RT,UNK,True,1,porosity,2011,PO,classification,False,37b62a4687d7660943375166434b8e63673cc79a42c49c879a13a2c54c87973f,grp_UNK_1a3dfd1c514c,1,UNK|porosity,train,C1,,,none,,none,,riawelc-mock-v1,1,MOCK — 실이미지 없음. 스키마 검증·선행 개발 전용
riawelc:data/raw/riawelc/RT/UNK/w00199_f0.png,riawelc,data/raw/riawelc/RT/UNK/w00199_f0.png,1b9747d0d3c7443f9ddce465108f7d64d3b701b494d7491c849e464785e9f5f1,224,224,RT,UNK,True,1,lack_of_penetration,402,LP,classification,False,ccd3c06bcb6fd605610d9fee7050c6c334bc374d69a95075acd12bafbf432113,grp_UNK_1b9747d0d3c7,1,UNK|lack_of_penetration,eval,,judgment_2000,,none,,none,,riawelc-mock-v1,1,MOCK — 실이미지 없음. 스키마 검증·선행 개발 전용
riawelc:data/raw/riawelc/RT/UNK/w00136_f0.png,riawelc,data/raw/riawelc/RT/UNK/w00136_f0.png,1cf6b397ce57ceea5b8514825f3454a17ce1ad3aefc599eb99dd2852f8a5c3dc,224,224,RT,UNK,False,0,,,,classification,False,4876adeac86097fa3614ba9ee93b8cfb62b4fda24435af6aabafdc0b4886620a,grp_UNK_1cf6b397ce57,1,UNK|__normal__,train,C2,,,none,,none,,riawelc-mock-v1,1,MOCK — 실이미지 없음. 스키마 검증·선행 개발 전용
riawelc:data/raw/riawelc/RT/UNK/w00096_f0.png,riawelc,data/raw/riawelc/RT/UNK/w00096_f0.png,1e3f1efae6128cfa2d8487a3ef470ff147fdafa468e05307c8df5466763033cf,224,224,RT,UNK,True,1,porosity,2011,PO,classification,False,20a9dbd6d304a0fe9d8f61719ccc4a4fd029404cf089caede7a2514a7a54467e,grp_UNK_1e3f1efae612,3,UNK|porosity,eval,,judgment_2000,,none,,none,,riawelc-mock-v1,1,MOCK — 실이미지 없음. 스키마 검증·선행 개발 전용
riawelc:data/raw/riawelc/RT/UNK/w00047_f0.png,riawelc,data/raw/riawelc/RT/UNK/w00047_f0.png,1efac3490fdee216245e545836a025b6bdc37401c15795e4197f3314ed41d768,224,224,RT,UNK,False,0,,,,classification,False,0e8589dc4f69e983280c0318fe9849d96da04c8cf62ba8b79935b2234720139f,grp_UNK_04972ae15fa2,4,UNK|__normal__,eval,,,,none,,none,,riawelc-mock-v1,1,MOCK — 실이미지 없음. 스키마 검증·선행 개발 전용
riawelc:data/raw/riawelc/RT/UNK/w00036_f1.png,riawelc,data/raw/riawelc/RT/UNK/w00036_f1.png,1fdeef8a7d507eb5685a4621aa6993d08a87eccf02b33d431b51c20eec9fb2cd,224,224,RT,UNK,True,1,lack_of_penetration,402,LP,classification,False,e6678fc7c265fc88c93fa25a23ecc6b726f2e69c55957ce8086c5139964f412f,grp_UNK_138331804ac1,4,UNK|lack_of_penetration,train,C2,,,none,,none,,riawelc-mock-v1,1,MOCK — 실이미지 없음. 스키마 검증·선행 개발 전용
riawelc:data/raw/riawelc/RT/UNK/w00129_f0.png,riawelc,data/raw/riawelc/RT/UNK/w00129_f0.png,2109810f29804af73f6d75eeae7b62e4cfc7359de80d0d48ac7ae09c827aca9c,224,224,RT,UNK,True,1,crack,100,CR,classification,False,3fa5e46beb86c2aa3dbbb042e9c24224fa6cb49109ad5aa1101721515095aaf0,grp_UNK_2109810f2980,1,UNK|crack,train,C3,,,none,,none,,riawelc-mock-v1,1,MOCK — 실이미지 없음. 스키마 검증·선행 개발 전용
riawelc:data/raw/riawelc/RT/UNK/w00090_f0.png,riawelc,data/raw/riawelc/RT/UNK/w00090_f0.png,213083a7bb9c4839a4ce0c71c3e9f71bcef4242d49ba4417f614e1f54cee06b3,224,224,RT,UNK,True,1,crack,100,CR,classification,False,c32ddc72092272deb46fc94589d2f59ee4225dece4cbc821ecf01b8c6ac869a4,grp_UNK_213083a7bb9c,1,UNK|crack,train,C3,,,none,,none,,riawelc-mock-v1,1,MOCK — 실이미지 없음. 스키마 검증·선행 개발 전용
riawelc:data/raw/riawelc/RT/UNK/w00017_f0.png,riawelc,data/raw/riawelc/RT/UNK/w00017_f0.png,2165ff1112661aef7ef87d19d9e44d43c8877ea16b78da41b512863f0fbe6966,224,224,RT,UNK,False,0,,,,classification,False,03ccb7741f4a5dda20b7027565a0f149291e65242b56d13d47902469338ec193,grp_UNK_2165ff111266,1,UNK|__normal__,train,C2,,,none,,none,,riawelc-mock-v1,1,MOCK — 실이미지 없음. 스키마 검증·선행 개발 전용
riawelc:data/raw/riawelc/RT/UNK/w00127_f0.png,riawelc,data/raw/riawelc/RT/UNK/w00127_f0.png,2258b53ab8c70adfffb759d879cfb6b97b92f6d99efc9f1243800ef58d58dd0f,224,224,RT,UNK,True,1,porosity,2011,PO,classification,False,7f891f1bf0b98cc96e03cefda52eb8e7d333e528c90bcc80c3ed4803d1a45bc1,grp_UNK_2258b53ab8c7,1,UNK|porosity,train,C3,,,none,,none,,riawelc-mock-v1,1,MOCK — 실이미지 없음. 스키마 검증·선행 개발 전용
riawelc:data/raw/riawelc/RT/UNK/w00095_f0.png,riawelc,data/raw/riawelc/RT/UNK/w00095_f0.png,25020d125460327e7b056e45f48050eafaf43be5e48b6c443341c6edd86f699e,224,224,RT,UNK,True,1,lack_of_penetration,402,LP,classification,False,56a13bfb7ed113a54fbe77cca55296aeb06a7b4f96b1006dd324d7f418708108,grp_UNK_25020d125460,1,UNK|lack_of_penetration,train,C1,,,none,,none,,riawelc-mock-v1,1,MOCK — 실이미지 없음. 스키마 검증·선행 개발 전용
riawelc:data/raw/riawelc/RT/UNK/w00137_f0.png,riawelc,data/raw/riawelc/RT/UNK/w00137_f0.png,26a4a2c145b7d97025f4d8aa69e05cfe8ea183cb2500fff8759542ad82135277,224,224,RT,UNK,True,1,lack_of_penetration,402,LP,classification,False,b567d38bb4691a20f7a8894ad072ea3b414a037e825cdd5592f58c24eb6f4c2c,grp_UNK_26a4a2c145b7,2,UNK|lack_of_penetration,train,C2,,,none,,none,,riawelc-mock-v1,1,MOCK — 실이미지 없음. 스키마 검증·선행 개발 전용
riawelc:data/raw/riawelc/RT/UNK/w00157_f0.png,riawelc,data/raw/riawelc/RT/UNK/w00157_f0.png,26eb977db9befa82bc17a6430626281a7a1d1043897468b0b489c7cf881f59df,224,224,RT,UNK,False,0,,,,classification,False,492b37693b1e6a7d83123b8a3198330076c613235e4d4d202a4f68bbdd8c20ca,grp_UNK_26eb977db9be,1,UNK|__normal__,train,C3,,,none,,none,,riawelc-mock-v1,1,MOCK — 실이미지 없음. 스키마 검증·선행 개발 전용
riawelc:data/raw/riawelc/RT/UNK/w00164_f0.png,riawelc,data/raw/riawelc/RT/UNK/w00164_f0.png,2d88bb76c7ad9887414cfca58301cec82aaf72c65274f346fe33b52544d1488e,224,224,RT,UNK,False,0,,,,classification,False,3d02a1efe8b47d542a1592b7ece9dfc2cb434a5586aa96e8ab5945b8de960404,grp_UNK_2d88bb76c7ad,1,UNK|__normal__,train,C2,,,none,,none,,riawelc-mock-v1,1,MOCK — 실이미지 없음. 스키마 검증·선행 개발 전용
riawelc:data/raw/riawelc/RT/UNK/w00124_f0.png,riawelc,data/raw/riawelc/RT/UNK/w00124_f0.png,2e109ba1e90dd02681344186102264f22ce4662a746b4bd06c982fe13ede24bb,224,224,RT,UNK,True,1,lack_of_penetration,402,LP,classification,False,fb8cc6e5ba7473982515b69a57db6b9a8e550db3bd9490897f56635ffd8835b5,grp_UNK_2e109ba1e90d,1,UNK|lack_of_penetration,train,C2,,,none,,none,,riawelc-mock-v1,1,MOCK — 실이미지 없음. 스키마 검증·선행 개발 전용
riawelc:data/raw/riawelc/RT/UNK/w00209_f1.png,riawelc,data/raw/riawelc/RT/UNK/w00209_f1.png,2e1c2de0bd17b9405b2a246281e7640f538df113540102f5d795f82d96e49665,224,224,RT,UNK,True,1,lack_of_penetration,402,LP,classification,False,01ff2797b2a6a39bf77d98be27f989ba89dbff0aa5f11df4bc911f258063c7da,grp_UNK_2e1c2de0bd17,4,UNK|lack_of_penetration,train,C2,,,none,,none,,riawelc-mock-v1,1,MOCK — 실이미지 없음. 스키마 검증·선행 개발 전용
riawelc:data/raw/riawelc/RT/UNK/w00110_f1.png,riawelc,data/raw/riawelc/RT/UNK/w00110_f1.png,2edf2e43ffd10cef0f7c172fc794a391369c141d12a2f79b5fa064534e6f77c9,224,224,RT,UNK,False,0,,,,classification,False,85819df8722fc3145a9efe5e4df82f23eba12f0da7597a0e002d319a1223ce13,grp_UNK_2edf2e43ffd1,2,UNK|__normal__,train,C1,,,none,,none,,riawelc-mock-v1,1,MOCK — 실이미지 없음. 스키마 검증·선행 개발 전용
riawelc:data/raw/riawelc/RT/UNK/w00158_f0.png,riawelc,data/raw/riawelc/RT/UNK/w00158_f0.png,2f01aa5f0af1ef3dbb879343e5ac7ce8e45a845e7c74510d7df9e0d0f19bf9ec,224,224,RT,UNK,False,0,,,,classification,False,a888dcff8b5143a02c8b1ed190474f12d4dead33f97155811aaaa38ed61837ff,grp_UNK_2f01aa5f0af1,1,UNK|__normal__,train,C3,,,none,,none,,riawelc-mock-v1,1,MOCK — 실이미지 없음. 스키마 검증·선행 개발 전용
riawelc:data/raw/riawelc/RT/UNK/w00138_f0.png,riawelc,data/raw/riawelc/RT/UNK/w00138_f0.png,2fdb95d8486b8b67747579013d274396d655cae083553286ce4d192dfd732873,224,224,RT,UNK,False,0,,,,classification,False,4d281b28ec503d7b685427ba48229a529863acbfbd1914db0112ca7124d55a97,grp_UNK_2fdb95d8486b,1,UNK|__normal__,train,C3,,,none,,none,,riawelc-mock-v1,1,MOCK — 실이미지 없음. 스키마 검증·선행 개발 전용
riawelc:data/raw/riawelc/RT/UNK/w00084_f0.png,riawelc,data/raw/riawelc/RT/UNK/w00084_f0.png,300dbfb2ea98574e6a355e231337ea75e0de022e053322b573b83506dc40632f,224,224,RT,UNK,True,1,lack_of_penetration,402,LP,classification,False,bfd5964dc42dad6dc2ce271ebf9c3a350e99f313054f032d8f31417093bbc762,grp_UNK_300dbfb2ea98,1,UNK|lack_of_penetration,train,C1,,,none,,none,,riawelc-mock-v1,1,MOCK — 실이미지 없음. 스키마 검증·선행 개발 전용
riawelc:data/raw/riawelc/RT/UNK/w00148_f0.png,riawelc,data/raw/riawelc/RT/UNK/w00148_f0.png,3038fca64cd4f4d5481e382b3788a78ef70004b47293e613c3da74bde972e86e,224,224,RT,UNK,True,1,lack_of_penetration,402,LP,classification,False,19bf3c5913e30e8b0df228c30dc1a0e61ed27647094cf2902e68278fbd9c6575,grp_UNK_3038fca64cd4,1,UNK|lack_of_penetration,train,C3,,,none,,none,,riawelc-mock-v1,1,MOCK — 실이미지 없음. 스키마 검증·선행 개발 전용
riawelc:data/raw/riawelc/RT/UNK/w00125_f0.png,riawelc,data/raw/riawelc/RT/UNK/w00125_f0.png,30be542aaecaf76daf13ae5c13ed078b8e89ab07eed88c6530c1df4cd6c794c3,224,224,RT,UNK,True,1,crack,100,CR,classification,False,4af9fa05c3a145a358a94ad40db7b6f76a44e1fe1fad8c7961f2fe385364900f,grp_UNK_30be542aaeca,1,UNK|crack,train,C3,,,none,,none,,riawelc-mock-v1,1,MOCK — 실이미지 없음. 스키마 검증·선행 개발 전용
riawelc:data/raw/riawelc/RT/UNK/w00201_f0.png,riawelc,data/raw/riawelc/RT/UNK/w00201_f0.png,30da5ede39c3fcdc1c711429c641ff4c37e5b0d6af74e594b71bd2c8db7c9814,224,224,RT,UNK,True,2,lack_of_penetration;porosity,2011;402,LP;PO,classification,False,d3ee463678a8c8dda72e57e34cb4a5dec3517dda99e8a496b78d4fe913cc6c43,grp_UNK_30da5ede39c3,1,UNK|porosity,train,C1,,,none,,none,,riawelc-mock-v1,1,MOCK — 실이미지 없음. 스키마 검증·선행 개발 전용
riawelc:data/raw/riawelc/RT/UNK/w00209_f0.png,riawelc,data/raw/riawelc/RT/UNK/w00209_f0.png,320470b04d5a7d5487007900df2402d17e941f98b65a69b84a6acdd60f90d941,224,224,RT,UNK,True,1,lack_of_penetration,402,LP,classification,False,01ff2797b2a6a39bf77d98be27f989ba89dbff0aa5f11df4bc911f258063c7da,grp_UNK_2e1c2de0bd17,4,UNK|lack_of_penetration,train,C2,,,none,,none,,riawelc-mock-v1,1,MOCK — 실이미지 없음. 스키마 검증·선행 개발 전용
riawelc:data/raw/riawelc/RT/UNK/w00050_f0.png,riawelc,data/raw/riawelc/RT/UNK/w00050_f0.png,32312dc428b890a6f87c05e19662b936dce9e1b24db13ef8e85f7481fafee155,224,224,RT,UNK,False,0,,,,classification,False,b03ab1a01ab5540c08fe105ae97e26822f435acf76fecbc08e950553cdfaf8bd,grp_UNK_32312dc428b8,1,UNK|__normal__,train,C3,,,none,,none,,riawelc-mock-v1,1,MOCK — 실이미지 없음. 스키마 검증·선행 개발 전용
riawelc:data/raw/riawelc/RT/UNK/w00149_f0.png,riawelc,data/raw/riawelc/RT/UNK/w00149_f0.png,338e9524dd43cc0d67db65a907a105bbf76ed6438c156cbbf27926f9a5d21f54,224,224,RT,UNK,True,1,crack,100,CR,classification,False,4b8c7fc93633c4e1a61d75789a4df9e16a8b61d78f0675c4b27a270190fd7a24,grp_UNK_338e9524dd43,1,UNK|crack,train,C3,,,none,,none,,riawelc-mock-v1,1,MOCK — 실이미지 없음. 스키마 검증·선행 개발 전용
riawelc:data/raw/riawelc/RT/UNK/w00153_f3.png,riawelc,data/raw/riawelc/RT/UNK/w00153_f3.png,34557abd27c90c1b7c604395fdb1e76ed7636246f05b91672b0ecbb79bf7e8f3,224,224,RT,UNK,False,0,,,,classification,False,056e0fa16ee6f0ca158ab8bd73c4fdeb7ecc2c0a9d0e0004d32d5fa8a1676504,grp_UNK_1320327ea224,4,UNK|__normal__,train,C3,,,none,,none,,riawelc-mock-v1,1,MOCK — 실이미지 없음. 스키마 검증·선행 개발 전용
riawelc:data/raw/riawelc/RT/UNK/w00083_f1.png,riawelc,data/raw/riawelc/RT/UNK/w00083_f1.png,374c148b87d89b497be1236d4d357764acadb2732dfe9036ca31aedd08927b15,224,224,RT,UNK,False,0,,,,classification,False,c334810d0ee1d5b5187341858e9e7407b8a839a0d712085966ca9fdc5d322d14,grp_UNK_374c148b87d8,3,UNK|__normal__,train,C3,,,none,,none,,riawelc-mock-v1,1,MOCK — 실이미지 없음. 스키마 검증·선행 개발 전용
riawelc:data/raw/riawelc/RT/UNK/w00102_f0.png,riawelc,data/raw/riawelc/RT/UNK/w00102_f0.png,37f07503c4dcfa83388e1d2e642d2f03934cffd9d61ba5ae9b68bb57a2a53473,224,224,RT,UNK,True,1,porosity,2011,PO,classification,False,08dac72c6ae8a13d656cc0fdcdfe3d49de25637bde0ca32153942ba3eb0e0484,grp_UNK_37f07503c4dc,1,UNK|porosity,train,C1,,,none,,none,,riawelc-mock-v1,1,MOCK — 실이미지 없음. 스키마 검증·선행 개발 전용
riawelc:data/raw/riawelc/RT/UNK/w00081_f0.png,riawelc,data/raw/riawelc/RT/UNK/w00081_f0.png,38867d4cbfbca4eda9f4dbe8ec895abef5862ef73ca5030537e23bfe90e80afa,224,224,RT,UNK,True,1,lack_of_penetration,402,LP,classification,False,e7493c8827493752cac29d267c5e90fbc632c6eb23f33bb8fa58427c9277399a,grp_UNK_1164b2fd9b34,4,UNK|lack_of_penetration,val,C1,,,none,,none,,riawelc-mock-v1,1,MOCK — 실이미지 없음. 스키마 검증·선행 개발 전용
riawelc:data/raw/riawelc/RT/UNK/w00072_f1.png,riawelc,data/raw/riawelc/RT/UNK/w00072_f1.png,389c7b7a5277cd55c4d7dd5ecfddc5bd5ba808aaee77d9fad502da37d304762d,224,224,RT,UNK,True,1,porosity,2011,PO,classification,False,fa513bc5af86c0bad76751ffacf44e8c9bf6da5be3682407ac8debaac74e9f16,grp_UNK_389c7b7a5277,4,UNK|porosity,eval,,judgment_2000,,none,,none,,riawelc-mock-v1,1,MOCK — 실이미지 없음. 스키마 검증·선행 개발 전용
riawelc:data/raw/riawelc/RT/UNK/w00054_f0.png,riawelc,data/raw/riawelc/RT/UNK/w00054_f0.png,39a59c5857e22802dabd27b8e86b1159a62f88b1827cfa61c30a71b2e1d9a01d,224,224,RT,UNK,True,1,porosity,2011,PO,classification,False,b425a1c96d5b52a845d202c66d61be17076249c1d8bb5b68e9c093542f7e8004,grp_UNK_39a59c5857e2,2,UNK|porosity,train,C1,,,none,,none,,riawelc-mock-v1,1,MOCK — 실이미지 없음. 스키마 검증·선행 개발 전용
riawelc:data/raw/riawelc/RT/UNK/w00080_f0.png,riawelc,data/raw/riawelc/RT/UNK/w00080_f0.png,3a80b2651a063e0319672b5acba0c5a99eeff0ae2373e9040f5b3bab000537b8,224,224,RT,UNK,True,1,lack_of_penetration,402,LP,classification,False,5ab67de8dfa501cac1806009766378440fee04b64100e40ed4c29f2e03869c10,grp_UNK_3a80b2651a06,3,UNK|lack_of_penetration,train,C3,,,none,,none,,riawelc-mock-v1,1,MOCK — 실이미지 없음. 스키마 검증·선행 개발 전용
riawelc:data/raw/riawelc/RT/UNK/w00207_f1.png,riawelc,data/raw/riawelc/RT/UNK/w00207_f1.png,3ad3950be3c4179df423108a948674e7581497fc7cb0b089acd6b971b8fed3d1,224,224,RT,UNK,True,2,crack;lack_of_penetration,100;402,CR;LP,classification,False,8e278802281e8d1be3fc5b19c251d4988b3e5d52bb25f9de60c7c8c0c30be1f0,grp_UNK_136239ba56a2,4,UNK|crack,train,C1,,,none,,none,,riawelc-mock-v1,1,MOCK — 실이미지 없음. 스키마 검증·선행 개발 전용
riawelc:data/raw/riawelc/RT/UNK/w00105_f0.png,riawelc,data/raw/riawelc/RT/UNK/w00105_f0.png,3b556c59f2d4238939d5bd1f5548d469459ba5fe1021c00778a59b3144c1de3f,224,224,RT,UNK,True,1,porosity,2011,PO,classification,False,e23010ba3c99273fe620156dd9d1cdb090199deab69c209af49322809aabcd36,grp_UNK_3b556c59f2d4,1,UNK|porosity,eval,,,,none,,none,,riawelc-mock-v1,1,MOCK — 실이미지 없음. 스키마 검증·선행 개발 전용
riawelc:data/raw/riawelc/RT/UNK/w00061_f0.png,riawelc,data/raw/riawelc/RT/UNK/w00061_f0.png,3bcbdd4f6ffb1652970562edab09a8fac041ce2d2495cf2beaa42d9630c8f16c,224,224,RT,UNK,False,0,,,,classification,False,27613f9400f574bcb4c85c7755cee379934b30e5d90dfbc663a1ed3b1c84bcca,grp_UNK_3bcbdd4f6ffb,1,UNK|__normal__,val,C1,,,none,,none,,riawelc-mock-v1,1,MOCK — 실이미지 없음. 스키마 검증·선행 개발 전용
riawelc:data/raw/riawelc/RT/UNK/w00111_f0.png,riawelc,data/raw/riawelc/RT/UNK/w00111_f0.png,3cc2aafb41b1c685b7ecdd230bc049aa9419403c9fb0f3e407eab35c9a567c0d,224,224,RT,UNK,True,1,lack_of_penetration,402,LP,classification,False,ef7a7a98708446d7c6355255f1e8f66842a8474866f029a3175cd362225a44cb,grp_UNK_3cc2aafb41b1,1,UNK|lack_of_penetration,train,C2,,,none,,none,,riawelc-mock-v1,1,MOCK — 실이미지 없음. 스키마 검증·선행 개발 전용
riawelc:data/raw/riawelc/RT/UNK/w00144_f0.png,riawelc,data/raw/riawelc/RT/UNK/w00144_f0.png,3dd253a9025da0551d4944feab6457364a3172a7ab20ba661e05623b86482c0b,224,224,RT,UNK,False,0,,,,classification,False,15e549d62517e2f7822012e2737cfbe5b5b00e86cc10b18b31dbed7311621ea5,grp_UNK_3dd253a9025d,1,UNK|__normal__,train,C2,,,none,,none,,riawelc-mock-v1,1,MOCK — 실이미지 없음. 스키마 검증·선행 개발 전용
riawelc:data/raw/riawelc/RT/UNK/w00043_f1.png,riawelc,data/raw/riawelc/RT/UNK/w00043_f1.png,3e53ee461875188ff7a4f5bde58424a5d30bc7fcc255ce7bb3e9ad39e7e0ecd6,224,224,RT,UNK,False,0,,,,classification,False,2227fefc70d2a596f4591702b178b201602efef66dff6e950b5609e1698c50d8,grp_UNK_3e53ee461875,2,UNK|__normal__,train,C1,,,none,,none,,riawelc-mock-v1,1,MOCK — 실이미지 없음. 스키마 검증·선행 개발 전용
riawelc:data/raw/riawelc/RT/UNK/w00094_f3.png,riawelc,data/raw/riawelc/RT/UNK/w00094_f3.png,3ed0ec665469806c3e748ff93037624532fff8a7a34bb3e10ac7252c7f443a1b,224,224,RT,UNK,False,0,,,,classification,False,6550775dafc470e95e5cb3137017d19c251d9d7ce69d5c1047a488513a1ab7bc,grp_UNK_3ed0ec665469,4,UNK|__normal__,train,C1,,,none,,none,,riawelc-mock-v1,1,MOCK — 실이미지 없음. 스키마 검증·선행 개발 전용
riawelc:data/raw/riawelc/RT/UNK/w00179_f0.png,riawelc,data/raw/riawelc/RT/UNK/w00179_f0.png,3f2b3d7f9418c4325a1880720fadf228cf23a6e6e746c2da55b2ce3b6f85af4e,224,224,RT,UNK,True,1,lack_of_penetration,402,LP,classification,False,63af4917539657c9a6a535d84cca559a219b1dee1dd31e5d012ddc2fc3931d21,grp_UNK_3f2b3d7f9418,1,UNK|lack_of_penetration,train,C2,,,none,,none,,riawelc-mock-v1,1,MOCK — 실이미지 없음. 스키마 검증·선행 개발 전용
riawelc:data/raw/riawelc/RT/UNK/w00034_f0.png,riawelc,data/raw/riawelc/RT/UNK/w00034_f0.png,3fdb0f5bbf1d6ed2986f823998ee3b53b5e78330b0303127e15f8e9ed8f52805,224,224,RT,UNK,True,1,lack_of_penetration,402,LP,classification,False,cd90eb02d1403ddc19f36cb745dfa9331defbf939909da9e1dbbd6afd43770c0,grp_UNK_3fdb0f5bbf1d,1,UNK|lack_of_penetration,train,C1,,,none,,none,,riawelc-mock-v1,1,MOCK — 실이미지 없음. 스키마 검증·선행 개발 전용
riawelc:data/raw/riawelc/RT/UNK/w00153_f1.png,riawelc,data/raw/riawelc/RT/UNK/w00153_f1.png,4013bf26e4f613cc0431f2f45af72c890576092c2d80ff9dc63083ba66d040e3,224,224,RT,UNK,False,0,,,,classification,False,056e0fa16ee6f0ca158ab8bd73c4fdeb7ecc2c0a9d0e0004d32d5fa8a1676504,grp_UNK_1320327ea224,4,UNK|__normal__,train,C3,,,none,,none,,riawelc-mock-v1,1,MOCK — 실이미지 없음. 스키마 검증·선행 개발 전용
riawelc:data/raw/riawelc/RT/UNK/w00204_f0.png,riawelc,data/raw/riawelc/RT/UNK/w00204_f0.png,40250bd16ea9e525ffff75ef78484115cd636a531e658381b7c0b80260877c5b,224,224,RT,UNK,True,1,porosity,2011,PO,classification,False,ca132f39e9b71b262a107495a373d980a2650221345a44c92d102419a87a9505,grp_UNK_40250bd16ea9,2,UNK|porosity,train,C3,,,none,,none,,riawelc-mock-v1,1,MOCK — 실이미지 없음. 스키마 검증·선행 개발 전용
riawelc:data/raw/riawelc/RT/UNK/w00071_f0.png,riawelc,data/raw/riawelc/RT/UNK/w00071_f0.png,40350c52daf2ae0aef7060182e526307a1f9e0b3ddb69f8484f1e3343ba1408f,224,224,RT,UNK,False,0,,,,classification,False,bb251bd4c2cb36f7be129dfcb6ec99413fbd4a197bb02c9d21aa5972d08e872d,grp_UNK_0e416338c055,2,UNK|__normal__,eval,,,,none,,none,,riawelc-mock-v1,1,MOCK — 실이미지 없음. 스키마 검증·선행 개발 전용
riawelc:data/raw/riawelc/RT/UNK/w00072_f0.png,riawelc,data/raw/riawelc/RT/UNK/w00072_f0.png,41aea2429c8b1b2d2aa4cbde20b792b84aecbbbdd1d4741e861066a4193d11b8,224,224,RT,UNK,True,1,porosity,2011,PO,classification,False,fa513bc5af86c0bad76751ffacf44e8c9bf6da5be3682407ac8debaac74e9f16,grp_UNK_389c7b7a5277,4,UNK|porosity,eval,,judgment_2000,,none,,none,,riawelc-mock-v1,1,MOCK — 실이미지 없음. 스키마 검증·선행 개발 전용
riawelc:data/raw/riawelc/RT/UNK/w00159_f0.png,riawelc,data/raw/riawelc/RT/UNK/w00159_f0.png,423ef7a42872f350d5aa4a474694b7b06e3cbf78d960f65f207bc034350fa673,224,224,RT,UNK,True,1,porosity,2011,PO,classification,False,12e0e95c9818b15874221773c54ae126699310e80d2f219916bab5e792e97f1d,grp_UNK_423ef7a42872,1,UNK|porosity,val,C1,,,none,,none,,riawelc-mock-v1,1,MOCK — 실이미지 없음. 스키마 검증·선행 개발 전용
riawelc:data/raw/riawelc/RT/UNK/w00184_f0.png,riawelc,data/raw/riawelc/RT/UNK/w00184_f0.png,4380a4ea58c111176d6bf5af7688c6947976c8db887973114f308c6087003da6,224,224,RT,UNK,True,1,porosity,2011,PO,classification,False,26e79e7bd01f57b69c680e960132f01b485336ab6b9ac0638c0c2d79931714b0,grp_UNK_07e3197f919f,3,UNK|porosity,train,C1,,,none,,none,,riawelc-mock-v1,1,MOCK — 실이미지 없음. 스키마 검증·선행 개발 전용
riawelc:data/raw/riawelc/RT/UNK/w00072_f3.png,riawelc,data/raw/riawelc/RT/UNK/w00072_f3.png,4453bd80b4e700f32afe592835ac8fa2219e6470e1ffbb43302e1eef6ffa34e4,224,224,RT,UNK,True,1,porosity,2011,PO,classification,False,fa513bc5af86c0bad76751ffacf44e8c9bf6da5be3682407ac8debaac74e9f16,grp_UNK_389c7b7a5277,4,UNK|porosity,eval,,judgment_2000,,none,,none,,riawelc-mock-v1,1,MOCK — 실이미지 없음. 스키마 검증·선행 개발 전용
riawelc:data/raw/riawelc/RT/UNK/w00078_f0.png,riawelc,data/raw/riawelc/RT/UNK/w00078_f0.png,453e6534dac5112b81108584dcda64ad07995771ca61f87af53899896e3582ff,224,224,RT,UNK,True,2,crack;lack_of_penetration,100;402,CR;LP,classification,False,ad326fd6e056431c3d76e4739f6d3473cc7019f29c33d7365eacab046f019f8e,grp_UNK_453e6534dac5,1,UNK|crack,train,C3,,,none,,none,,riawelc-mock-v1,1,MOCK — 실이미지 없음. 스키마 검증·선행 개발 전용
riawelc:data/raw/riawelc/RT/UNK/w00005_f0.png,riawelc,data/raw/riawelc/RT/UNK/w00005_f0.png,45a2860031f66b6f8f93c10c42c89db672b80c3d61895eca30f213419b49052b,224,224,RT,UNK,True,1,crack,100,CR,classification,False,9ecf4ef7dc323c431983d0da0f14555b446dacdebe03cb34be0231c0dc473bc2,grp_UNK_45a2860031f6,1,UNK|crack,eval,,,,none,,none,,riawelc-mock-v1,1,MOCK — 실이미지 없음. 스키마 검증·선행 개발 전용
riawelc:data/raw/riawelc/RT/UNK/w00031_f0.png,riawelc,data/raw/riawelc/RT/UNK/w00031_f0.png,484a3087b9a4e6d52a0437369d2831ead9647f57e9181f5c2795ffbe2390fc8a,224,224,RT,UNK,False,0,,,,classification,False,b46c8c12ffc4ff272563c13c3064e9ad2da74ff9efcb2af3c87c8d0dc22eb845,grp_UNK_484a3087b9a4,1,UNK|__normal__,eval,,,,none,,none,,riawelc-mock-v1,1,MOCK — 실이미지 없음. 스키마 검증·선행 개발 전용
riawelc:data/raw/riawelc/RT/UNK/w00112_f0.png,riawelc,data/raw/riawelc/RT/UNK/w00112_f0.png,48a955f7eb1985057c06f02c9b5509d8d5991cba50b4a547fdb35717e1e0c6f3,224,224,RT,UNK,True,1,lack_of_penetration,402,LP,classification,False,dacfadad91aad3be5af319e5e6aab23c6ced1302d7492f9b1f43a002db281fb7,grp_UNK_48a955f7eb19,1,UNK|lack_of_penetration,train,C1,,,none,,none,,riawelc-mock-v1,1,MOCK — 실이미지 없음. 스키마 검증·선행 개발 전용
riawelc:data/raw/riawelc/RT/UNK/w00178_f0.png,riawelc,data/raw/riawelc/RT/UNK/w00178_f0.png,4937df6e2de2f25bf6d61bd074a19bb427ba5c2c05f7755d5d43f4da0cda16d1,224,224,RT,UNK,True,1,lack_of_penetration,402,LP,classification,False,033d967e4e2cc8ef3fab59dbe7a2c7785a18007b64892131c6d78989ea3d7480,grp_UNK_4937df6e2de2,1,UNK|lack_of_penetration,train,C3,,,none,,none,,riawelc-mock-v1,1,MOCK — 실이미지 없음. 스키마 검증·선행 개발 전용
riawelc:data/raw/riawelc/RT/UNK/w00081_f2.png,riawelc,data/raw/riawelc/RT/UNK/w00081_f2.png,4a7336b57acf2a836255c755557bb2a3e41d40b182fecb7ef8d8f4f896275537,224,224,RT,UNK,True,1,lack_of_penetration,402,LP,classification,False,e7493c8827493752cac29d267c5e90fbc632c6eb23f33bb8fa58427c9277399a,grp_UNK_1164b2fd9b34,4,UNK|lack_of_penetration,val,C1,,,none,,none,,riawelc-mock-v1,1,MOCK — 실이미지 없음. 스키마 검증·선행 개발 전용
riawelc:data/raw/riawelc/RT/UNK/w00008_f1.png,riawelc,data/raw/riawelc/RT/UNK/w00008_f1.png,4b24de7e56ffd2c340db2b0000300f9add1eb976d63d256e20087bfd046e69f3,224,224,RT,UNK,True,1,lack_of_penetration,402,LP,classification,False,fc3ac8b5dddad780374ebe8ced95b3d919cdf132c5679da3557e7cdc1bef48ce,grp_UNK_4b24de7e56ff,4,UNK|lack_of_penetration,eval,,,,none,,none,,riawelc-mock-v1,1,MOCK — 실이미지 없음. 스키마 검증·선행 개발 전용
riawelc:data/raw/riawelc/RT/UNK/w00025_f0.png,riawelc,data/raw/riawelc/RT/UNK/w00025_f0.png,4d9edccc3a6f1a055a223052ea6390a9f72d27d63d467cecb7d55e46e3bd4d04,224,224,RT,UNK,True,1,porosity,2011,PO,classification,False,70aa2cd6a3425a5d941614551457273cc0f3401d85436caa1d50839ea57f0e10,grp_UNK_4d9edccc3a6f,1,UNK|porosity,val,C1,,,none,,none,,riawelc-mock-v1,1,MOCK — 실이미지 없음. 스키마 검증·선행 개발 전용
riawelc:data/raw/riawelc/RT/UNK/w00012_f0.png,riawelc,data/raw/riawelc/RT/UNK/w00012_f0.png,4ea92194bc960f078b09a1b174bd400ba3acc0ae57fcb19855260faec8923cc4,224,224,RT,UNK,False,0,,,,classification,False,fa767856dccc54478c4100850051f8f1cff39b376483f725cea3005d65e68f9f,grp_UNK_4ea92194bc96,1,UNK|__normal__,val,C2,,,none,,none,,riawelc-mock-v1,1,MOCK — 실이미지 없음. 스키마 검증·선행 개발 전용
riawelc:data/raw/riawelc/RT/UNK/w00020_f1.png,riawelc,data/raw/riawelc/RT/UNK/w00020_f1.png,4f1393dc95a19088837780251623dd8e308e9568b9a719d8447ab2cf83fa93ce,224,224,RT,UNK,True,1,lack_of_penetration,402,LP,classification,False,ac8dff20fcb31a1189a41d2b108f06e505b233d2ecb19f1db799fca3b77bb2d6,grp_UNK_4f1393dc95a1,2,UNK|lack_of_penetration,train,C3,,,none,,none,,riawelc-mock-v1,1,MOCK — 실이미지 없음. 스키마 검증·선행 개발 전용
riawelc:data/raw/riawelc/RT/UNK/w00202_f0.png,riawelc,data/raw/riawelc/RT/UNK/w00202_f0.png,51fb92e96868fa61b58ee6b0b9b49322dfce02f5c239fbeff0628e3ed9a2c2a3,224,224,RT,UNK,True,1,porosity,2011,PO,classification,False,0fddc0f83b8a9baa3d0523d1a77a492e9bb6bdbf8ee2459a0bfb17b4e6cb1133,grp_UNK_51fb92e96868,1,UNK|porosity,val,C3,,,none,,none,,riawelc-mock-v1,1,MOCK — 실이미지 없음. 스키마 검증·선행 개발 전용
riawelc:data/raw/riawelc/RT/UNK/w00003_f2.png,riawelc,data/raw/riawelc/RT/UNK/w00003_f2.png,52652db0497efd6a38ba48c197d81ea9000e1de9344800ed987ed8e2be24915f,224,224,RT,UNK,True,2,lack_of_penetration;porosity,2011;402,LP;PO,classification,False,7ee789f5849c0576df44ef1cf7aab19efb49ffc0f61e92a2fbfae24c5cd79c83,grp_UNK_05b465305123,4,UNK|porosity,train,C3,,,none,,none,,riawelc-mock-v1,1,MOCK — 실이미지 없음. 스키마 검증·선행 개발 전용
riawelc:data/raw/riawelc/RT/UNK/w00163_f0.png,riawelc,data/raw/riawelc/RT/UNK/w00163_f0.png,52b2fcf76fff50cc2b48eca815c3325cdf765545d945e066b7d2041e61b48e40,224,224,RT,UNK,True,1,porosity,2011,PO,classification,False,c82fdb30e3341847dc560f2cb0fa01248e88cb700d294845a095cfd460918cad,grp_UNK_52b2fcf76fff,1,UNK|porosity,train,C1,,,none,,none,,riawelc-mock-v1,1,MOCK — 실이미지 없음. 스키마 검증·선행 개발 전용
riawelc:data/raw/riawelc/RT/UNK/w00177_f0.png,riawelc,data/raw/riawelc/RT/UNK/w00177_f0.png,52caa47d61b026b52a9efb1eb50b357f089637d14e56d7ca9f6d0fabdfaefec2,224,224,RT,UNK,True,1,crack,100,CR,classification,False,90cd6e8710ab87103a5daa2840b29a533b032f4438bbdb76ec8abef297579975,grp_UNK_52caa47d61b0,1,UNK|crack,train,C2,,,none,,none,,riawelc-mock-v1,1,MOCK — 실이미지 없음. 스키마 검증·선행 개발 전용
riawelc:data/raw/riawelc/RT/UNK/w00098_f0.png,riawelc,data/raw/riawelc/RT/UNK/w00098_f0.png,552dc11a2e8e24d029ab46f499d2a67df6b91cc461e0c0bcceb4d3f3eb09c305,224,224,RT,UNK,True,1,porosity,2011,PO,classification,False,7f03f48768d4cd2a64163ef696a538ed0acdebd66398ef9794180675aff060c2,grp_UNK_552dc11a2e8e,1,UNK|porosity,train,C1,,,none,,none,,riawelc-mock-v1,1,MOCK — 실이미지 없음. 스키마 검증·선행 개발 전용
riawelc:data/raw/riawelc/RT/UNK/w00035_f0.png,riawelc,data/raw/riawelc/RT/UNK/w00035_f0.png,56108f680fc39b35767dea3a513a40a749607a0e5f66636dc544ef48a5cf4dad,224,224,RT,UNK,True,1,crack,100,CR,classification,False,41e62d7d02772d481169fed07e7dffbbdafa9db7e100b3d0f24b41d09cd964b9,grp_UNK_56108f680fc3,4,UNK|crack,train,C3,,,none,,none,,riawelc-mock-v1,1,MOCK — 실이미지 없음. 스키마 검증·선행 개발 전용
riawelc:data/raw/riawelc/RT/UNK/w00088_f1.png,riawelc,data/raw/riawelc/RT/UNK/w00088_f1.png,5a08955725a3c73446f461455d60bfd770f67c52272017e5d1724cc9079b0d80,224,224,RT,UNK,True,1,lack_of_penetration,402,LP,classification,False,9aa30af7a5ce5f6bc9665fda60a1f39ddb9a1e729d0982ec8b0cd548bc01bf96,grp_UNK_5a08955725a3,4,UNK|lack_of_penetration,val,C2,,,none,,none,,riawelc-mock-v1,1,MOCK — 실이미지 없음. 스키마 검증·선행 개발 전용
riawelc:data/raw/riawelc/RT/UNK/w00094_f1.png,riawelc,data/raw/riawelc/RT/UNK/w00094_f1.png,5a33a7ede32621e4e72185a8be2f0092da5eeb2f5097e71849280e546e144847,224,224,RT,UNK,False,0,,,,classification,False,6550775dafc470e95e5cb3137017d19c251d9d7ce69d5c1047a488513a1ab7bc,grp_UNK_3ed0ec665469,4,UNK|__normal__,train,C1,,,none,,none,,riawelc-mock-v1,1,MOCK — 실이미지 없음. 스키마 검증·선행 개발 전용
riawelc:data/raw/riawelc/RT/UNK/w00166_f0.png,riawelc,data/raw/riawelc/RT/UNK/w00166_f0.png,5b1922de99091afc0c24b2c3710bb467f278d300f2be332388c0cd8c8ec1230c,224,224,RT,UNK,True,1,porosity,2011,PO,classification,False,72e18c1360000355fe672aed93e3743c5c7622157bec7af90dd86a8d1907c6aa,grp_UNK_5b1922de9909,1,UNK|porosity,eval,,judgment_2000,,none,,none,,riawelc-mock-v1,1,MOCK — 실이미지 없음. 스키마 검증·선행 개발 전용
riawelc:data/raw/riawelc/RT/UNK/w00087_f0.png,riawelc,data/raw/riawelc/RT/UNK/w00087_f0.png,5bc3ae047e50d404446bd9751e72f7c4c6c140dfde929f5d055d8e662392bfec,224,224,RT,UNK,False,0,,,,classification,False,2b8caf28dc64f66ab38658554331ebdfce7be61a1c3e2d5388433cd464a42671,grp_UNK_5bc3ae047e50,1,UNK|__normal__,eval,,judgment_2000,,none,,none,,riawelc-mock-v1,1,MOCK — 실이미지 없음. 스키마 검증·선행 개발 전용
riawelc:data/raw/riawelc/RT/UNK/w00024_f0.png,riawelc,data/raw/riawelc/RT/UNK/w00024_f0.png,5bed4e797df70e87bb8044d33db1e16ea2c79b625eab2342a5730f84d278d402,224,224,RT,UNK,True,1,porosity,2011,PO,classification,False,19349664e5c6937c8764d6cd772f3499314015063c6be1ecd9386ed74ee91260,grp_UNK_5bed4e797df7,1,UNK|porosity,eval,,,,none,,none,,riawelc-mock-v1,1,MOCK — 실이미지 없음. 스키마 검증·선행 개발 전용
riawelc:data/raw/riawelc/RT/UNK/w00116_f1.png,riawelc,data/raw/riawelc/RT/UNK/w00116_f1.png,5e8565c00b694969fa5e3b961380dfc802ed0f00fc345bd4834e5827302d6552,224,224,RT,UNK,True,1,porosity,2011,PO,classification,False,de9b601cfb08631b43e379a10a937da1c6582ce08e3ad8055c95adf32550fef3,grp_UNK_5e8565c00b69,3,UNK|porosity,train,C2,,,none,,none,,riawelc-mock-v1,1,MOCK — 실이미지 없음. 스키마 검증·선행 개발 전용
riawelc:data/raw/riawelc/RT/UNK/w00108_f0.png,riawelc,data/raw/riawelc/RT/UNK/w00108_f0.png,5f88390a5af25a88df31be49978915236fcff7bf24da3fd14fecc4d0654a035a,224,224,RT,UNK,True,1,porosity,2011,PO,classification,False,094cbb5f24252fd044f258aa681d7ba8feb4c0973a91a40facb7442c328b42bf,grp_UNK_5f88390a5af2,2,UNK|porosity,eval,,,,none,,none,,riawelc-mock-v1,1,MOCK — 실이미지 없음. 스키마 검증·선행 개발 전용
riawelc:data/raw/riawelc/RT/UNK/w00016_f1.png,riawelc,data/raw/riawelc/RT/UNK/w00016_f1.png,6029a904e07d7fabd60277d948a642d08bb64ec6a67e46b55b1aa0a252c69edd,224,224,RT,UNK,False,0,,,,classification,False,850b289b423a5cba12a4b9c5be5c79b67d79e60ea9893dfcd4b2a2322f2ca542,grp_UNK_6029a904e07d,2,UNK|__normal__,eval,,,,none,,none,,riawelc-mock-v1,1,MOCK — 실이미지 없음. 스키마 검증·선행 개발 전용
riawelc:data/raw/riawelc/RT/UNK/w00093_f0.png,riawelc,data/raw/riawelc/RT/UNK/w00093_f0.png,607e0b6834fdd5e4e208915af3c70337485416bb03d7ba89ef181e4c914b5888,224,224,RT,UNK,True,1,porosity,2011,PO,classification,False,38c1971c3b9555eb2f41e099783b1c0a8e9e24d7586c1246e144c390c3b1d4e5,grp_UNK_607e0b6834fd,1,UNK|porosity,train,C3,,,none,,none,,riawelc-mock-v1,1,MOCK — 실이미지 없음. 스키마 검증·선행 개발 전용
riawelc:data/raw/riawelc/RT/UNK/w00096_f1.png,riawelc,data/raw/riawelc/RT/UNK/w00096_f1.png,61b52a542c9e5ea2c038b3588bb0d2e24edcb969ad9b4f6a6453ed748a70d360,224,224,RT,UNK,True,1,porosity,2011,PO,classification,False,20a9dbd6d304a0fe9d8f61719ccc4a4fd029404cf089caede7a2514a7a54467e,grp_UNK_1e3f1efae612,3,UNK|porosity,eval,,judgment_2000,,none,,none,,riawelc-mock-v1,1,MOCK — 실이미지 없음. 스키마 검증·선행 개발 전용
riawelc:data/raw/riawelc/RT/UNK/w00008_f2.png,riawelc,data/raw/riawelc/RT/UNK/w00008_f2.png,623134613c59b5fcbbd80f9e105781d165056098b6df5e6476198a32a136feba,224,224,RT,UNK,True,1,lack_of_penetration,402,LP,classification,False,fc3ac8b5dddad780374ebe8ced95b3d919cdf132c5679da3557e7cdc1bef48ce,grp_UNK_4b24de7e56ff,4,UNK|lack_of_penetration,eval,,,,none,,none,,riawelc-mock-v1,1,MOCK — 실이미지 없음. 스키마 검증·선행 개발 전용
riawelc:data/raw/riawelc/RT/UNK/w00146_f0.png,riawelc,data/raw/riawelc/RT/UNK/w00146_f0.png,62b5fabb00e68614441ee5afa276d96fd0167947ec6bae71287d90fde372f1e3,224,224,RT,UNK,True,1,lack_of_penetration,402,LP,classification,False,1f94ad2af74750350bdd5225f8e4d89d41bbdd0eb3359cbb5f8ed0097f38d9f0,grp_UNK_62b5fabb00e6,1,UNK|lack_of_penetration,train,C1,,,none,,none,,riawelc-mock-v1,1,MOCK — 실이미지 없음. 스키마 검증·선행 개발 전용
riawelc:data/raw/riawelc/RT/UNK/w00027_f1.png,riawelc,data/raw/riawelc/RT/UNK/w00027_f1.png,642ae3296233b29ad6cb2a65e672159a71b47be948b8e5065505ad8165827cdc,224,224,RT,UNK,True,1,porosity,2011,PO,classification,False,b4139e0f6b91d558367fd9f72856c99fb589e180bbd7f514ba861b51295d2e2d,grp_UNK_642ae3296233,2,UNK|porosity,train,C2,,,none,,none,,riawelc-mock-v1,1,MOCK — 실이미지 없음. 스키마 검증·선행 개발 전용
riawelc:data/raw/riawelc/RT/UNK/w00076_f0.png,riawelc,data/raw/riawelc/RT/UNK/w00076_f0.png,64dc752cb3ac6ac881ff584d9998a9a74579bdd42899af983c61d6af18f7a060,224,224,RT,UNK,True,1,crack,100,CR,classification,False,0619aa495996fe2a90ee816a39edd712d8ae60df2a758cdfcc639f45eab01506,grp_UNK_64dc752cb3ac,1,UNK|crack,train,C1,,,none,,none,,riawelc-mock-v1,1,MOCK — 실이미지 없음. 스키마 검증·선행 개발 전용
riawelc:data/raw/riawelc/RT/UNK/w00043_f0.png,riawelc,data/raw/riawelc/RT/UNK/w00043_f0.png,659ad0d5c303a696f9305979ecbab647e98e65365df504cdb84edd35bbc4efcd,224,224,RT,UNK,False,0,,,,classification,False,2227fefc70d2a596f4591702b178b201602efef66dff6e950b5609e1698c50d8,grp_UNK_3e53ee461875,2,UNK|__normal__,train,C1,,,none,,none,,riawelc-mock-v1,1,MOCK — 실이미지 없음. 스키마 검증·선행 개발 전용
riawelc:data/raw/riawelc/RT/UNK/w00069_f0.png,riawelc,data/raw/riawelc/RT/UNK/w00069_f0.png,6717e87b000d2779e2a6f5488507f3db6f38ad987401aaeb2e17df6efed27cdd,224,224,RT,UNK,False,0,,,,classification,False,ebcab1d5b1205191a77965b144dedebe452bf65704cf46ae3858a0e03fc55377,grp_UNK_6717e87b000d,1,UNK|__normal__,eval,,judgment_2000,,none,,none,,riawelc-mock-v1,1,MOCK — 실이미지 없음. 스키마 검증·선행 개발 전용
riawelc:data/raw/riawelc/RT/UNK/w00168_f1.png,riawelc,data/raw/riawelc/RT/UNK/w00168_f1.png,68928599543ec2ca3ade2d78adba14d384dcece790cb4704e7f2bc9bcdd89f73,224,224,RT,UNK,True,2,lack_of_penetration;porosity,2011;402,LP;PO,classification,False,8ed9f118aac521e5e3996ebcf301b7b1e5583904160fe7b2a1f2f644a04a771a,grp_UNK_00d48bb1d11c,3,UNK|porosity,train,C3,,,none,,none,,riawelc-mock-v1,1,MOCK — 실이미지 없음. 스키마 검증·선행 개발 전용
riawelc:data/raw/riawelc/RT/UNK/w00117_f0.png,riawelc,data/raw/riawelc/RT/UNK/w00117_f0.png,6b22a6dc5971fd5c1fb1e7f1f1ca4d83ba064b2f1b38e99510ddd414fc1def74,224,224,RT,UNK,True,1,lack_of_penetration,402,LP,classification,False,1a09da36cb32a21cf79068b97dd47cb9dee10dae0cf03bce197b827945a13f07,grp_UNK_6b22a6dc5971,1,UNK|lack_of_penetration,train,C3,,,none,,none,,riawelc-mock-v1,1,MOCK — 실이미지 없음. 스키마 검증·선행 개발 전용
riawelc:data/raw/riawelc/RT/UNK/w00143_f0.png,riawelc,data/raw/riawelc/RT/UNK/w00143_f0.png,6f848ecf164e65c221c7f7e32387bc1399b99b86b21babd34b2f5122cba9e45e,224,224,RT,UNK,True,1,lack_of_penetration,402,LP,classification,False,0aa44c3acb32d213e996416bcdfa569bb5bab065968e1153eec139e9080b2f0e,grp_UNK_6f848ecf164e,1,UNK|lack_of_penetration,train,C3,,,none,,none,,riawelc-mock-v1,1,MOCK — 실이미지 없음. 스키마 검증·선행 개발 전용
riawelc:data/raw/riawelc/RT/UNK/w00116_f0.png,riawelc,data/raw/riawelc/RT/UNK/w00116_f0.png,6fba11c00f944a57ca0b27c56f6752c093432fe9d8d7ce2698b929da86152f76,224,224,RT,UNK,True,1,porosity,2011,PO,classification,False,de9b601cfb08631b43e379a10a937da1c6582ce08e3ad8055c95adf32550fef3,grp_UNK_5e8565c00b69,3,UNK|porosity,train,C2,,,none,,none,,riawelc-mock-v1,1,MOCK — 실이미지 없음. 스키마 검증·선행 개발 전용
riawelc:data/raw/riawelc/RT/UNK/w00074_f2.png,riawelc,data/raw/riawelc/RT/UNK/w00074_f2.png,702c13b39ccfdd37d38e7b6777f67dbc629b7012880a56ee1de564954bf73791,224,224,RT,UNK,False,0,,,,classification,False,c70ff34e2ed355182e662221fedd07ba3d9c9d9d5058ddc3f4f37669f9b7d3e3,grp_UNK_0746ba3fdce9,3,UNK|__normal__,train,C3,,,none,,none,,riawelc-mock-v1,1,MOCK — 실이미지 없음. 스키마 검증·선행 개발 전용
riawelc:data/raw/riawelc/RT/UNK/w00181_f0.png,riawelc,data/raw/riawelc/RT/UNK/w00181_f0.png,705f3ee7f2dbe3d49c3e28f6ca9183389d85f2465d3cb27a1043c2835e5b3140,224,224,RT,UNK,True,1,porosity,2011,PO,classification,False,b2e396b43ccab92c6e2a72916044a43fc01192221b1625217fe698f2f00d1897,grp_UNK_705f3ee7f2db,1,UNK|porosity,train,C3,,,none,,none,,riawelc-mock-v1,1,MOCK — 실이미지 없음. 스키마 검증·선행 개발 전용
riawelc:data/raw/riawelc/RT/UNK/w00139_f0.png,riawelc,data/raw/riawelc/RT/UNK/w00139_f0.png,707e090b7921310b67c6eebd3924cfba8a732ea41610607c986d30ad75773e5c,224,224,RT,UNK,True,1,porosity,2011,PO,classification,False,3369d4e4ab7f58a610f92f52c290566aaa1cc9fb96c28fd860de2f47304b2b2b,grp_UNK_707e090b7921,1,UNK|porosity,train,C1,,,none,,none,,riawelc-mock-v1,1,MOCK — 실이미지 없음. 스키마 검증·선행 개발 전용
riawelc:data/raw/riawelc/RT/UNK/w00083_f2.png,riawelc,data/raw/riawelc/RT/UNK/w00083_f2.png,709c29626c2507963e2f5d7243f867dfd53dcd7f5eec522445902f38b8b5db00,224,224,RT,UNK,False,0,,,,classification,False,c334810d0ee1d5b5187341858e9e7407b8a839a0d712085966ca9fdc5d322d14,grp_UNK_374c148b87d8,3,UNK|__normal__,train,C3,,,none,,none,,riawelc-mock-v1,1,MOCK — 실이미지 없음. 스키마 검증·선행 개발 전용
riawelc:data/raw/riawelc/RT/UNK/w00088_f3.png,riawelc,data/raw/riawelc/RT/UNK/w00088_f3.png,70c9d34034b88e83f29e6a2830fd260c0f4d05684a3b0cd1807a2ddecb1ad956,224,224,RT,UNK,True,1,lack_of_penetration,402,LP,classification,False,9aa30af7a5ce5f6bc9665fda60a1f39ddb9a1e729d0982ec8b0cd548bc01bf96,grp_UNK_5a08955725a3,4,UNK|lack_of_penetration,val,C2,,,none,,none,,riawelc-mock-v1,1,MOCK — 실이미지 없음. 스키마 검증·선행 개발 전용
riawelc:data/raw/riawelc/RT/UNK/w00108_f1.png,riawelc,data/raw/riawelc/RT/UNK/w00108_f1.png,712ca087828857b063b38d5767ae417bbd2e41a93ba11ed204e1ea03555f4c18,224,224,RT,UNK,True,1,porosity,2011,PO,classification,False,094cbb5f24252fd044f258aa681d7ba8feb4c0973a91a40facb7442c328b42bf,grp_UNK_5f88390a5af2,2,UNK|porosity,eval,,,,none,,none,,riawelc-mock-v1,1,MOCK — 실이미지 없음. 스키마 검증·선행 개발 전용
riawelc:data/raw/riawelc/RT/UNK/w00153_f2.png,riawelc,data/raw/riawelc/RT/UNK/w00153_f2.png,713d9a5caf3bcf7a713f0c6cf87a207220f02b86f019b04802ad364cdee722d6,224,224,RT,UNK,False,0,,,,classification,False,056e0fa16ee6f0ca158ab8bd73c4fdeb7ecc2c0a9d0e0004d32d5fa8a1676504,grp_UNK_1320327ea224,4,UNK|__normal__,train,C3,,,none,,none,,riawelc-mock-v1,1,MOCK — 실이미지 없음. 스키마 검증·선행 개발 전용
riawelc:data/raw/riawelc/RT/UNK/w00174_f0.png,riawelc,data/raw/riawelc/RT/UNK/w00174_f0.png,7161d2aff6e38ce0d77c37472814cebba503286afe7e918f0275722dc7db80a1,224,224,RT,UNK,True,2,lack_of_penetration;porosity,2011;402,LP;PO,classification,False,9ef51adb1ae2398824e8c488fa53c3d42eb74c431e664fe1742010b67f49c0a8,grp_UNK_7161d2aff6e3,1,UNK|porosity,train,C2,,,none,,none,,riawelc-mock-v1,1,MOCK — 실이미지 없음. 스키마 검증·선행 개발 전용
riawelc:data/raw/riawelc/RT/UNK/w00161_f1.png,riawelc,data/raw/riawelc/RT/UNK/w00161_f1.png,71f3c4b8d59d505524fdb00b031598a8d7ba7ca16f98a636b6264b3cc2ba6c71,224,224,RT,UNK,True,1,crack,100,CR,classification,False,d8f72a1896703c94c3ac7635c2367b1f030027a4853ce05b72a8fe881f4ae75f,grp_UNK_0de6864ec841,2,UNK|crack,train,C2,,,none,,none,,riawelc-mock-v1,1,MOCK — 실이미지 없음. 스키마 검증·선행 개발 전용
riawelc:data/raw/riawelc/RT/UNK/w00171_f0.png,riawelc,data/raw/riawelc/RT/UNK/w00171_f0.png,724565bbb73362c43d525eeda695b79c9d348371d3dcf604963e68d9d22a5cd5,224,224,RT,UNK,True,1,crack,100,CR,classification,False,be41216cb003f87fbcf46d7b42a071388f2c1a069748787149e10bb014b8ac9b,grp_UNK_724565bbb733,1,UNK|crack,train,C1,,,none,,none,,riawelc-mock-v1,1,MOCK — 실이미지 없음. 스키마 검증·선행 개발 전용
riawelc:data/raw/riawelc/RT/UNK/w00170_f0.png,riawelc,data/raw/riawelc/RT/UNK/w00170_f0.png,72936a7e8bf723671116045d16aebd67c317aea7abf67ba6b5c2b1467f6f8635,224,224,RT,UNK,True,1,porosity,2011,PO,classification,False,b504feabb739ff5c58aeec8af9997017d0ed1e4b628d0cc86392b0c6d46f058f,grp_UNK_72936a7e8bf7,1,UNK|porosity,train,C1,,,none,,none,,riawelc-mock-v1,1,MOCK — 실이미지 없음. 스키마 검증·선행 개발 전용
riawelc:data/raw/riawelc/RT/UNK/w00210_f0.png,riawelc,data/raw/riawelc/RT/UNK/w00210_f0.png,73098119c3ec50eb5373356a8fecc36a14d7f6cca8d77360736ec2dab0c3ec35,224,224,RT,UNK,True,1,lack_of_penetration,402,LP,classification,False,aa9b20fd7473f92de89d2f10a0e840d62bfbe7d29f5b092d5d3e0b1c5392b25e,grp_UNK_73098119c3ec,1,UNK|lack_of_penetration,train,C1,,,none,,none,,riawelc-mock-v1,1,MOCK — 실이미지 없음. 스키마 검증·선행 개발 전용
riawelc:data/raw/riawelc/RT/UNK/w00211_f0.png,riawelc,data/raw/riawelc/RT/UNK/w00211_f0.png,7319332ebecd4f9dded521ee1b066639fff1b4419e24a6ceef268419de439cd2,224,224,RT,UNK,True,1,porosity,2011,PO,classification,False,a2ae3ddacf4e56b0678d86285e81ae1d0ca353adfe06afc6254e184c7bb26ab6,grp_UNK_7319332ebecd,1,UNK|porosity,train,C2,,,none,,none,,riawelc-mock-v1,1,MOCK — 실이미지 없음. 스키마 검증·선행 개발 전용
riawelc:data/raw/riawelc/RT/UNK/w00207_f3.png,riawelc,data/raw/riawelc/RT/UNK/w00207_f3.png,735e46e9bf47979b856029f1e40b464a8fdf1d88f55f350a3f8e39780ff25b34,224,224,RT,UNK,True,2,crack;lack_of_penetration,100;402,CR;LP,classification,False,8e278802281e8d1be3fc5b19c251d4988b3e5d52bb25f9de60c7c8c0c30be1f0,grp_UNK_136239ba56a2,4,UNK|crack,train,C1,,,none,,none,,riawelc-mock-v1,1,MOCK — 실이미지 없음. 스키마 검증·선행 개발 전용
riawelc:data/raw/riawelc/RT/UNK/w00198_f2.png,riawelc,data/raw/riawelc/RT/UNK/w00198_f2.png,755f242b804bdf19186d7a4f859c994a6968860cade8f32816b2dff49758dd02,224,224,RT,UNK,True,1,lack_of_penetration,402,LP,classification,False,ace1c51062f72786076c79c046db212779f65497bbc07704a4cab710c6b9a073,grp_UNK_06ef81300663,3,UNK|lack_of_penetration,train,C1,,,none,,none,,riawelc-mock-v1,1,MOCK — 실이미지 없음. 스키마 검증·선행 개발 전용
riawelc:data/raw/riawelc/RT/UNK/w00133_f0.png,riawelc,data/raw/riawelc/RT/UNK/w00133_f0.png,75fa5376f68fad385d8a021174212a0f7cd066d75bb81363a296bca5da690b92,224,224,RT,UNK,True,1,porosity,2011,PO,classification,False,8f3d7cc8f307a39ba097d256725cb228298cb684603e8d84663599c7d6570d33,grp_UNK_75fa5376f68f,1,UNK|porosity,train,C3,,,none,,none,,riawelc-mock-v1,1,MOCK — 실이미지 없음. 스키마 검증·선행 개발 전용
riawelc:data/raw/riawelc/RT/UNK/w00026_f1.png,riawelc,data/raw/riawelc/RT/UNK/w00026_f1.png,760d3ee441209b890e8311c14b834e12c729d8693e3117965fe558e579ad9c50,224,224,RT,UNK,True,1,porosity,2011,PO,classification,False,a178633cad71a53f2ce6dcb1d8a0388aab0c83b2f35362f2e4c565254dde3113,grp_UNK_760d3ee44120,4,UNK|porosity,train,C2,,,none,,none,,riawelc-mock-v1,1,MOCK — 실이미지 없음. 스키마 검증·선행 개발 전용
riawelc:data/raw/riawelc/RT/UNK/w00028_f0.png,riawelc,data/raw/riawelc/RT/UNK/w00028_f0.png,7619fb055ca40f9d5535493848f417ba8a6994f1fbbce11c1ca6de7d03105ba9,224,224,RT,UNK,False,0,,,,classification,False,3c2af384a4beb6b22d42cac2185f1dc31bf8db654eea278374e8911487bd54de,grp_UNK_7619fb055ca4,1,UNK|__normal__,train,C3,,,none,,none,,riawelc-mock-v1,1,MOCK — 실이미지 없음. 스키마 검증·선행 개발 전용
riawelc:data/raw/riawelc/RT/UNK/w00046_f1.png,riawelc,data/raw/riawelc/RT/UNK/w00046_f1.png,76497add8b9d9822dd7f00945d06ba35065a7c8a70dc4ad639c73f96b21716be,224,224,RT,UNK,True,1,crack,100,CR,classification,False,c7d744f92916dd16e0548c682f0ce5c8f434d383540e811383e3894e6c9a873e,grp_UNK_76497add8b9d,2,UNK|crack,eval,,,,none,,none,,riawelc-mock-v1,1,MOCK — 실이미지 없음. 스키마 검증·선행 개발 전용
riawelc:data/raw/riawelc/RT/UNK/w00081_f1.png,riawelc,data/raw/riawelc/RT/UNK/w00081_f1.png,76be830b0f3907d5ce91428df0f2d6464086664322acc265a8f338ceccf03111,224,224,RT,UNK,True,1,lack_of_penetration,402,LP,classification,False,e7493c8827493752cac29d267c5e90fbc632c6eb23f33bb8fa58427c9277399a,grp_UNK_1164b2fd9b34,4,UNK|lack_of_penetration,val,C1,,,none,,none,,riawelc-mock-v1,1,MOCK — 실이미지 없음. 스키마 검증·선행 개발 전용
riawelc:data/raw/riawelc/RT/UNK/w00189_f0.png,riawelc,data/raw/riawelc/RT/UNK/w00189_f0.png,7779fae38e6dabd815292d3605c28d9a9a7a9f92db6a3298e4683b6e4921eb95,224,224,RT,UNK,False,0,,,,classification,False,f5eccf4f08e88db57a83f2e112e0fd27bb270eaf4fac1dbb2e38b9ebbb2be242,grp_UNK_7779fae38e6d,1,UNK|__normal__,train,C3,,,none,,none,,riawelc-mock-v1,1,MOCK — 실이미지 없음. 스키마 검증·선행 개발 전용
riawelc:data/raw/riawelc/RT/UNK/w00106_f0.png,riawelc,data/raw/riawelc/RT/UNK/w00106_f0.png,77b5766da622b6e544d8c8ee05f1bf297bcad4a876627ccd06c58aa4bf0ce57d,224,224,RT,UNK,True,1,crack,100,CR,classification,False,96b98190ab5d26e8ded519942c9d1ad26f9f5a9dd3f31ee15a87f79564b6cdf5,grp_UNK_0795132fd173,4,UNK|crack,val,C3,,,none,,none,,riawelc-mock-v1,1,MOCK — 실이미지 없음. 스키마 검증·선행 개발 전용
riawelc:data/raw/riawelc/RT/UNK/w00046_f0.png,riawelc,data/raw/riawelc/RT/UNK/w00046_f0.png,78d089af05e8da329c5434af6a5b8a1da9e747fddc75f21d1e58c258cb26bb17,224,224,RT,UNK,True,1,crack,100,CR,classification,False,c7d744f92916dd16e0548c682f0ce5c8f434d383540e811383e3894e6c9a873e,grp_UNK_76497add8b9d,2,UNK|crack,eval,,,,none,,none,,riawelc-mock-v1,1,MOCK — 실이미지 없음. 스키마 검증·선행 개발 전용
riawelc:data/raw/riawelc/RT/UNK/w00000_f0.png,riawelc,data/raw/riawelc/RT/UNK/w00000_f0.png,79fcc4187ce311fb15f2451a4743bccdcece941dd982ca182e2bd3818d0633d7,224,224,RT,UNK,True,1,porosity,2011,PO,classification,False,83b1e1179a8d0e0f93a1218a79594a3d1cb8f4ba00655b7462a33a73bccb531e,grp_UNK_79fcc4187ce3,1,UNK|porosity,train,C2,,,none,,none,,riawelc-mock-v1,1,MOCK — 실이미지 없음. 스키마 검증·선행 개발 전용
riawelc:data/raw/riawelc/RT/UNK/w00120_f1.png,riawelc,data/raw/riawelc/RT/UNK/w00120_f1.png,7a015ee45ac7e43ce477c6af163abdd0a9e1aee3a41360da73fcb3745b3e5d16,224,224,RT,UNK,True,1,lack_of_penetration,402,LP,classification,False,a15387a43b33ac2c9f0ea9763e01566f0c274a8a782a06dd087ffc7b71552acb,grp_UNK_7a015ee45ac7,3,UNK|lack_of_penetration,eval,,,,none,,none,,riawelc-mock-v1,1,MOCK — 실이미지 없음. 스키마 검증·선행 개발 전용
riawelc:data/raw/riawelc/RT/UNK/w00154_f0.png,riawelc,data/raw/riawelc/RT/UNK/w00154_f0.png,7ab4f68f257552eef191caa1b845e4abd9dd7270ac6175e87b02f310b493008c,224,224,RT,UNK,True,1,lack_of_penetration,402,LP,classification,False,ee328000595c7ed3462390b068b4392c7590b57ef026a60878480d1a02bc2ed0,grp_UNK_7ab4f68f2575,1,UNK|lack_of_penetration,train,C2,,,none,,none,,riawelc-mock-v1,1,MOCK — 실이미지 없음. 스키마 검증·선행 개발 전용
riawelc:data/raw/riawelc/RT/UNK/w00026_f2.png,riawelc,data/raw/riawelc/RT/UNK/w00026_f2.png,7ae67a633951359dd910e8630d43a66c0283fe7e36259684a7577fcaf138cdfb,224,224,RT,UNK,True,1,porosity,2011,PO,classification,False,a178633cad71a53f2ce6dcb1d8a0388aab0c83b2f35362f2e4c565254dde3113,grp_UNK_760d3ee44120,4,UNK|porosity,train,C2,,,none,,none,,riawelc-mock-v1,1,MOCK — 실이미지 없음. 스키마 검증·선행 개발 전용
riawelc:data/raw/riawelc/RT/UNK/w00160_f0.png,riawelc,data/raw/riawelc/RT/UNK/w00160_f0.png,7b1a28451f0d43659a58f24056ac93dae02201d7903f4d5f31ca72bdd883ebbd,224,224,RT,UNK,True,1,porosity,2011,PO,classification,False,30fa2dfe876ce63baa108f49122424af8f5a2881eb6b2fba4894e4dae25a2185,grp_UNK_7b1a28451f0d,1,UNK|porosity,train,C1,,,none,,none,,riawelc-mock-v1,1,MOCK — 실이미지 없음. 스키마 검증·선행 개발 전용
riawelc:data/raw/riawelc/RT/UNK/w00118_f0.png,riawelc,data/raw/riawelc/RT/UNK/w00118_f0.png,7b5bb2f9bb14cf190d6d7704f7c6df50ed1865440487eb42f54a58f9c123aaa9,224,224,RT,UNK,False,0,,,,classification,False,86dda0b4190bc2593de5999094b788b9cd8d160da8802fa247a23652797e576b,grp_UNK_7b5bb2f9bb14,2,UNK|__normal__,train,C3,,,none,,none,,riawelc-mock-v1,1,MOCK — 실이미지 없음. 스키마 검증·선행 개발 전용
riawelc:data/raw/riawelc/RT/UNK/w00036_f0.png,riawelc,data/raw/riawelc/RT/UNK/w00036_f0.png,7bf23dbf5b0e993c2aa3ba61616627858c694adda61cc9ac5b1f5cbd81b1cf2c,224,224,RT,UNK,True,1,lack_of_penetration,402,LP,classification,False,e6678fc7c265fc88c93fa25a23ecc6b726f2e69c55957ce8086c5139964f412f,grp_UNK_138331804ac1,4,UNK|lack_of_penetration,train,C2,,,none,,none,,riawelc-mock-v1,1,MOCK — 실이미지 없음. 스키마 검증·선행 개발 전용
riawelc:data/raw/riawelc/RT/UNK/w00047_f2.png,riawelc,data/raw/riawelc/RT/UNK/w00047_f2.png,7da9e34470948d8b4c8c98d9e31ce279366cef05c114a4cb61dff44d82ec5d34,224,224,RT,UNK,False,0,,,,classification,False,0e8589dc4f69e983280c0318fe9849d96da04c8cf62ba8b79935b2234720139f,grp_UNK_04972ae15fa2,4,UNK|__normal__,eval,,,,none,,none,,riawelc-mock-v1,1,MOCK — 실이미지 없음. 스키마 검증·선행 개발 전용
riawelc:data/raw/riawelc/RT/UNK/w00092_f0.png,riawelc,data/raw/riawelc/RT/UNK/w00092_f0.png,7f8f3703ebe5f50f9db6d503ab826df7a94f0624910672b8861a87c2f0193996,224,224,RT,UNK,True,2,lack_of_penetration;porosity,2011;402,LP;PO,classification,False,c6652641331d3cf09f901de6740956c602ffca7de6630953673248d29204bb1d,grp_UNK_7f8f3703ebe5,1,UNK|porosity,train,C3,,,none,,none,,riawelc-mock-v1,1,MOCK — 실이미지 없음. 스키마 검증·선행 개발 전용
riawelc:data/raw/riawelc/RT/UNK/w00114_f0.png,riawelc,data/raw/riawelc/RT/UNK/w00114_f0.png,808e23b5f0532bdb9f4d5329f97dc1038c7979cb2606a553dfa2ebae5addd7d5,224,224,RT,UNK,True,2,crack;porosity,100;2011,CR;PO,classification,False,dedc0a64ffae7fc0e26e62024b55e3e7e70348dd04e33458fbf0ad64e88e7276,grp_UNK_808e23b5f053,1,UNK|crack,train,C2,,,none,,none,,riawelc-mock-v1,1,MOCK — 실이미지 없음. 스키마 검증·선행 개발 전용
riawelc:data/raw/riawelc/RT/UNK/w00172_f0.png,riawelc,data/raw/riawelc/RT/UNK/w00172_f0.png,81ef37ec2e7aad94b506164852a551e51762bfbe828c7a81d2799e1d05a5a988,224,224,RT,UNK,True,2,crack;porosity,100;2011,CR;PO,classification,False,66711a955050770e93731bce3e40259f33d8bc853e63944507f54b071600ae99,grp_UNK_81ef37ec2e7a,1,UNK|crack,train,C3,,,none,,none,,riawelc-mock-v1,1,MOCK — 실이미지 없음. 스키마 검증·선행 개발 전용
riawelc:data/raw/riawelc/RT/UNK/w00022_f1.png,riawelc,data/raw/riawelc/RT/UNK/w00022_f1.png,82019f202ada88a1cde778fb2ff2893dd511261b9699440ab15fb10c134686f7,224,224,RT,UNK,False,0,,,,classification,False,7c31180da867f7cb1dd0b5be18c5b9164ca546281ef3d41bef3a378ebd269d4f,grp_UNK_82019f202ada,2,UNK|__normal__,train,C3,,,none,,none,,riawelc-mock-v1,1,MOCK — 실이미지 없음. 스키마 검증·선행 개발 전용
riawelc:data/raw/riawelc/RT/UNK/w00165_f0.png,riawelc,data/raw/riawelc/RT/UNK/w00165_f0.png,824fdba35c4f007bbac9bd78de4dd2832afe27da9972339e677a03df6b1dba10,224,224,RT,UNK,True,1,crack,100,CR,classification,False,769d2e1bfcad9d4b7760c6f6a9da07cd7672ae6c68adb853090863da2aea65d8,grp_UNK_824fdba35c4f,1,UNK|crack,train,C1,,,none,,none,,riawelc-mock-v1,1,MOCK — 실이미지 없음. 스키마 검증·선행 개발 전용
riawelc:data/raw/riawelc/RT/UNK/w00029_f0.png,riawelc,data/raw/riawelc/RT/UNK/w00029_f0.png,830bfbbc76a06cce7712dce28c4c87e116c171406338e259bab775aa39220a32,224,224,RT,UNK,True,2,crack;porosity,100;2011,CR;PO,classification,False,e629fa99431a23b9beb3f935bb0466da22e2b8da8eb557b3a0063f5ae2e6647a,grp_UNK_830bfbbc76a0,1,UNK|crack,val,C1,,,none,,none,,riawelc-mock-v1,1,MOCK — 실이미지 없음. 스키마 검증·선행 개발 전용
riawelc:data/raw/riawelc/RT/UNK/w00145_f0.png,riawelc,data/raw/riawelc/RT/UNK/w00145_f0.png,83af96f85f06fc69566126330fa204d4609020fb6be381f4de41b7bbd52a9f8b,224,224,RT,UNK,True,1,crack,100,CR,classification,False,ffc3effb73bb9058604b0b83a0ed228d61c863c4277e527bf893c22dae2df3f7,grp_UNK_83af96f85f06,1,UNK|crack,eval,,,,none,,none,,riawelc-mock-v1,1,MOCK — 실이미지 없음. 스키마 검증·선행 개발 전용
riawelc:data/raw/riawelc/RT/UNK/w00167_f0.png,riawelc,data/raw/riawelc/RT/UNK/w00167_f0.png,848c4815dcfbe51a2e36388bfdd5bce3b70c898f4a899056978b0cf91fe86647,224,224,RT,UNK,True,1,lack_of_penetration,402,LP,classification,False,fde851284f8f78d3914430aedfed35c04589ccbb448014255824820f6a55468f,grp_UNK_848c4815dcfb,1,UNK|lack_of_penetration,eval,,,,none,,none,,riawelc-mock-v1,1,MOCK — 실이미지 없음. 스키마 검증·선행 개발 전용
riawelc:data/raw/riawelc/RT/UNK/w00068_f1.png,riawelc,data/raw/riawelc/RT/UNK/w00068_f1.png,88ac600f986237275ce760b67502bebe1fb487504d780cdfaf9b88d33ef22ff1,224,224,RT,UNK,True,1,lack_of_penetration,402,LP,classification,False,c33931d1b957cfce54604d9156abde51f8bea590d38b6d441d84268015dabebb,grp_UNK_88ac600f9862,4,UNK|lack_of_penetration,train,C3,,,none,,none,,riawelc-mock-v1,1,MOCK — 실이미지 없음. 스키마 검증·선행 개발 전용
riawelc:data/raw/riawelc/RT/UNK/w00155_f0.png,riawelc,data/raw/riawelc/RT/UNK/w00155_f0.png,88f52c34062a134169585d2c0e70df250654d3fdf7b71a757190e385762a32ab,224,224,RT,UNK,True,1,porosity,2011,PO,classification,False,66dc2a4e53110a7568fed34693d0eae2ec77c1161ed2bd6e7ebbdae610d94b17,grp_UNK_88f52c34062a,1,UNK|porosity,eval,,judgment_2000,,none,,none,,riawelc-mock-v1,1,MOCK — 실이미지 없음. 스키마 검증·선행 개발 전용
riawelc:data/raw/riawelc/RT/UNK/w00002_f0.png,riawelc,data/raw/riawelc/RT/UNK/w00002_f0.png,89014d4bd5909159759c52f2ac3330866ac602701bc93e8ed2ffc29df479a293,224,224,RT,UNK,True,1,lack_of_penetration,402,LP,classification,False,62eafc85fe671eca4ae321b5979987678500b1abfb81d2e2d64a5ec49302b537,grp_UNK_89014d4bd590,1,UNK|lack_of_penetration,train,C2,,,none,,none,,riawelc-mock-v1,1,MOCK — 실이미지 없음. 스키마 검증·선행 개발 전용
riawelc:data/raw/riawelc/RT/UNK/w00123_f0.png,riawelc,data/raw/riawelc/RT/UNK/w00123_f0.png,894f49ddc0ee8750b1df0ca4ac35ec4d5c9b85bb2585474056b49e66b1608a9e,224,224,RT,UNK,False,0,,,,classification,False,718b37fe0a54cdf43e307c58ef7aafe0f6c0ec5c823c3f4499452c4e54f4add5,grp_UNK_894f49ddc0ee,1,UNK|__normal__,eval,,,,none,,none,,riawelc-mock-v1,1,MOCK — 실이미지 없음. 스키마 검증·선행 개발 전용
riawelc:data/raw/riawelc/RT/UNK/w00014_f0.png,riawelc,data/raw/riawelc/RT/UNK/w00014_f0.png,8afdf705e8823de7a2daf19541e7f636c2968cb30f482c135bbe97fa4b1745ec,224,224,RT,UNK,False,0,,,,classification,False,6dc635ddc355f8de8971a9a604148284349663007d68ef1f6f99560cc80afcf3,grp_UNK_8afdf705e882,1,UNK|__normal__,train,C2,,,none,,none,,riawelc-mock-v1,1,MOCK — 실이미지 없음. 스키마 검증·선행 개발 전용
riawelc:data/raw/riawelc/RT/UNK/w00131_f0.png,riawelc,data/raw/riawelc/RT/UNK/w00131_f0.png,8c1bfd833c8b148fd1f022783b17c4da2548c161da2d6a601efc58ce672c13eb,224,224,RT,UNK,True,1,lack_of_penetration,402,LP,classification,False,c3d57825f1ae822d3268867e8b973a50c91313c8f1ca0c0fd07db9d2d6f203cd,grp_UNK_8c1bfd833c8b,1,UNK|lack_of_penetration,eval,,,,none,,none,,riawelc-mock-v1,1,MOCK — 실이미지 없음. 스키마 검증·선행 개발 전용
riawelc:data/raw/riawelc/RT/UNK/w00188_f0.png,riawelc,data/raw/riawelc/RT/UNK/w00188_f0.png,8c87176948f484fb8c661e716a46f5e360ea9eb2e6e919aedc9740ab73d4ca8a,224,224,RT,UNK,True,1,crack,100,CR,classification,False,c3e757f2b60ac5066f6071790e39305f21d4a7d054f7118b2683f93a820f50c2,grp_UNK_8c87176948f4,1,UNK|crack,train,C2,,,none,,none,,riawelc-mock-v1,1,MOCK — 실이미지 없음. 스키마 검증·선행 개발 전용
riawelc:data/raw/riawelc/RT/UNK/w00067_f0.png,riawelc,data/raw/riawelc/RT/UNK/w00067_f0.png,8ca74a1713913e38314a4c3a2b43c5338e5ec0bc816e53cbb1ecedb2e8e18783,224,224,RT,UNK,True,2,lack_of_penetration;porosity,2011;402,LP;PO,classification,False,f71f055bacaaee7bcdc53cf873cab04141b2462378c940e4faa0ddf746d64349,grp_UNK_8ca74a171391,4,UNK|porosity,train,C1,,,none,,none,,riawelc-mock-v1,1,MOCK — 실이미지 없음. 스키마 검증·선행 개발 전용
riawelc:data/raw/riawelc/RT/UNK/w00082_f2.png,riawelc,data/raw/riawelc/RT/UNK/w00082_f2.png,8cdf8d0fb9d14925ba639f7311e6ccd59ea06dde09a94d3b823bd4d275a8eb55,224,224,RT,UNK,True,1,porosity,2011,PO,classification,False,78e0d35e1662990c2b4aa4c968c841b6b40ee49a91508fcdf46d74b5d76a434c,grp_UNK_8cdf8d0fb9d1,3,UNK|porosity,train,C2,,,none,,none,,riawelc-mock-v1,1,MOCK — 실이미지 없음. 스키마 검증·선행 개발 전용
riawelc:data/raw/riawelc/RT/UNK/w00182_f0.png,riawelc,data/raw/riawelc/RT/UNK/w00182_f0.png,8d0c8ac9940199e9f734393066de3aa9178f8c7b857a2dd8f7bf9ad6579592d0,224,224,RT,UNK,False,0,,,,classification,False,fffe5d9fef8021b835cb8fa784af06b35a19c5b90c846914b7acc711e1df7abc,grp_UNK_8d0c8ac99401,1,UNK|__normal__,train,C1,,,none,,none,,riawelc-mock-v1,1,MOCK — 실이미지 없음. 스키마 검증·선행 개발 전용
riawelc:data/raw/riawelc/RT/UNK/w00067_f3.png,riawelc,data/raw/riawelc/RT/UNK/w00067_f3.png,8d1d354c348757b76e1e81ef37a075f9ede5338fd6eb8bb06ce6bf91bccf6def,224,224,RT,UNK,True,2,lack_of_penetration;porosity,2011;402,LP;PO,classification,False,f71f055bacaaee7bcdc53cf873cab04141b2462378c940e4faa0ddf746d64349,grp_UNK_8ca74a171391,4,UNK|porosity,train,C1,,,none,,none,,riawelc-mock-v1,1,MOCK — 실이미지 없음. 스키마 검증·선행 개발 전용
riawelc:data/raw/riawelc/RT/UNK/w00064_f3.png,riawelc,data/raw/riawelc/RT/UNK/w00064_f3.png,8d93f941910ca8b2953906e10e241325d55caeb23c1a67f6454f92d41688f2ba,224,224,RT,UNK,False,0,,,,classification,False,7103c74fbd2f1004fdb5b36c5f96f38f541b4243ecfc55e2e6e08a8199614136,grp_UNK_02b9888cff14,4,UNK|__normal__,train,C1,,,none,,none,,riawelc-mock-v1,1,MOCK — 실이미지 없음. 스키마 검증·선행 개발 전용
riawelc:data/raw/riawelc/RT/UNK/w00026_f3.png,riawelc,data/raw/riawelc/RT/UNK/w00026_f3.png,8de4bce2624e07981cd9280df76aa7f25e7d807d1b572d1c253a086b03d5992c,224,224,RT,UNK,True,1,porosity,2011,PO,classification,False,a178633cad71a53f2ce6dcb1d8a0388aab0c83b2f35362f2e4c565254dde3113,grp_UNK_760d3ee44120,4,UNK|porosity,train,C2,,,none,,none,,riawelc-mock-v1,1,MOCK — 실이미지 없음. 스키마 검증·선행 개발 전용
riawelc:data/raw/riawelc/RT/UNK/w00082_f1.png,riawelc,data/raw/riawelc/RT/UNK/w00082_f1.png,8eee65b7c604e0d06860be8ca632d269f775f46bbcf5f5c5f66ddb1dc6623baa,224,224,RT,UNK,True,1,porosity,2011,PO,classification,False,78e0d35e1662990c2b4aa4c968c841b6b40ee49a91508fcdf46d74b5d76a434c,grp_UNK_8cdf8d0fb9d1,3,UNK|porosity,train,C2,,,none,,none,,riawelc-mock-v1,1,MOCK — 실이미지 없음. 스키마 검증·선행 개발 전용
riawelc:data/raw/riawelc/RT/UNK/w00027_f0.png,riawelc,data/raw/riawelc/RT/UNK/w00027_f0.png,8f1e7b5d6c8c47ade028537761ffac056d6792acf4d211e0ff54c752e5a2b1e2,224,224,RT,UNK,True,1,porosity,2011,PO,classification,False,b4139e0f6b91d558367fd9f72856c99fb589e180bbd7f514ba861b51295d2e2d,grp_UNK_642ae3296233,2,UNK|porosity,train,C2,,,none,,none,,riawelc-mock-v1,1,MOCK — 실이미지 없음. 스키마 검증·선행 개발 전용
riawelc:data/raw/riawelc/RT/UNK/w00209_f3.png,riawelc,data/raw/riawelc/RT/UNK/w00209_f3.png,94237f48240c490a8d247f3be68c66d4a730cc88e0da93a5de3cd74014cfa2d3,224,224,RT,UNK,True,1,lack_of_penetration,402,LP,classification,False,01ff2797b2a6a39bf77d98be27f989ba89dbff0aa5f11df4bc911f258063c7da,grp_UNK_2e1c2de0bd17,4,UNK|lack_of_penetration,train,C2,,,none,,none,,riawelc-mock-v1,1,MOCK — 실이미지 없음. 스키마 검증·선행 개발 전용
riawelc:data/raw/riawelc/RT/UNK/w00203_f0.png,riawelc,data/raw/riawelc/RT/UNK/w00203_f0.png,94337dd8f9459d56707f580b683f44d09015a6a0b3405df9f65f88989c7202e9,224,224,RT,UNK,False,0,,,,classification,False,b88fb8472fb59cff7c1d7246b85e11f020f9247b638f9abcd49b72c2d2d0b2af,grp_UNK_94337dd8f945,1,UNK|__normal__,val,C3,,,none,,none,,riawelc-mock-v1,1,MOCK — 실이미지 없음. 스키마 검증·선행 개발 전용
riawelc:data/raw/riawelc/RT/UNK/w00067_f1.png,riawelc,data/raw/riawelc/RT/UNK/w00067_f1.png,948748ad6eecaf9fa3422ac0d3b118e348dc4ee939bc5463827eeb965e0d9dd3,224,224,RT,UNK,True,2,lack_of_penetration;porosity,2011;402,LP;PO,classification,False,f71f055bacaaee7bcdc53cf873cab04141b2462378c940e4faa0ddf746d64349,grp_UNK_8ca74a171391,4,UNK|porosity,train,C1,,,none,,none,,riawelc-mock-v1,1,MOCK — 실이미지 없음. 스키마 검증·선행 개발 전용
riawelc:data/raw/riawelc/RT/UNK/w00058_f0.png,riawelc,data/raw/riawelc/RT/UNK/w00058_f0.png,95501a7d03407c0fa2635ed7616f8b45af141774f941efaa17375f4dda2c68fc,224,224,RT,UNK,False,0,,,,classification,False,c0c51b692bca6bd3c8c6251c71ce520ccbc0ecf70329e9bc306e576dfff67d51,grp_UNK_95501a7d0340,1,UNK|__normal__,train,C2,,,none,,none,,riawelc-mock-v1,1,MOCK — 실이미지 없음. 스키마 검증·선행 개발 전용
riawelc:data/raw/riawelc/RT/UNK/w00168_f0.png,riawelc,data/raw/riawelc/RT/UNK/w00168_f0.png,960e2c87780142a3afd3a72e191b9454cb780947aefe620e1b54141645528b10,224,224,RT,UNK,True,2,lack_of_penetration;porosity,2011;402,LP;PO,classification,False,8ed9f118aac521e5e3996ebcf301b7b1e5583904160fe7b2a1f2f644a04a771a,grp_UNK_00d48bb1d11c,3,UNK|porosity,train,C3,,,none,,none,,riawelc-mock-v1,1,MOCK — 실이미지 없음. 스키마 검증·선행 개발 전용
riawelc:data/raw/riawelc/RT/UNK/w00086_f0.png,riawelc,data/raw/riawelc/RT/UNK/w00086_f0.png,9705179fafa8f79206652e6821daca4246c0f4afcc8f85be8e3ebf27bef0c22d,224,224,RT,UNK,True,1,porosity,2011,PO,classification,False,0354f56a0fb96dca9a007439babf6919a524a4223b884f3dc9e69e3f87970c71,grp_UNK_9705179fafa8,1,UNK|porosity,val,C2,,,none,,none,,riawelc-mock-v1,1,MOCK — 실이미지 없음. 스키마 검증·선행 개발 전용
riawelc:data/raw/riawelc/RT/UNK/w00132_f0.png,riawelc,data/raw/riawelc/RT/UNK/w00132_f0.png,97a2cc3963678867afe75011ebe06540a6e1c76086c771f968f058762c358ee1,224,224,RT,UNK,False,0,,,,classification,False,bfdd9897d770ea447586db65c16dd47c0dd7ed2b9dec97aa99033e20163d374d,grp_UNK_97a2cc396367,2,UNK|__normal__,train,C2,,,none,,none,,riawelc-mock-v1,1,MOCK — 실이미지 없음. 스키마 검증·선행 개발 전용
riawelc:data/raw/riawelc/RT/UNK/w00044_f0.png,riawelc,data/raw/riawelc/RT/UNK/w00044_f0.png,97d4c4db4ea8be55cc243a381c47c9013c99217f6a9268869a153d689204b328,224,224,RT,UNK,True,1,lack_of_penetration,402,LP,classification,False,d01285504b5c09884fa78f2f3074226498b343b17be044a1df9e5193e47b4ca1,grp_UNK_97d4c4db4ea8,1,UNK|lack_of_penetration,val,C3,,,none,,none,,riawelc-mock-v1,1,MOCK — 실이미지 없음. 스키마 검증·선행 개발 전용
riawelc:data/raw/riawelc/RT/UNK/w00094_f0.png,riawelc,data/raw/riawelc/RT/UNK/w00094_f0.png,99ceaef5b823a0f19e227e9d57f3e1bc5f3ba72456705498338201f9a79e05f0,224,224,RT,UNK,False,0,,,,classification,False,6550775dafc470e95e5cb3137017d19c251d9d7ce69d5c1047a488513a1ab7bc,grp_UNK_3ed0ec665469,4,UNK|__normal__,train,C1,,,none,,none,,riawelc-mock-v1,1,MOCK — 실이미지 없음. 스키마 검증·선행 개발 전용
riawelc:data/raw/riawelc/RT/UNK/w00064_f1.png,riawelc,data/raw/riawelc/RT/UNK/w00064_f1.png,9d1199e6c9601d41aef4feaf1f4fdf95735b39c0bdad1f93228ce8199d7773f7,224,224,RT,UNK,False,0,,,,classification,False,7103c74fbd2f1004fdb5b36c5f96f38f541b4243ecfc55e2e6e08a8199614136,grp_UNK_02b9888cff14,4,UNK|__normal__,train,C1,,,none,,none,,riawelc-mock-v1,1,MOCK — 실이미지 없음. 스키마 검증·선행 개발 전용
riawelc:data/raw/riawelc/RT/UNK/w00035_f3.png,riawelc,data/raw/riawelc/RT/UNK/w00035_f3.png,9d32fc90218f06967385cf4627a975568bd5cf07a8130c192f57473a47d9f74c,224,224,RT,UNK,True,1,crack,100,CR,classification,False,41e62d7d02772d481169fed07e7dffbbdafa9db7e100b3d0f24b41d09cd964b9,grp_UNK_56108f680fc3,4,UNK|crack,train,C3,,,none,,none,,riawelc-mock-v1,1,MOCK — 실이미지 없음. 스키마 검증·선행 개발 전용
riawelc:data/raw/riawelc/RT/UNK/w00079_f0.png,riawelc,data/raw/riawelc/RT/UNK/w00079_f0.png,9e000f42771bd9f178477c519e69a88f89a372f1d78d973ea170a19643953da8,224,224,RT,UNK,True,2,crack;porosity,100;2011,CR;PO,classification,False,8e47c462335503cb4a46ae02befe991fba4e34df1268c05e0376b1e466ca64b0,grp_UNK_9e000f42771b,1,UNK|crack,train,C3,,,none,,none,,riawelc-mock-v1,1,MOCK — 실이미지 없음. 스키마 검증·선행 개발 전용
riawelc:data/raw/riawelc/RT/UNK/w00106_f3.png,riawelc,data/raw/riawelc/RT/UNK/w00106_f3.png,9e50592e96891073f86cca00ae5818a5a0831327132472aaa140344356f7e58c,224,224,RT,UNK,True,1,crack,100,CR,classification,False,96b98190ab5d26e8ded519942c9d1ad26f9f5a9dd3f31ee15a87f79564b6cdf5,grp_UNK_0795132fd173,4,UNK|crack,val,C3,,,none,,none,,riawelc-mock-v1,1,MOCK — 실이미지 없음. 스키마 검증·선행 개발 전용
riawelc:data/raw/riawelc/RT/UNK/w00207_f0.png,riawelc,data/raw/riawelc/RT/UNK/w00207_f0.png,9e7204f09353c9a1e3dff1580be084790b63ab2483aa95c520df4ca09a3a99d2,224,224,RT,UNK,True,2,crack;lack_of_penetration,100;402,CR;LP,classification,False,8e278802281e8d1be3fc5b19c251d4988b3e5d52bb25f9de60c7c8c0c30be1f0,grp_UNK_136239ba56a2,4,UNK|crack,train,C1,,,none,,none,,riawelc-mock-v1,1,MOCK — 실이미지 없음. 스키마 검증·선행 개발 전용
riawelc:data/raw/riawelc/RT/UNK/w00141_f0.png,riawelc,data/raw/riawelc/RT/UNK/w00141_f0.png,9e9ed7a2bad3cf42b3468bd63f2d84bfe7b4db0994cd88d5d1c4dca4dbe09dc3,224,224,RT,UNK,True,1,porosity,2011,PO,classification,False,cc31ea0d6320279ae9dbde10c2b0352d4782593a31fde31e86dcccd200fd35b8,grp_UNK_9e9ed7a2bad3,1,UNK|porosity,train,C3,,,none,,none,,riawelc-mock-v1,1,MOCK — 실이미지 없음. 스키마 검증·선행 개발 전용
riawelc:data/raw/riawelc/RT/UNK/w00065_f0.png,riawelc,data/raw/riawelc/RT/UNK/w00065_f0.png,9f45cedda5bb449ebebaaf86a5845b08c02b8910e8824e53b7fa922c85ba4792,224,224,RT,UNK,True,1,porosity,2011,PO,classification,False,ae68ef54042a31450a523f6e2d04acbce100715ad4cbbff73772b5fbef1df4f0,grp_UNK_9f45cedda5bb,1,UNK|porosity,train,C1,,,none,,none,,riawelc-mock-v1,1,MOCK — 실이미지 없음. 스키마 검증·선행 개발 전용
riawelc:data/raw/riawelc/RT/UNK/w00152_f0.png,riawelc,data/raw/riawelc/RT/UNK/w00152_f0.png,9f4a6f33ffa92fe7f0f759b74686670f5d5c24aaf51ebb58a644e29ec7380460,224,224,RT,UNK,True,1,lack_of_penetration,402,LP,classification,False,87c12cc5bd97236d41c7f8dcc6da5470e71965644f28f074dee448146fba0e46,grp_UNK_9f4a6f33ffa9,1,UNK|lack_of_penetration,train,C2,,,none,,none,,riawelc-mock-v1,1,MOCK — 실이미지 없음. 스키마 검증·선행 개발 전용
riawelc:data/raw/riawelc/RT/UNK/w00019_f0.png,riawelc,data/raw/riawelc/RT/UNK/w00019_f0.png,a063ca44bc2308aa37539adfafdb0f23bf484c30cc61da43131fd299b7e91e94,224,224,RT,UNK,True,1,crack,100,CR,classification,False,724232d83fae070b3ba4d3b9cec7806d5f7f408e4721450624b4890d8cba5e30,grp_UNK_a063ca44bc23,1,UNK|crack,eval,,,,none,,none,,riawelc-mock-v1,1,MOCK — 실이미지 없음. 스키마 검증·선행 개발 전용
riawelc:data/raw/riawelc/RT/UNK/w00135_f0.png,riawelc,data/raw/riawelc/RT/UNK/w00135_f0.png,a2025709da98b0d111e9974c24a77038d814fa23efe043de525f392340eabb97,224,224,RT,UNK,True,1,porosity,2011,PO,classification,False,9b0a5e0d3af2ef25eb1835c21cd21f048090fa80d33811152a56b6a224a3ff06,grp_UNK_a2025709da98,1,UNK|porosity,train,C1,,,none,,none,,riawelc-mock-v1,1,MOCK — 실이미지 없음. 스키마 검증·선행 개발 전용
riawelc:data/raw/riawelc/RT/UNK/w00015_f0.png,riawelc,data/raw/riawelc/RT/UNK/w00015_f0.png,a3df5de6436be2c63a0865f4e8cc0c119004e7dc96bab8e053d0a00d725c8ef2,224,224,RT,UNK,True,1,porosity,2011,PO,classification,False,33659c77b0b14e04be8a88102160e5dd425946f496bb41a4c926600ccff2df38,grp_UNK_a3df5de6436b,1,UNK|porosity,train,C2,,,none,,none,,riawelc-mock-v1,1,MOCK — 실이미지 없음. 스키마 검증·선행 개발 전용
riawelc:data/raw/riawelc/RT/UNK/w00039_f0.png,riawelc,data/raw/riawelc/RT/UNK/w00039_f0.png,a46f90c0932ab19264a4ef06e4065c529297976f432ad4f3c8a785fbeb89f222,224,224,RT,UNK,True,1,porosity,2011,PO,classification,False,f0b53f421fe8eb32cf86867a84a6461f5cc2f34affa2cf4839197c53b03a5cd4,grp_UNK_a46f90c0932a,1,UNK|porosity,train,C3,,,none,,none,,riawelc-mock-v1,1,MOCK — 실이미지 없음. 스키마 검증·선행 개발 전용
riawelc:data/raw/riawelc/RT/UNK/w00048_f0.png,riawelc,data/raw/riawelc/RT/UNK/w00048_f0.png,a6a251777c6edfd1469de1df2e2b75c8df6d618b4faa1f1fc18d4b52e5a2c50a,224,224,RT,UNK,True,1,lack_of_penetration,402,LP,classification,False,659bf748a300ac326cc4734bd82e3b5ea3201a23d0768c2d6c000c8e21d6380b,grp_UNK_a6a251777c6e,1,UNK|lack_of_penetration,train,C3,,,none,,none,,riawelc-mock-v1,1,MOCK — 실이미지 없음. 스키마 검증·선행 개발 전용
riawelc:data/raw/riawelc/RT/UNK/w00134_f0.png,riawelc,data/raw/riawelc/RT/UNK/w00134_f0.png,a79c81292f86ec9196ac91e16fb1bd879b86051f47908140547faf796a8327f8,224,224,RT,UNK,True,1,lack_of_penetration,402,LP,classification,False,d0c203692d747b2881dea2f316223d2ea3ed787bc4a0451067e6994a26c5b9ca,grp_UNK_a79c81292f86,1,UNK|lack_of_penetration,train,C1,,,none,,none,,riawelc-mock-v1,1,MOCK — 실이미지 없음. 스키마 검증·선행 개발 전용
riawelc:data/raw/riawelc/RT/UNK/w00126_f0.png,riawelc,data/raw/riawelc/RT/UNK/w00126_f0.png,a93fbb476c3df9809b281ba13a6b74fcd3c335778b984d357258c0403e02b8c9,224,224,RT,UNK,False,0,,,,classification,False,0dcd7d9917f3aa20aec6eaa9bbdc07d6d3f7d6da355ecf0e3e93438b83c5e509,grp_UNK_a93fbb476c3d,1,UNK|__normal__,eval,,judgment_2000,,none,,none,,riawelc-mock-v1,1,MOCK — 실이미지 없음. 스키마 검증·선행 개발 전용
riawelc:data/raw/riawelc/RT/UNK/w00037_f0.png,riawelc,data/raw/riawelc/RT/UNK/w00037_f0.png,a9698cf65f3b055f50e6ce379e9e008bf8b6b0bb62849ecb9ee85bc0eb9f94a4,224,224,RT,UNK,False,0,,,,classification,False,158c95c1981f0df396fb5ae208a6deaea57550487aa4d2c96fff37007bac1087,grp_UNK_a9698cf65f3b,1,UNK|__normal__,train,C3,,,none,,none,,riawelc-mock-v1,1,MOCK — 실이미지 없음. 스키마 검증·선행 개발 전용
riawelc:data/raw/riawelc/RT/UNK/w00007_f0.png,riawelc,data/raw/riawelc/RT/UNK/w00007_f0.png,aa3a75149ead11c50b78971814b173dbe2705549596056bd54f0a833a3e85f1f,224,224,RT,UNK,True,1,porosity,2011,PO,classification,False,33e9241b98a4ed66dd76202d60a75a180f2e9237d4c6ebcc85d993b3a0a1cc06,grp_UNK_aa3a75149ead,1,UNK|porosity,train,C1,,,none,,none,,riawelc-mock-v1,1,MOCK — 실이미지 없음. 스키마 검증·선행 개발 전용
riawelc:data/raw/riawelc/RT/UNK/w00032_f0.png,riawelc,data/raw/riawelc/RT/UNK/w00032_f0.png,aa68d406d3218160179ff9cfb27f6ebc2e5be1d3ab410c6390299edd2c8f4baa,224,224,RT,UNK,True,1,porosity,2011,PO,classification,False,e1d6adfe03708a44d7ca8201ecf191057174238cf939c9bd0da6d3fdf5627eeb,grp_UNK_aa68d406d321,1,UNK|porosity,eval,,,,none,,none,,riawelc-mock-v1,1,MOCK — 실이미지 없음. 스키마 검증·선행 개발 전용
riawelc:data/raw/riawelc/RT/UNK/w00194_f0.png,riawelc,data/raw/riawelc/RT/UNK/w00194_f0.png,ab13b352da318de9a8dbfdb385b7e04ca6dafd4577219de176ea2c1dd1ab5cbd,224,224,RT,UNK,True,2,crack;porosity,100;2011,CR;PO,classification,False,b2b1ee9476eaa821e1acd4bad36477aee160b45546f0b5a3af43fe52a6766452,grp_UNK_ab13b352da31,1,UNK|crack,eval,,,,none,,none,,riawelc-mock-v1,1,MOCK — 실이미지 없음. 스키마 검증·선행 개발 전용
riawelc:data/raw/riawelc/RT/UNK/w00118_f1.png,riawelc,data/raw/riawelc/RT/UNK/w00118_f1.png,ac8a299ab7fe41f85e71f4a0b3ab8c3207ae79da049860432b6a358da27c6135,224,224,RT,UNK,False,0,,,,classification,False,86dda0b4190bc2593de5999094b788b9cd8d160da8802fa247a23652797e576b,grp_UNK_7b5bb2f9bb14,2,UNK|__normal__,train,C3,,,none,,none,,riawelc-mock-v1,1,MOCK — 실이미지 없음. 스키마 검증·선행 개발 전용
riawelc:data/raw/riawelc/RT/UNK/w00099_f0.png,riawelc,data/raw/riawelc/RT/UNK/w00099_f0.png,ad81e8c729922b2a7f258412851b12502beb9131976766c095f11278ccc08df9,224,224,RT,UNK,True,1,lack_of_penetration,402,LP,classification,False,f02125409caa4014f1097a6e341cbde14b37fcdeb877fbd73c5401fdebe3ed38,grp_UNK_ad81e8c72992,1,UNK|lack_of_penetration,eval,,,,none,,none,,riawelc-mock-v1,1,MOCK — 실이미지 없음. 스키마 검증·선행 개발 전용
riawelc:data/raw/riawelc/RT/UNK/w00060_f0.png,riawelc,data/raw/riawelc/RT/UNK/w00060_f0.png,af6fbbcdd7bb10a934029674b073469bb8edbed0b64f0a611b61865ef657c526,224,224,RT,UNK,True,1,lack_of_penetration,402,LP,classification,False,5078224a81bb219bdb624af5ed6bb77e821bcb8d4ccfe2e1b6c613e1e5e0714f,grp_UNK_af6fbbcdd7bb,1,UNK|lack_of_penetration,train,C1,,,none,,none,,riawelc-mock-v1,1,MOCK — 실이미지 없음. 스키마 검증·선행 개발 전용
riawelc:data/raw/riawelc/RT/UNK/w00008_f3.png,riawelc,data/raw/riawelc/RT/UNK/w00008_f3.png,afeab3891696e1b8315c9915afaf355267c24e95121af056563000a6a1b61cf6,224,224,RT,UNK,True,1,lack_of_penetration,402,LP,classification,False,fc3ac8b5dddad780374ebe8ced95b3d919cdf132c5679da3557e7cdc1bef48ce,grp_UNK_4b24de7e56ff,4,UNK|lack_of_penetration,eval,,,,none,,none,,riawelc-mock-v1,1,MOCK — 실이미지 없음. 스키마 검증·선행 개발 전용
riawelc:data/raw/riawelc/RT/UNK/w00088_f2.png,riawelc,data/raw/riawelc/RT/UNK/w00088_f2.png,b063ce1f96a22f5f75d3031990354513a7d8274645e21891243d7778048ffd9a,224,224,RT,UNK,True,1,lack_of_penetration,402,LP,classification,False,9aa30af7a5ce5f6bc9665fda60a1f39ddb9a1e729d0982ec8b0cd548bc01bf96,grp_UNK_5a08955725a3,4,UNK|lack_of_penetration,val,C2,,,none,,none,,riawelc-mock-v1,1,MOCK — 실이미지 없음. 스키마 검증·선행 개발 전용
riawelc:data/raw/riawelc/RT/UNK/w00023_f0.png,riawelc,data/raw/riawelc/RT/UNK/w00023_f0.png,b0741c49ea5104bc3054d747b9010abf0f24feb1574dc0af7d0846ce8dab2a6d,224,224,RT,UNK,True,1,porosity,2011,PO,classification,False,fe49cb3e3176fc84f5bcf781b2824b92b8a05d05d3ee4915c0df14edeff3b5b3,grp_UNK_b0741c49ea51,1,UNK|porosity,train,C3,,,none,,none,,riawelc-mock-v1,1,MOCK — 실이미지 없음. 스키마 검증·선행 개발 전용
riawelc:data/raw/riawelc/RT/UNK/w00022_f0.png,riawelc,data/raw/riawelc/RT/UNK/w00022_f0.png,b102949f10897ee305fc7a352949849dee19e12bb54335766f591e36d1ffab57,224,224,RT,UNK,False,0,,,,classification,False,7c31180da867f7cb1dd0b5be18c5b9164ca546281ef3d41bef3a378ebd269d4f,grp_UNK_82019f202ada,2,UNK|__normal__,train,C3,,,none,,none,,riawelc-mock-v1,1,MOCK — 실이미지 없음. 스키마 검증·선행 개발 전용
riawelc:data/raw/riawelc/RT/UNK/w00120_f2.png,riawelc,data/raw/riawelc/RT/UNK/w00120_f2.png,b1e2889b822295542a03334f4990d0f92bbf49a1e1acf6e67cc4d9dcba86b675,224,224,RT,UNK,True,1,lack_of_penetration,402,LP,classification,False,a15387a43b33ac2c9f0ea9763e01566f0c274a8a782a06dd087ffc7b71552acb,grp_UNK_7a015ee45ac7,3,UNK|lack_of_penetration,eval,,,,none,,none,,riawelc-mock-v1,1,MOCK — 실이미지 없음. 스키마 검증·선행 개발 전용
riawelc:data/raw/riawelc/RT/UNK/w00200_f0.png,riawelc,data/raw/riawelc/RT/UNK/w00200_f0.png,b29856b36027ff363a59a4d390f986b178ec3d00b0b5b2172707855639ff8623,224,224,RT,UNK,False,0,,,,classification,False,4b700addf65b8358d824b2953c9e90396e9022455bbe079e5cf8a9d3c1da05aa,grp_UNK_b29856b36027,1,UNK|__normal__,train,C2,,,none,,none,,riawelc-mock-v1,1,MOCK — 실이미지 없음. 스키마 검증·선행 개발 전용
riawelc:data/raw/riawelc/RT/UNK/w00115_f0.png,riawelc,data/raw/riawelc/RT/UNK/w00115_f0.png,b2bbd38ab25a6d85f7fe1d503bbe0d083b41d1ea09d0ea80971930f0eac19c48,224,224,RT,UNK,True,2,crack;lack_of_penetration,100;402,CR;LP,classification,False,15e1f94210f03f5828953a68e1d173460e5f707697f565c9abf8574e37d1e6d3,grp_UNK_b2bbd38ab25a,1,UNK|crack,train,C3,,,none,,none,,riawelc-mock-v1,1,MOCK — 실이미지 없음. 스키마 검증·선행 개발 전용
riawelc:data/raw/riawelc/RT/UNK/w00113_f0.png,riawelc,data/raw/riawelc/RT/UNK/w00113_f0.png,b2e223b816802d09f063580ce9adbf95a0127f6680a6f0258f897664845bbcdc,224,224,RT,UNK,False,0,,,,classification,False,30d2e982cf3e81af88b15f2926f15f6d02f6b4a31ce4918cdc35c2947c806636,grp_UNK_b2e223b81680,1,UNK|__normal__,train,C2,,,none,,none,,riawelc-mock-v1,1,MOCK — 실이미지 없음. 스키마 검증·선행 개발 전용
riawelc:data/raw/riawelc/RT/UNK/w00137_f1.png,riawelc,data/raw/riawelc/RT/UNK/w00137_f1.png,b35361bb88fe6ec72c20f4a6f6e0be5d1ffb5ed88e99310957a905eeb0806bb9,224,224,RT,UNK,True,1,lack_of_penetration,402,LP,classification,False,b567d38bb4691a20f7a8894ad072ea3b414a037e825cdd5592f58c24eb6f4c2c,grp_UNK_26a4a2c145b7,2,UNK|lack_of_penetration,train,C2,,,none,,none,,riawelc-mock-v1,1,MOCK — 실이미지 없음. 스키마 검증·선행 개발 전용
riawelc:data/raw/riawelc/RT/UNK/w00035_f2.png,riawelc,data/raw/riawelc/RT/UNK/w00035_f2.png,b42d17d2be27a6b5cb3c8eabf2ba6e291696485a13a079cd116e0b3a2b5a0dc2,224,224,RT,UNK,True,1,crack,100,CR,classification,False,41e62d7d02772d481169fed07e7dffbbdafa9db7e100b3d0f24b41d09cd964b9,grp_UNK_56108f680fc3,4,UNK|crack,train,C3,,,none,,none,,riawelc-mock-v1,1,MOCK — 실이미지 없음. 스키마 검증·선행 개발 전용
riawelc:data/raw/riawelc/RT/UNK/w00066_f0.png,riawelc,data/raw/riawelc/RT/UNK/w00066_f0.png,b43ae10e7f67a0d885a4aa0867f735f8f532536b3c69f28d5b4fe520a0f1ea3a,224,224,RT,UNK,True,1,lack_of_penetration,402,LP,classification,False,a3a9f2529b6e1b76341590dc42b8cdc391dbff43fd49df1917fbdd338457e7a7,grp_UNK_b43ae10e7f67,1,UNK|lack_of_penetration,eval,,judgment_2000,,none,,none,,riawelc-mock-v1,1,MOCK — 실이미지 없음. 스키마 검증·선행 개발 전용
riawelc:data/raw/riawelc/RT/UNK/w00080_f2.png,riawelc,data/raw/riawelc/RT/UNK/w00080_f2.png,b4bf2205a51a7208ffc4c95c3afe9f940c14061417fdc7f868dc7c060a1db9ae,224,224,RT,UNK,True,1,lack_of_penetration,402,LP,classification,False,5ab67de8dfa501cac1806009766378440fee04b64100e40ed4c29f2e03869c10,grp_UNK_3a80b2651a06,3,UNK|lack_of_penetration,train,C3,,,none,,none,,riawelc-mock-v1,1,MOCK — 실이미지 없음. 스키마 검증·선행 개발 전용
riawelc:data/raw/riawelc/RT/UNK/w00020_f0.png,riawelc,data/raw/riawelc/RT/UNK/w00020_f0.png,b5127b8ea210dd5db9a54d388619bbef2c49f3d0601679642b6f39859fbf6cde,224,224,RT,UNK,True,1,lack_of_penetration,402,LP,classification,False,ac8dff20fcb31a1189a41d2b108f06e505b233d2ecb19f1db799fca3b77bb2d6,grp_UNK_4f1393dc95a1,2,UNK|lack_of_penetration,train,C3,,,none,,none,,riawelc-mock-v1,1,MOCK — 실이미지 없음. 스키마 검증·선행 개발 전용
riawelc:data/raw/riawelc/RT/UNK/w00026_f0.png,riawelc,data/raw/riawelc/RT/UNK/w00026_f0.png,b5f8ea8457df88eebc3a830bc2bd6c88c963ddde669c6b63ef503dfac5c59e92,224,224,RT,UNK,True,1,porosity,2011,PO,classification,False,a178633cad71a53f2ce6dcb1d8a0388aab0c83b2f35362f2e4c565254dde3113,grp_UNK_760d3ee44120,4,UNK|porosity,train,C2,,,none,,none,,riawelc-mock-v1,1,MOCK — 실이미지 없음. 스키마 검증·선행 개발 전용
riawelc:data/raw/riawelc/RT/UNK/w00198_f0.png,riawelc,data/raw/riawelc/RT/UNK/w00198_f0.png,b70459bb96757d2ad265bbe7f818a6a5d3cebe272a976d8c5b8b06b5240607ba,224,224,RT,UNK,True,1,lack_of_penetration,402,LP,classification,False,ace1c51062f72786076c79c046db212779f65497bbc07704a4cab710c6b9a073,grp_UNK_06ef81300663,3,UNK|lack_of_penetration,train,C1,,,none,,none,,riawelc-mock-v1,1,MOCK — 실이미지 없음. 스키마 검증·선행 개발 전용
riawelc:data/raw/riawelc/RT/UNK/w00035_f1.png,riawelc,data/raw/riawelc/RT/UNK/w00035_f1.png,b71edee7debf07548c19abb0c60e915612bc577768cacce8179b18c642248e37,224,224,RT,UNK,True,1,crack,100,CR,classification,False,41e62d7d02772d481169fed07e7dffbbdafa9db7e100b3d0f24b41d09cd964b9,grp_UNK_56108f680fc3,4,UNK|crack,train,C3,,,none,,none,,riawelc-mock-v1,1,MOCK — 실이미지 없음. 스키마 검증·선행 개발 전용
riawelc:data/raw/riawelc/RT/UNK/w00033_f0.png,riawelc,data/raw/riawelc/RT/UNK/w00033_f0.png,b8519f7c693650c0d3c35f46e734aa7e0d555b57435c6145afe4c1fb94ee776f,224,224,RT,UNK,True,1,crack,100,CR,classification,False,f08c2125b68bed0f083113a54b1c35bfacdad61ad2ed0f9a4e73fb6d957de16f,grp_UNK_b8519f7c6936,1,UNK|crack,eval,,,,none,,none,,riawelc-mock-v1,1,MOCK — 실이미지 없음. 스키마 검증·선행 개발 전용
riawelc:data/raw/riawelc/RT/UNK/w00186_f0.png,riawelc,data/raw/riawelc/RT/UNK/w00186_f0.png,b8a06c837118fdd859b2b13e590ce4be4362ba2ebcdf659a1baac44ca430b174,224,224,RT,UNK,True,2,lack_of_penetration;porosity,2011;402,LP;PO,classification,False,9f20d280abba066d9e39a5c068604a3ad820da15085ffc4d2451364b0364e966,grp_UNK_b8a06c837118,1,UNK|porosity,train,C2,,,none,,none,,riawelc-mock-v1,1,MOCK — 실이미지 없음. 스키마 검증·선행 개발 전용
riawelc:data/raw/riawelc/RT/UNK/w00073_f0.png,riawelc,data/raw/riawelc/RT/UNK/w00073_f0.png,b8c935a557b06d8ddf45a336ba00f981006bb7866558905a78f8ef6a4063ac67,224,224,RT,UNK,True,1,porosity,2011,PO,classification,False,ffdcb3c04a5e066d1bece288c4f892a89a9bc878b653ebc4ef63827d6d3d508d,grp_UNK_b8c935a557b0,1,UNK|porosity,train,C1,,,none,,none,,riawelc-mock-v1,1,MOCK — 실이미지 없음. 스키마 검증·선행 개발 전용
riawelc:data/raw/riawelc/RT/UNK/w00064_f0.png,riawelc,data/raw/riawelc/RT/UNK/w00064_f0.png,b909daf2eb37ca8fb91e5db90ac2909b0e702fa87e58caeb2554c6e8a6813e14,224,224,RT,UNK,False,0,,,,classification,False,7103c74fbd2f1004fdb5b36c5f96f38f541b4243ecfc55e2e6e08a8199614136,grp_UNK_02b9888cff14,4,UNK|__normal__,train,C1,,,none,,none,,riawelc-mock-v1,1,MOCK — 실이미지 없음. 스키마 검증·선행 개발 전용
riawelc:data/raw/riawelc/RT/UNK/w00185_f0.png,riawelc,data/raw/riawelc/RT/UNK/w00185_f0.png,ba90f27146cf5f5ebe45fe071a8c02c05f40e6123e0a9bc15544eeb10ece6494,224,224,RT,UNK,True,2,crack;lack_of_penetration,100;402,CR;LP,classification,False,c9f3dc282ec50213e27b5362343d627fa607ce6d7b7296559aaab7045a36c23b,grp_UNK_ba90f27146cf,1,UNK|crack,train,C3,,,none,,none,,riawelc-mock-v1,1,MOCK — 실이미지 없음. 스키마 검증·선행 개발 전용
riawelc:data/raw/riawelc/RT/UNK/w00110_f0.png,riawelc,data/raw/riawelc/RT/UNK/w00110_f0.png,bd4f2989590802f17ec9ba20df48e36e26b233603faf732e52e991a9e81d6b46,224,224,RT,UNK,False,0,,,,classification,False,85819df8722fc3145a9efe5e4df82f23eba12f0da7597a0e002d319a1223ce13,grp_UNK_2edf2e43ffd1,2,UNK|__normal__,train,C1,,,none,,none,,riawelc-mock-v1,1,MOCK — 실이미지 없음. 스키마 검증·선행 개발 전용
riawelc:data/raw/riawelc/RT/UNK/w00063_f0.png,riawelc,data/raw/riawelc/RT/UNK/w00063_f0.png,bdd25dc21a91ff9262d39a48877210c8a3002e1a3264ce4ba0570de2a929e4a5,224,224,RT,UNK,True,1,crack,100,CR,classification,False,51e8904f4fe181fa49261899e38b56c5e7e7ed19ba4933fa965e7ded6688c2ed,grp_UNK_bdd25dc21a91,1,UNK|crack,train,C3,,,none,,none,,riawelc-mock-v1,1,MOCK — 실이미지 없음. 스키마 검증·선행 개발 전용
riawelc:data/raw/riawelc/RT/UNK/w00150_f1.png,riawelc,data/raw/riawelc/RT/UNK/w00150_f1.png,be0fead0649c29f7bd4bd6547a009b209aef0533aa0a1ff60c04162cf73fb65a,224,224,RT,UNK,True,2,crack;porosity,100;2011,CR;PO,classification,False,cdc0ce90d1305c4b3e5e0b1925a4f095dcbb394d47188287e570673ff805ef9b,grp_UNK_0e8bad25f991,2,UNK|crack,eval,,,,none,,none,,riawelc-mock-v1,1,MOCK — 실이미지 없음. 스키마 검증·선행 개발 전용
riawelc:data/raw/riawelc/RT/UNK/w00088_f0.png,riawelc,data/raw/riawelc/RT/UNK/w00088_f0.png,bf9e3a69163c02d3765c81b82729f109a1d02072b4312328c0b7ddd415f90f08,224,224,RT,UNK,True,1,lack_of_penetration,402,LP,classification,False,9aa30af7a5ce5f6bc9665fda60a1f39ddb9a1e729d0982ec8b0cd548bc01bf96,grp_UNK_5a08955725a3,4,UNK|lack_of_penetration,val,C2,,,none,,none,,riawelc-mock-v1,1,MOCK — 실이미지 없음. 스키마 검증·선행 개발 전용
riawelc:data/raw/riawelc/RT/UNK/w00080_f1.png,riawelc,data/raw/riawelc/RT/UNK/w00080_f1.png,c00af3d36565f7cfb71dfb237976a6ffd2c23032cf559bf8d553d449c0b47acd,224,224,RT,UNK,True,1,lack_of_penetration,402,LP,classification,False,5ab67de8dfa501cac1806009766378440fee04b64100e40ed4c29f2e03869c10,grp_UNK_3a80b2651a06,3,UNK|lack_of_penetration,train,C3,,,none,,none,,riawelc-mock-v1,1,MOCK — 실이미지 없음. 스키마 검증·선행 개발 전용
riawelc:data/raw/riawelc/RT/UNK/w00045_f0.png,riawelc,data/raw/riawelc/RT/UNK/w00045_f0.png,c03eef2577db89fbfb802b4d0aa5c12a1b07ff175930ab24a3f7eba5c8ad9913,224,224,RT,UNK,False,0,,,,classification,False,1eafa0850cfc60a7e51fd85af6f14c3ef5e3869778462517fa82e6f060886896,grp_UNK_c03eef2577db,1,UNK|__normal__,train,C3,,,none,,none,,riawelc-mock-v1,1,MOCK — 실이미지 없음. 스키마 검증·선행 개발 전용
riawelc:data/raw/riawelc/RT/UNK/w00132_f1.png,riawelc,data/raw/riawelc/RT/UNK/w00132_f1.png,c19400d881ce29cfbf69fc25ce489f4bd6913f7e620b5ba2e340d4c436675e3f,224,224,RT,UNK,False,0,,,,classification,False,bfdd9897d770ea447586db65c16dd47c0dd7ed2b9dec97aa99033e20163d374d,grp_UNK_97a2cc396367,2,UNK|__normal__,train,C2,,,none,,none,,riawelc-mock-v1,1,MOCK — 실이미지 없음. 스키마 검증·선행 개발 전용
riawelc:data/raw/riawelc/RT/UNK/w00085_f0.png,riawelc,data/raw/riawelc/RT/UNK/w00085_f0.png,c211d3ff7277361d19994e91e07374126a7ff91373ac3f7e2e85b6002f2bbe7d,224,224,RT,UNK,True,1,lack_of_penetration,402,LP,classification,False,97260ab36de44912f6c41e17a5f25395d998f276bfa6efb77450e83027750f51,grp_UNK_c211d3ff7277,1,UNK|lack_of_penetration,train,C2,,,none,,none,,riawelc-mock-v1,1,MOCK — 실이미지 없음. 스키마 검증·선행 개발 전용
riawelc:data/raw/riawelc/RT/UNK/w00096_f2.png,riawelc,data/raw/riawelc/RT/UNK/w00096_f2.png,c2ecc863758c4ff76e9705e6fb66091feeddb6a57aaea117aa69366615fbbdc5,224,224,RT,UNK,True,1,porosity,2011,PO,classification,False,20a9dbd6d304a0fe9d8f61719ccc4a4fd029404cf089caede7a2514a7a54467e,grp_UNK_1e3f1efae612,3,UNK|porosity,eval,,judgment_2000,,none,,none,,riawelc-mock-v1,1,MOCK — 실이미지 없음. 스키마 검증·선행 개발 전용
riawelc:data/raw/riawelc/RT/UNK/w00180_f1.png,riawelc,data/raw/riawelc/RT/UNK/w00180_f1.png,c4633b9b7b46f37ebc7d05b1aeaa165c489351056a042654e038197001cea395,224,224,RT,UNK,True,1,lack_of_penetration,402,LP,classification,False,93cfc42e330f77058cac9d85afdcd348e8eb35024f3392bc4cbccbebbba26179,grp_UNK_17864b82139e,2,UNK|lack_of_penetration,train,C3,,,none,,none,,riawelc-mock-v1,1,MOCK — 실이미지 없음. 스키마 검증·선행 개발 전용
riawelc:data/raw/riawelc/RT/UNK/w00173_f0.png,riawelc,data/raw/riawelc/RT/UNK/w00173_f0.png,c50e9c3ea42fc4611053f25c91820e26f163f0d9513a9ccc2344686843c52f5a,224,224,RT,UNK,False,0,,,,classification,False,daff382aac00ad217613457ce7e8e7f8fd0cdce778f0019adb2ae650ce50cc3e,grp_UNK_c50e9c3ea42f,1,UNK|__normal__,val,C3,,,none,,none,,riawelc-mock-v1,1,MOCK — 실이미지 없음. 스키마 검증·선행 개발 전용
riawelc:data/raw/riawelc/RT/UNK/w00055_f0.png,riawelc,data/raw/riawelc/RT/UNK/w00055_f0.png,c561b756d4080f07875867a4d4331cc4038e25c5843990c3ce990cbdcfc9e9cf,224,224,RT,UNK,True,1,porosity,2011,PO,classification,False,094e063023f8af6f7b659f582a9c56b071f2e139020c8cdf597fd2679c8f7a6e,grp_UNK_c561b756d408,1,UNK|porosity,eval,,,,none,,none,,riawelc-mock-v1,1,MOCK — 실이미지 없음. 스키마 검증·선행 개발 전용
riawelc:data/raw/riawelc/RT/UNK/w00101_f0.png,riawelc,data/raw/riawelc/RT/UNK/w00101_f0.png,c59c6a70efe8e9a06ccfcf9c0c0f6207c7458132bbb41a1cb22bd6473c3ab2de,224,224,RT,UNK,True,1,lack_of_penetration,402,LP,classification,False,8a8e95d60e884752f6b8498df0988d7fd4007de67a6024db10371de62cafa1bb,grp_UNK_c59c6a70efe8,1,UNK|lack_of_penetration,train,C3,,,none,,none,,riawelc-mock-v1,1,MOCK — 실이미지 없음. 스키마 검증·선행 개발 전용
riawelc:data/raw/riawelc/RT/UNK/w00054_f1.png,riawelc,data/raw/riawelc/RT/UNK/w00054_f1.png,c63796860acdd7dcdc3d098008d2ea251d496a328dcd3b216627ec1994e66a8f,224,224,RT,UNK,True,1,porosity,2011,PO,classification,False,b425a1c96d5b52a845d202c66d61be17076249c1d8bb5b68e9c093542f7e8004,grp_UNK_39a59c5857e2,2,UNK|porosity,train,C1,,,none,,none,,riawelc-mock-v1,1,MOCK — 실이미지 없음. 스키마 검증·선행 개발 전용
riawelc:data/raw/riawelc/RT/UNK/w00176_f0.png,riawelc,data/raw/riawelc/RT/UNK/w00176_f0.png,c7d869641f018ccc1e94079d417f9ffcfc6973c87754c01ca80780b33788b78b,224,224,RT,UNK,True,1,porosity,2011,PO,classification,False,b0a0a51e6852172ce2f214c125ceb77a6d8f433a27303ca649cfbb798a3aa051,grp_UNK_c7d869641f01,1,UNK|porosity,train,C3,,,none,,none,,riawelc-mock-v1,1,MOCK — 실이미지 없음. 스키마 검증·선행 개발 전용
riawelc:data/raw/riawelc/RT/UNK/w00187_f0.png,riawelc,data/raw/riawelc/RT/UNK/w00187_f0.png,c9607dd7ec1001f3fdea61fd3e5ab9f1323be1f2dd4c16c8cabbe6d4963900c5,224,224,RT,UNK,False,0,,,,classification,False,cf0921402b2938b577d24810d5cfe0c4a1aa0c1174100eaa86cf9a0d9b098f8c,grp_UNK_c9607dd7ec10,1,UNK|__normal__,train,C1,,,none,,none,,riawelc-mock-v1,1,MOCK — 실이미지 없음. 스키마 검증·선행 개발 전용
riawelc:data/raw/riawelc/RT/UNK/w00082_f0.png,riawelc,data/raw/riawelc/RT/UNK/w00082_f0.png,cac8a6150821fdb5ad957af63ff52afc055f8161e6f03869e14e6ae861d88587,224,224,RT,UNK,True,1,porosity,2011,PO,classification,False,78e0d35e1662990c2b4aa4c968c841b6b40ee49a91508fcdf46d74b5d76a434c,grp_UNK_8cdf8d0fb9d1,3,UNK|porosity,train,C2,,,none,,none,,riawelc-mock-v1,1,MOCK — 실이미지 없음. 스키마 검증·선행 개발 전용
riawelc:data/raw/riawelc/RT/UNK/w00042_f0.png,riawelc,data/raw/riawelc/RT/UNK/w00042_f0.png,cc7b75109c3e4000d1be6a9fdeaa7205475a71bf95c7400ab20ebfa1a2a858f5,224,224,RT,UNK,True,1,porosity,2011,PO,classification,False,dc1968ffa606b0f90b025d5718db68ab991495f6bc809b886ce5b20a25cd85ce,grp_UNK_cc7b75109c3e,1,UNK|porosity,train,C3,,,none,,none,,riawelc-mock-v1,1,MOCK — 실이미지 없음. 스키마 검증·선행 개발 전용
riawelc:data/raw/riawelc/RT/UNK/w00107_f0.png,riawelc,data/raw/riawelc/RT/UNK/w00107_f0.png,cd2ab445191310bd82f18ca09bb041bd31891249ff1b6c0032bc63aa811c91e3,224,224,RT,UNK,True,2,crack;porosity,100;2011,CR;PO,classification,False,b26677b63afe12de422d4633566ccb170e06c651c86e8774cb607e30be64faac,grp_UNK_cd2ab4451913,1,UNK|crack,train,C3,,,none,,none,,riawelc-mock-v1,1,MOCK — 실이미지 없음. 스키마 검증·선행 개발 전용
riawelc:data/raw/riawelc/RT/UNK/w00056_f0.png,riawelc,data/raw/riawelc/RT/UNK/w00056_f0.png,cddb4a01409975b612e347d36c85842828c69f97a4b060935c567e9f5b4f0bf2,224,224,RT,UNK,True,1,crack,100,CR,classification,False,978c421e246c5daeade2c678e99a50157885017e8373bc1c8cbe729041e9625d,grp_UNK_cddb4a014099,1,UNK|crack,train,C2,,,none,,none,,riawelc-mock-v1,1,MOCK — 실이미지 없음. 스키마 검증·선행 개발 전용
riawelc:data/raw/riawelc/RT/UNK/w00205_f0.png,riawelc,data/raw/riawelc/RT/UNK/w00205_f0.png,d0befeed26868b38f587b710dd7c8236d1292eda27ff27d75745cc1294478bb1,224,224,RT,UNK,True,1,lack_of_penetration,402,LP,classification,False,715544c587b16e04df0f5a48eae3ae9d9886f36feb37745f0b12a8fc55eb1125,grp_UNK_d0befeed2686,1,UNK|lack_of_penetration,eval,,,,none,,none,,riawelc-mock-v1,1,MOCK — 실이미지 없음. 스키마 검증·선행 개발 전용
riawelc:data/raw/riawelc/RT/UNK/w00036_f2.png,riawelc,data/raw/riawelc/RT/UNK/w00036_f2.png,d12a8d44a37ef001d80027962663813f2bdfdf92da0a48944f3dd8fc3c849f66,224,224,RT,UNK,True,1,lack_of_penetration,402,LP,classification,False,e6678fc7c265fc88c93fa25a23ecc6b726f2e69c55957ce8086c5139964f412f,grp_UNK_138331804ac1,4,UNK|lack_of_penetration,train,C2,,,none,,none,,riawelc-mock-v1,1,MOCK — 실이미지 없음. 스키마 검증·선행 개발 전용
riawelc:data/raw/riawelc/RT/UNK/w00151_f0.png,riawelc,data/raw/riawelc/RT/UNK/w00151_f0.png,d175b04d3fe7fd2ec1a3fbba64a70a0c3b64823b659887d6eaf2515502de9c57,224,224,RT,UNK,False,0,,,,classification,False,da5b3db9d0a0034897bfc148ed13291b293537d763cd2d1145552a76e25a3727,grp_UNK_d175b04d3fe7,1,UNK|__normal__,train,C3,,,none,,none,,riawelc-mock-v1,1,MOCK — 실이미지 없음. 스키마 검증·선행 개발 전용
riawelc:data/raw/riawelc/RT/UNK/w00184_f2.png,riawelc,data/raw/riawelc/RT/UNK/w00184_f2.png,d247737f7fd4620ce48f6ce4d890da027ffa33fa0f8bdcc38f57468bc4915527,224,224,RT,UNK,True,1,porosity,2011,PO,classification,False,26e79e7bd01f57b69c680e960132f01b485336ab6b9ac0638c0c2d79931714b0,grp_UNK_07e3197f919f,3,UNK|porosity,train,C1,,,none,,none,,riawelc-mock-v1,1,MOCK — 실이미지 없음. 스키마 검증·선행 개발 전용
riawelc:data/raw/riawelc/RT/UNK/w00072_f2.png,riawelc,data/raw/riawelc/RT/UNK/w00072_f2.png,d24b7d0b086f02cfca4f0e93180c9ae786abe5bd5961f6e0d29b3e7694f9b7b7,224,224,RT,UNK,True,1,porosity,2011,PO,classification,False,fa513bc5af86c0bad76751ffacf44e8c9bf6da5be3682407ac8debaac74e9f16,grp_UNK_389c7b7a5277,4,UNK|porosity,eval,,judgment_2000,,none,,none,,riawelc-mock-v1,1,MOCK — 실이미지 없음. 스키마 검증·선행 개발 전용
riawelc:data/raw/riawelc/RT/UNK/w00074_f1.png,riawelc,data/raw/riawelc/RT/UNK/w00074_f1.png,d29de10854cf4c5f0e0ebb483c727c640793e8fe988c0674cce10cb80f13067d,224,224,RT,UNK,False,0,,,,classification,False,c70ff34e2ed355182e662221fedd07ba3d9c9d9d5058ddc3f4f37669f9b7d3e3,grp_UNK_0746ba3fdce9,3,UNK|__normal__,train,C3,,,none,,none,,riawelc-mock-v1,1,MOCK — 실이미지 없음. 스키마 검증·선행 개발 전용
riawelc:data/raw/riawelc/RT/UNK/w00021_f0.png,riawelc,data/raw/riawelc/RT/UNK/w00021_f0.png,d2faf0e36be296e718ef30b4653433ff2f5741fe7ce5088687c56bf0a9f59a18,224,224,RT,UNK,True,1,crack,100,CR,classification,False,729258f3c4d1a6869bafb24137820e48823a3e81f587b947d081faecd462a107,grp_UNK_d2faf0e36be2,1,UNK|crack,train,C3,,,none,,none,,riawelc-mock-v1,1,MOCK — 실이미지 없음. 스키마 검증·선행 개발 전용
riawelc:data/raw/riawelc/RT/UNK/w00051_f0.png,riawelc,data/raw/riawelc/RT/UNK/w00051_f0.png,d3d70e3a8b92e3024a990b0b2d01ec77fcea0f004bac78039183b06f3dbe4bdd,224,224,RT,UNK,True,1,porosity,2011,PO,classification,False,776bbb34f3e29ecf07e7e6631af2d5676d845b75fc25ca78827105d1980f6082,grp_UNK_d3d70e3a8b92,1,UNK|porosity,train,C3,,,none,,none,,riawelc-mock-v1,1,MOCK — 실이미지 없음. 스키마 검증·선행 개발 전용
riawelc:data/raw/riawelc/RT/UNK/w00169_f0.png,riawelc,data/raw/riawelc/RT/UNK/w00169_f0.png,d57cfa0ed7fbd1614049a345efdce5f671c3866f010abd11c692b5ddb0a263e9,224,224,RT,UNK,True,1,porosity,2011,PO,classification,False,bc43864497e564d94d69e836da5b4b5384db7373d5aff25928f453a0ab29081d,grp_UNK_d57cfa0ed7fb,1,UNK|porosity,train,C2,,,none,,none,,riawelc-mock-v1,1,MOCK — 실이미지 없음. 스키마 검증·선행 개발 전용
riawelc:data/raw/riawelc/RT/UNK/w00156_f0.png,riawelc,data/raw/riawelc/RT/UNK/w00156_f0.png,d5cd60862a12f7795409a040f8fb23abfcdfb25263e640b137dd0f611b29b8ca,224,224,RT,UNK,True,1,lack_of_penetration,402,LP,classification,False,2bf762d45a61b7148ef434890cb664c7bbeefc49afd0b742bf2a91999037db09,grp_UNK_d5cd60862a12,1,UNK|lack_of_penetration,train,C2,,,none,,none,,riawelc-mock-v1,1,MOCK — 실이미지 없음. 스키마 검증·선행 개발 전용
riawelc:data/raw/riawelc/RT/UNK/w00209_f2.png,riawelc,data/raw/riawelc/RT/UNK/w00209_f2.png,d6f5c769dab5177c37e5e91a119db6f019358950b8d4d5455bac77b1e4d9d2a5,224,224,RT,UNK,True,1,lack_of_penetration,402,LP,classification,False,01ff2797b2a6a39bf77d98be27f989ba89dbff0aa5f11df4bc911f258063c7da,grp_UNK_2e1c2de0bd17,4,UNK|lack_of_penetration,train,C2,,,none,,none,,riawelc-mock-v1,1,MOCK — 실이미지 없음. 스키마 검증·선행 개발 전용
riawelc:data/raw/riawelc/RT/UNK/w00100_f0.png,riawelc,data/raw/riawelc/RT/UNK/w00100_f0.png,d70c72d6c72728680870b16e98ca750da150cba93996e479fe9dee992c7f3df1,224,224,RT,UNK,True,1,crack,100,CR,classification,False,ed1c8ec263721684b7f34986a678e69bd99f77896df7b083866d8bcb3e7fd157,grp_UNK_d70c72d6c727,1,UNK|crack,train,C1,,,none,,none,,riawelc-mock-v1,1,MOCK — 실이미지 없음. 스키마 검증·선행 개발 전용
riawelc:data/raw/riawelc/RT/UNK/w00003_f3.png,riawelc,data/raw/riawelc/RT/UNK/w00003_f3.png,d71857bd95b15a7fcbabd2b99caef79a78f1e3edc69398ce57d7adff50409392,224,224,RT,UNK,True,2,lack_of_penetration;porosity,2011;402,LP;PO,classification,False,7ee789f5849c0576df44ef1cf7aab19efb49ffc0f61e92a2fbfae24c5cd79c83,grp_UNK_05b465305123,4,UNK|porosity,train,C3,,,none,,none,,riawelc-mock-v1,1,MOCK — 실이미지 없음. 스키마 검증·선행 개발 전용
riawelc:data/raw/riawelc/RT/UNK/w00140_f0.png,riawelc,data/raw/riawelc/RT/UNK/w00140_f0.png,d7cae3d12144ba1c537704a4964935b05c5460e274c393fe66f1f4bdfe74adee,224,224,RT,UNK,False,0,,,,classification,False,bfb3d98bc126ef25d8a8c7d2988b81977df6e4285223c93c04494b8d58bf5e3c,grp_UNK_d7cae3d12144,1,UNK|__normal__,train,C1,,,none,,none,,riawelc-mock-v1,1,MOCK — 실이미지 없음. 스키마 검증·선행 개발 전용
riawelc:data/raw/riawelc/RT/UNK/w00196_f0.png,riawelc,data/raw/riawelc/RT/UNK/w00196_f0.png,d7fa22eabf04153eb0663290768d38ede23e17e7101918c7c2a9a146fe314afc,224,224,RT,UNK,True,1,crack,100,CR,classification,False,1262920da2d7ec2e3ea330965c160811b63d9e988cc3999cf45a943735230e94,grp_UNK_d7fa22eabf04,1,UNK|crack,eval,,,,none,,none,,riawelc-mock-v1,1,MOCK — 실이미지 없음. 스키마 검증·선행 개발 전용
riawelc:data/raw/riawelc/RT/UNK/w00142_f0.png,riawelc,data/raw/riawelc/RT/UNK/w00142_f0.png,d8bfc91527aaed024bbe181497dba796f389fd87e98555788a857bfe0c72137d,224,224,RT,UNK,False,0,,,,classification,False,52e577ead55761b7480dfad1bdcb42266790864debf4c9d2eac64238795375b8,grp_UNK_d8bfc91527aa,1,UNK|__normal__,train,C1,,,none,,none,,riawelc-mock-v1,1,MOCK — 실이미지 없음. 스키마 검증·선행 개발 전용
riawelc:data/raw/riawelc/RT/UNK/w00075_f0.png,riawelc,data/raw/riawelc/RT/UNK/w00075_f0.png,d8ea43d2e4aaba75ba389e1326bec02adbbe97e42c31d5371e9e906f602cabb8,224,224,RT,UNK,True,1,crack,100,CR,classification,False,99658e4c05abd927846203633a3324d8ff7715d349410865b4908763ab802810,grp_UNK_d8ea43d2e4aa,1,UNK|crack,eval,,,,none,,none,,riawelc-mock-v1,1,MOCK — 실이미지 없음. 스키마 검증·선행 개발 전용
riawelc:data/raw/riawelc/RT/UNK/w00147_f0.png,riawelc,data/raw/riawelc/RT/UNK/w00147_f0.png,da303fc4d42a605e223fbab2879d88fe4f2677b0aaf32c1c94dbd373061b8708,224,224,RT,UNK,True,1,porosity,2011,PO,classification,False,8d4491547b3976b60b1e749d2f133aa6ee751c5e9803305160c8a2c575db615a,grp_UNK_da303fc4d42a,1,UNK|porosity,train,C1,,,none,,none,,riawelc-mock-v1,1,MOCK — 실이미지 없음. 스키마 검증·선행 개발 전용
riawelc:data/raw/riawelc/RT/UNK/w00206_f0.png,riawelc,data/raw/riawelc/RT/UNK/w00206_f0.png,da3a39c7c025388d6e002b008aa59022b49bbd52fed4bca1961c61926851c0bd,224,224,RT,UNK,True,1,lack_of_penetration,402,LP,classification,False,d786489661f9926b8234656645260ee1a1fbf254e344311fa662a75b913294eb,grp_UNK_da3a39c7c025,1,UNK|lack_of_penetration,eval,,,,none,,none,,riawelc-mock-v1,1,MOCK — 실이미지 없음. 스키마 검증·선행 개발 전용
riawelc:data/raw/riawelc/RT/UNK/w00119_f0.png,riawelc,data/raw/riawelc/RT/UNK/w00119_f0.png,dca45be6d45392a784355d1d639ac557d344f6f44d3bca713352dfdb5e8f8b80,224,224,RT,UNK,True,1,porosity,2011,PO,classification,False,98243fa7c7630c9dc43373a84f86e213cce810eedf053be67422aba1bafe4ef8,grp_UNK_dca45be6d453,1,UNK|porosity,eval,,,,none,,none,,riawelc-mock-v1,1,MOCK — 실이미지 없음. 스키마 검증·선행 개발 전용
riawelc:data/raw/riawelc/RT/UNK/w00009_f0.png,riawelc,data/raw/riawelc/RT/UNK/w00009_f0.png,dfa7c9404fb838b04e49f53e10b0cab453b658c12636743f75ccd564ae494569,224,224,RT,UNK,True,1,crack,100,CR,classification,False,ad1fb146fac4b5eccf9393b1c90b083e837eaaade833bc45648f5d3ef5c4d321,grp_UNK_dfa7c9404fb8,1,UNK|crack,train,C3,,,none,,none,,riawelc-mock-v1,1,MOCK — 실이미지 없음. 스키마 검증·선행 개발 전용
riawelc:data/raw/riawelc/RT/UNK/w00040_f0.png,riawelc,data/raw/riawelc/RT/UNK/w00040_f0.png,e1f6b50435eb64235307672d171ea62771e9ac69fb06617376ff7009901cb30a,224,224,RT,UNK,True,1,porosity,2011,PO,classification,False,9ec08ac2f30e2635196426446bb7996f93409f078e4f1580a2dae0c12fcea2d0,grp_UNK_e1f6b50435eb,1,UNK|porosity,eval,,,,none,,none,,riawelc-mock-v1,1,MOCK — 실이미지 없음. 스키마 검증·선행 개발 전용
riawelc:data/raw/riawelc/RT/UNK/w00068_f2.png,riawelc,data/raw/riawelc/RT/UNK/w00068_f2.png,e286cac53b6a5949b77bed26d25e888bc901308b0dc0c72f1a59d9df7fd40301,224,224,RT,UNK,True,1,lack_of_penetration,402,LP,classification,False,c33931d1b957cfce54604d9156abde51f8bea590d38b6d441d84268015dabebb,grp_UNK_88ac600f9862,4,UNK|lack_of_penetration,train,C3,,,none,,none,,riawelc-mock-v1,1,MOCK — 실이미지 없음. 스키마 검증·선행 개발 전용
riawelc:data/raw/riawelc/RT/UNK/w00030_f0.png,riawelc,data/raw/riawelc/RT/UNK/w00030_f0.png,e28e1416591d983a42cb83e47ef6cd57de9eb4f34f306d7776cafc49323ab0bc,224,224,RT,UNK,True,1,porosity,2011,PO,classification,False,b61d6541229b4cd848918cdd81542baefc4bd32ff7188e1f597fb87b31b18bf7,grp_UNK_e28e1416591d,1,UNK|porosity,val,C3,,,none,,none,,riawelc-mock-v1,1,MOCK — 실이미지 없음. 스키마 검증·선행 개발 전용
riawelc:data/raw/riawelc/RT/UNK/w00103_f0.png,riawelc,data/raw/riawelc/RT/UNK/w00103_f0.png,e2d5dba46d0891240e5223dd16d4f0f7641203e63999d6856a73c89b5985c27a,224,224,RT,UNK,False,0,,,,classification,False,ce8ce913a050840863f44fa5723328d65ab1ed238b0092984f9858cdb00770e1,grp_UNK_e2d5dba46d08,1,UNK|__normal__,train,C2,,,none,,none,,riawelc-mock-v1,1,MOCK — 실이미지 없음. 스키마 검증·선행 개발 전용
riawelc:data/raw/riawelc/RT/UNK/w00041_f0.png,riawelc,data/raw/riawelc/RT/UNK/w00041_f0.png,e4037258a119f11e116a07dae9d4b97c4c91133793e1be9042de52a2ffa6adce,224,224,RT,UNK,True,2,crack;lack_of_penetration,100;402,CR;LP,classification,False,39c9e00a1dffcc642ea92bae8e9031b64854507428a1c873ab12b2d88a18afd4,grp_UNK_e4037258a119,1,UNK|crack,train,C1,,,none,,none,,riawelc-mock-v1,1,MOCK — 실이미지 없음. 스키마 검증·선행 개발 전용
riawelc:data/raw/riawelc/RT/UNK/w00003_f0.png,riawelc,data/raw/riawelc/RT/UNK/w00003_f0.png,e7392b88f1f191d270af5c269d837016a065b73f31cfc0e575259384cbbba757,224,224,RT,UNK,True,2,lack_of_penetration;porosity,2011;402,LP;PO,classification,False,7ee789f5849c0576df44ef1cf7aab19efb49ffc0f61e92a2fbfae24c5cd79c83,grp_UNK_05b465305123,4,UNK|porosity,train,C3,,,none,,none,,riawelc-mock-v1,1,MOCK — 실이미지 없음. 스키마 검증·선행 개발 전용
riawelc:data/raw/riawelc/RT/UNK/w00013_f0.png,riawelc,data/raw/riawelc/RT/UNK/w00013_f0.png,e774b0766c6b038186988ad47b97b95941daad33351a89b884c12fc6054c2bd7,224,224,RT,UNK,True,1,lack_of_penetration,402,LP,classification,False,ac7e053d3861d201cbbb78b13082e3460f1c9ec676cc8c920fcb19182bc9351b,grp_UNK_e774b0766c6b,1,UNK|lack_of_penetration,train,C1,,,none,,none,,riawelc-mock-v1,1,MOCK — 실이미지 없음. 스키마 검증·선행 개발 전용
riawelc:data/raw/riawelc/RT/UNK/w00053_f0.png,riawelc,data/raw/riawelc/RT/UNK/w00053_f0.png,e89463d331c9413fe1216aca0028a3c08024714e4996fbf00af9f865fe15d0e5,224,224,RT,UNK,True,1,porosity,2011,PO,classification,False,b8af6274f1ccf2b1f183415c31f9e2602a1d336b9910bd27cb7ac9560e29853b,grp_UNK_e89463d331c9,1,UNK|porosity,train,C2,,,none,,none,,riawelc-mock-v1,1,MOCK — 실이미지 없음. 스키마 검증·선행 개발 전용
riawelc:data/raw/riawelc/RT/UNK/w00191_f0.png,riawelc,data/raw/riawelc/RT/UNK/w00191_f0.png,e984319f8fb0395c1eda126b5916efb2eb2d83aa553cda53672b3c3685530347,224,224,RT,UNK,True,2,lack_of_penetration;porosity,2011;402,LP;PO,classification,False,32aa4aa6877fae91bdc9e29a8f63eede583da5fc94275af446093c589cac1251,grp_UNK_e984319f8fb0,1,UNK|porosity,train,C1,,,none,,none,,riawelc-mock-v1,1,MOCK — 실이미지 없음. 스키마 검증·선행 개발 전용
riawelc:data/raw/riawelc/RT/UNK/w00122_f0.png,riawelc,data/raw/riawelc/RT/UNK/w00122_f0.png,e9be996b4c942369ff044d24d46f452054f3836e42085c53f6d5bb8d7ba0abac,224,224,RT,UNK,True,1,lack_of_penetration,402,LP,classification,False,9c44c31b157cedb4ec76d27b2c08a495f97fc20b6f6a2e43ce891066e86c9920,grp_UNK_e9be996b4c94,1,UNK|lack_of_penetration,eval,,,,none,,none,,riawelc-mock-v1,1,MOCK — 실이미지 없음. 스키마 검증·선행 개발 전용
riawelc:data/raw/riawelc/RT/UNK/w00183_f0.png,riawelc,data/raw/riawelc/RT/UNK/w00183_f0.png,ea67cc5776af88e61fe98584d37c579e72a6702a123a2ecb83f0dbf79292d08c,224,224,RT,UNK,False,0,,,,classification,False,e0e5ff4704593184995a36e920e9206bd43b0b2ad0b1f0bcca28c81b78e94835,grp_UNK_ea67cc5776af,1,UNK|__normal__,val,C2,,,none,,none,,riawelc-mock-v1,1,MOCK — 실이미지 없음. 스키마 검증·선행 개발 전용
riawelc:data/raw/riawelc/RT/UNK/w00116_f2.png,riawelc,data/raw/riawelc/RT/UNK/w00116_f2.png,edf791222ecb407aa63692d77c8fa730512856454523943a79964c182676961d,224,224,RT,UNK,True,1,porosity,2011,PO,classification,False,de9b601cfb08631b43e379a10a937da1c6582ce08e3ad8055c95adf32550fef3,grp_UNK_5e8565c00b69,3,UNK|porosity,train,C2,,,none,,none,,riawelc-mock-v1,1,MOCK — 실이미지 없음. 스키마 검증·선행 개발 전용
riawelc:data/raw/riawelc/RT/UNK/w00059_f0.png,riawelc,data/raw/riawelc/RT/UNK/w00059_f0.png,ee8507df87a405fa36dc89c5e9056463282c2b977af67b2c7bf0717f9a33455a,224,224,RT,UNK,True,2,crack;lack_of_penetration,100;402,CR;LP,classification,False,d82f48200ba3cada21d4dbe40e8c3a96f9606ad890d43b374968ca4d840748be,grp_UNK_ee8507df87a4,1,UNK|crack,train,C2,,,none,,none,,riawelc-mock-v1,1,MOCK — 실이미지 없음. 스키마 검증·선행 개발 전용
riawelc:data/raw/riawelc/RT/UNK/w00008_f0.png,riawelc,data/raw/riawelc/RT/UNK/w00008_f0.png,ee9383b8ac0ddda3ae2116028b44c40e07e379683a03e7490181815f9ff2d900,224,224,RT,UNK,True,1,lack_of_penetration,402,LP,classification,False,fc3ac8b5dddad780374ebe8ced95b3d919cdf132c5679da3557e7cdc1bef48ce,grp_UNK_4b24de7e56ff,4,UNK|lack_of_penetration,eval,,,,none,,none,,riawelc-mock-v1,1,MOCK — 실이미지 없음. 스키마 검증·선행 개발 전용
riawelc:data/raw/riawelc/RT/UNK/w00068_f0.png,riawelc,data/raw/riawelc/RT/UNK/w00068_f0.png,f06961291aad7719879555d27929e3ca5ace5a11f4f28889c32f77d439869cab,224,224,RT,UNK,True,1,lack_of_penetration,402,LP,classification,False,c33931d1b957cfce54604d9156abde51f8bea590d38b6d441d84268015dabebb,grp_UNK_88ac600f9862,4,UNK|lack_of_penetration,train,C3,,,none,,none,,riawelc-mock-v1,1,MOCK — 실이미지 없음. 스키마 검증·선행 개발 전용
riawelc:data/raw/riawelc/RT/UNK/w00018_f0.png,riawelc,data/raw/riawelc/RT/UNK/w00018_f0.png,f0b416096d38ac838e40e2043aef5073e062c89b1d289d3ad24b7a659c5e0519,224,224,RT,UNK,True,1,porosity,2011,PO,classification,False,8dce4c7b63fac5742e3f40878ef8e0b4fddb0122e0de18bc409e7c59355c7dde,grp_UNK_f0b416096d38,1,UNK|porosity,train,C1,,,none,,none,,riawelc-mock-v1,1,MOCK — 실이미지 없음. 스키마 검증·선행 개발 전용
riawelc:data/raw/riawelc/RT/UNK/w00070_f0.png,riawelc,data/raw/riawelc/RT/UNK/w00070_f0.png,f21df6027888d9c4ae20c6fa40ad2a945d6652d273cbc72a6e0be3f3c94b3cc8,224,224,RT,UNK,True,2,lack_of_penetration;porosity,2011;402,LP;PO,classification,False,df8665af10d8fd0e2487a53c07f0ccf432d0c3609b4ba247ad767aa2f0bcbdd4,grp_UNK_f21df6027888,1,UNK|porosity,eval,,,,none,,none,,riawelc-mock-v1,1,MOCK — 실이미지 없음. 스키마 검증·선행 개발 전용
riawelc:data/raw/riawelc/RT/UNK/w00162_f0.png,riawelc,data/raw/riawelc/RT/UNK/w00162_f0.png,f32143015fb679ce617a7e16067b9260cab137d8cd2556e406790226b4e41728,224,224,RT,UNK,False,0,,,,classification,False,2ebde8027506fd850785098adcdc2d32fd995c063003285097307c15fb1d4f83,grp_UNK_f32143015fb6,1,UNK|__normal__,train,C1,,,none,,none,,riawelc-mock-v1,1,MOCK — 실이미지 없음. 스키마 검증·선행 개발 전용
riawelc:data/raw/riawelc/RT/UNK/w00010_f0.png,riawelc,data/raw/riawelc/RT/UNK/w00010_f0.png,f35c09d97ff8bd799333972715df2ea739575f69191e27327fc13d6c54dc12ee,224,224,RT,UNK,True,2,crack;porosity,100;2011,CR;PO,classification,False,48518cbb5929177085c61de52ed9516ce3d90cc719209ee30b74aa70eccb3d5a,grp_UNK_f35c09d97ff8,1,UNK|crack,train,C1,,,none,,none,,riawelc-mock-v1,1,MOCK — 실이미지 없음. 스키마 검증·선행 개발 전용
riawelc:data/raw/riawelc/RT/UNK/w00094_f2.png,riawelc,data/raw/riawelc/RT/UNK/w00094_f2.png,f3d9f37eb0a68cbc4bdf054cc9463f8068d57ecafe3855c0f74ccf277c6e04a1,224,224,RT,UNK,False,0,,,,classification,False,6550775dafc470e95e5cb3137017d19c251d9d7ce69d5c1047a488513a1ab7bc,grp_UNK_3ed0ec665469,4,UNK|__normal__,train,C1,,,none,,none,,riawelc-mock-v1,1,MOCK — 실이미지 없음. 스키마 검증·선행 개발 전용
riawelc:data/raw/riawelc/RT/UNK/w00204_f1.png,riawelc,data/raw/riawelc/RT/UNK/w00204_f1.png,f8959285470a92094cddd30b4febf95cb301b8e4a1216de8360869c3dde1ee4a,224,224,RT,UNK,True,1,porosity,2011,PO,classification,False,ca132f39e9b71b262a107495a373d980a2650221345a44c92d102419a87a9505,grp_UNK_40250bd16ea9,2,UNK|porosity,train,C3,,,none,,none,,riawelc-mock-v1,1,MOCK — 실이미지 없음. 스키마 검증·선행 개발 전용
riawelc:data/raw/riawelc/RT/UNK/w00052_f0.png,riawelc,data/raw/riawelc/RT/UNK/w00052_f0.png,f8f2fbdb0ab759ad2d1e041b8fd99a0f6ad736e6b68f435f413c4d21749f19d6,224,224,RT,UNK,True,1,crack,100,CR,classification,False,9b1c3034ad4320445111471d608c745d51d918ffc26dd77e453ccd2912f9115b,grp_UNK_f8f2fbdb0ab7,1,UNK|crack,train,C3,,,none,,none,,riawelc-mock-v1,1,MOCK — 실이미지 없음. 스키마 검증·선행 개발 전용
riawelc:data/raw/riawelc/RT/UNK/w00175_f0.png,riawelc,data/raw/riawelc/RT/UNK/w00175_f0.png,fab60ceac00d99e0267b7194a8604b71c77a690829297efddd8ca82e2b5446e6,224,224,RT,UNK,False,0,,,,classification,False,b6a42048f2387f9a821fb33eb0d0d92a45e184ef45b5ddfef1ee5ab02a304806,grp_UNK_fab60ceac00d,1,UNK|__normal__,train,C2,,,none,,none,,riawelc-mock-v1,1,MOCK — 실이미지 없음. 스키마 검증·선행 개발 전용
riawelc:data/raw/riawelc/RT/UNK/w00089_f0.png,riawelc,data/raw/riawelc/RT/UNK/w00089_f0.png,faf842f33911e7908c78709bf8666fb082864212baf5a106d3ce5ed2d0ae7232,224,224,RT,UNK,True,1,crack,100,CR,classification,False,04c17de699f6deae491156038adabaa39f3372cb54c909e1869416cac52016ba,grp_UNK_faf842f33911,1,UNK|crack,eval,,judgment_2000,,none,,none,,riawelc-mock-v1,1,MOCK — 실이미지 없음. 스키마 검증·선행 개발 전용
riawelc:data/raw/riawelc/RT/UNK/w00068_f3.png,riawelc,data/raw/riawelc/RT/UNK/w00068_f3.png,fcb4c52e219f644c4e1a28e1456b843eea0b8c3d1c53a23657c86105955f715c,224,224,RT,UNK,True,1,lack_of_penetration,402,LP,classification,False,c33931d1b957cfce54604d9156abde51f8bea590d38b6d441d84268015dabebb,grp_UNK_88ac600f9862,4,UNK|lack_of_penetration,train,C3,,,none,,none,,riawelc-mock-v1,1,MOCK — 실이미지 없음. 스키마 검증·선행 개발 전용
riawelc:data/raw/riawelc/RT/UNK/w00120_f0.png,riawelc,data/raw/riawelc/RT/UNK/w00120_f0.png,fcdb8a4c11f95c7cdd6b3fa9e0d62c24e0c7a837c5791cedaf9995eb33541864,224,224,RT,UNK,True,1,lack_of_penetration,402,LP,classification,False,a15387a43b33ac2c9f0ea9763e01566f0c274a8a782a06dd087ffc7b71552acb,grp_UNK_7a015ee45ac7,3,UNK|lack_of_penetration,eval,,,,none,,none,,riawelc-mock-v1,1,MOCK — 실이미지 없음. 스키마 검증·선행 개발 전용
riawelc:data/raw/riawelc/RT/UNK/w00016_f0.png,riawelc,data/raw/riawelc/RT/UNK/w00016_f0.png,fd42db8a2cdca89489abfd610c2904af8425b610c6506cd7aa8b3a79c0d5deaf,224,224,RT,UNK,False,0,,,,classification,False,850b289b423a5cba12a4b9c5be5c79b67d79e60ea9893dfcd4b2a2322f2ca542,grp_UNK_6029a904e07d,2,UNK|__normal__,eval,,,,none,,none,,riawelc-mock-v1,1,MOCK — 실이미지 없음. 스키마 검증·선행 개발 전용
riawelc:data/raw/riawelc/RT/UNK/w00083_f0.png,riawelc,data/raw/riawelc/RT/UNK/w00083_f0.png,fe5e0ce3f5ba2c8c726d749b1880cf2ae5babf09795faa23a93f7e6eeb32de78,224,224,RT,UNK,False,0,,,,classification,False,c334810d0ee1d5b5187341858e9e7407b8a839a0d712085966ca9fdc5d322d14,grp_UNK_374c148b87d8,3,UNK|__normal__,train,C3,,,none,,none,,riawelc-mock-v1,1,MOCK — 실이미지 없음. 스키마 검증·선행 개발 전용
riawelc:data/raw/riawelc/RT/UNK/w00097_f0.png,riawelc,data/raw/riawelc/RT/UNK/w00097_f0.png,ff27ec5aca20e0150715b2c27fbd759cfb2636962b92c548e400b6774211bff3,224,224,RT,UNK,False,0,,,,classification,False,7cd16ce22963c23cefb9988b5c2241967edcd7f9081931e68fedb2623a3ae68e,grp_UNK_ff27ec5aca20,1,UNK|__normal__,train,C2,,,none,,none,,riawelc-mock-v1,1,MOCK — 실이미지 없음. 스키마 검증·선행 개발 전용
riawelc:data/raw/riawelc/RT/UNK/w00104_f0.png,riawelc,data/raw/riawelc/RT/UNK/w00104_f0.png,ff2d7756ee7839d63aae1229b37c02a855fa4d599a0e62e5f7a3f2b3e666575f,224,224,RT,UNK,True,1,crack,100,CR,classification,False,5322d18321cf22231cc4c93febaae78a4c115bfb812c663d0284eca0d951fad2,grp_UNK_ff2d7756ee78,1,UNK|crack,train,C3,,,none,,none,,riawelc-mock-v1,1,MOCK — 실이미지 없음. 스키마 검증·선행 개발 전용
riawelc:data/raw/riawelc/RT/UNK/w00067_f2.png,riawelc,data/raw/riawelc/RT/UNK/w00067_f2.png,ff8d6fbe2d7cc20a84c7efb229b4a085a6efe3b625599438572e95b736fdefc0,224,224,RT,UNK,True,2,lack_of_penetration;porosity,2011;402,LP;PO,classification,False,f71f055bacaaee7bcdc53cf873cab04141b2462378c940e4faa0ddf746d64349,grp_UNK_8ca74a171391,4,UNK|porosity,train,C1,,,none,,none,,riawelc-mock-v1,1,MOCK — 실이미지 없음. 스키마 검증·선행 개발 전용
