ann_id,image_id,src_label_raw,defect_type,iso_code,polygon_json,bbox_x1_px,bbox_y1_px,bbox_x2_px,bbox_y2_px,area_px,major_axis_px,minor_axis_px,equiv_diameter_px,major_axis_mm,equiv_diameter_mm,geom_valid,geom_flags
aihub71761:data/raw/aihub71761/RT/AL/w00002_f0.png#0,aihub71761:data/raw/aihub71761/RT/AL/w00002_f0.png,융합불량,lack_of_fusion,401,"[[294.59,374.24],[219.55,343.89],[222.4,342.54],[230.54,337.16],[234.55,331.0],[238.37,322.79],[271.77,312.39],[272.71,317.79],[307.88,347.19],[303.02,350.21]]",219,312,308,375,2762.17,83.12,48.78,59.30,,,True,
aihub71761:data/raw/aihub71761/RT/AL/w00005_f0.png#0,aihub71761:data/raw/aihub71761/RT/AL/w00005_f0.png,기공,porosity,2011,"[[251.83,551.5],[232.76,554.11],[232.69,553.43],[218.56,549.62],[213.62,537.67],[214.49,534.9]]",213,534,252,555,309.75,40.86,11.80,19.86,,,True,
aihub71761:data/raw/aihub71761/RT/AL/w00006_f0.png#0,aihub71761:data/raw/aihub71761/RT/AL/w00006_f0.png,슬래그혼입,slag_inclusion,301,"[[1043.35,191.94],[1040.8,194.49],[1041.36,196.65],[1026.73,200.43],[1009.21,188.55],[1013.76,175.19],[1011.73,171.98],[1015.16,165.81],[1042.17,178.05]]",1009,165,1044,201,778.72,37.17,26.76,31.49,,,True,
aihub71761:data/raw/aihub71761/RT/AL/w00006_f1.png#0,aihub71761:data/raw/aihub71761/RT/AL/w00006_f1.png,슬래그혼입,slag_inclusion,301,"[[131.8,265.24],[128.53,264.82],[116.82,270.09],[111.07,257.78],[129.19,253.22],[130.59,255.92]]",111,253,132,271,214.81,19.14,13.48,16.54,,,True,
aihub71761:data/raw/aihub71761/RT/AL/w00008_f0.png#0,aihub71761:data/raw/aihub71761/RT/AL/w00008_f0.png,기공,porosity,2011,"[[788.44,174.32],[789.43,177.69],[717.68,160.66],[763.78,123.62],[792.05,126.56],[788.09,143.98],[790.01,146.08],[801.03,147.3],[794.61,151.61]]",717,123,802,178,2480.80,78.01,50.35,56.20,,,True,
aihub71761:data/raw/aihub71761/RT/AL/w00010_f0.png#0,aihub71761:data/raw/aihub71761/RT/AL/w00010_f0.png,기공,porosity,2011,"[[928.49,451.9],[927.31,466.56],[891.6,485.76],[847.27,446.94],[856.68,429.69],[868.36,414.42],[882.89,405.73],[909.48,411.74],[921.86,431.98],[930.73,441.54]]",847,405,931,486,4242.03,78.70,67.47,73.49,,,True,
aihub71761:data/raw/aihub71761/RT/AL/w00010_f1.png#0,aihub71761:data/raw/aihub71761/RT/AL/w00010_f1.png,기공,porosity,2011,"[[1247.29,541.14],[1223.81,552.8],[1211.65,552.43],[1209.54,549.8],[1199.21,519.04],[1198.11,503.28],[1201.6,505.73],[1219.04,491.99],[1235.26,494.14]]",1198,491,1248,553,2122.78,60.09,41.10,51.99,,,True,
aihub71761:data/raw/aihub71761/RT/AL/w00011_f0.png#0,aihub71761:data/raw/aihub71761/RT/AL/w00011_f0.png,슬래그혼입,slag_inclusion,301,"[[1007.54,192.44],[1007.07,194.61],[981.34,208.46],[977.67,212.23],[968.27,190.83],[967.77,184.97],[971.51,177.49],[974.32,176.83],[982.65,172.67],[985.85,168.05],[1012.22,185.81]]",967,168,1013,213,1079.77,43.22,33.69,37.08,,,True,
aihub71761:data/raw/aihub71761/RT/AL/w00013_f0.png#0,aihub71761:data/raw/aihub71761/RT/AL/w00013_f0.png,기공,porosity,2011,"[[703.89,642.11],[675.33,643.41],[655.77,577.11],[695.76,556.49],[727.53,581.24],[728.27,596.27]]",655,556,729,644,4214.91,84.42,67.66,73.26,,,True,
aihub71761:data/raw/aihub71761/RT/AL/w00014_f0.png#0,aihub71761:data/raw/aihub71761/RT/AL/w00014_f0.png,슬래그혼입,slag_inclusion,301,"[[539.93,367.33],[531.32,367.24],[530.98,361.58],[520.33,345.55],[538.38,333.67],[542.94,331.38],[549.14,337.7],[553.53,349.0]]",520,331,554,368,695.01,30.73,29.25,29.75,,,True,
aihub71761:data/raw/aihub71761/RT/AL/w00018_f0.png#0,aihub71761:data/raw/aihub71761/RT/AL/w00018_f0.png,슬래그혼입,slag_inclusion,301,"[[965.83,314.67],[963.53,313.7],[962.07,312.39],[960.0,302.4],[962.9,298.67],[975.83,300.77],[975.73,303.34],[979.04,303.82]]",960,298,980,315,179.53,18.55,14.22,15.12,,,True,
aihub71761:data/raw/aihub71761/RT/AL/w00019_f0.png#0,aihub71761:data/raw/aihub71761/RT/AL/w00019_f0.png,기공,porosity,2011,"[[687.04,243.7],[670.99,250.56],[670.36,251.42],[664.87,245.4],[670.18,231.32],[680.24,228.55],[680.61,230.29],[680.56,231.1],[686.11,239.07]]",664,228,688,252,306.93,21.93,18.32,19.77,,,True,
aihub71761:data/raw/aihub71761/RT/AL/w00020_f0.png#0,aihub71761:data/raw/aihub71761/RT/AL/w00020_f0.png,기공,porosity,2011,"[[707.85,649.22],[710.22,646.1],[710.94,645.39],[702.6,644.14],[719.59,623.33],[767.6,609.56],[788.68,612.7],[788.08,613.9],[797.71,626.2]]",702,609,798,650,1833.67,96.59,23.59,48.32,,,True,
aihub71761:data/raw/aihub71761/RT/AL/w00022_f0.png#0,aihub71761:data/raw/aihub71761/RT/AL/w00022_f0.png,슬래그혼입,slag_inclusion,301,"[[844.76,504.66],[840.65,505.21],[839.78,506.41],[842.96,513.86],[795.91,506.03],[804.93,481.2],[823.15,478.55],[828.11,476.17],[828.62,481.0],[841.97,488.01],[841.32,491.29]]",795,476,845,514,1215.60,47.96,34.74,39.34,,,True,
aihub71761:data/raw/aihub71761/RT/AL/w00022_f1.png#0,aihub71761:data/raw/aihub71761/RT/AL/w00022_f1.png,슬래그혼입,slag_inclusion,301,"[[468.69,94.21],[436.83,109.15],[433.26,103.43],[428.5,96.22],[427.78,96.21],[463.11,66.72],[460.07,71.97],[472.61,76.96]]",427,66,473,110,897.77,48.10,24.68,33.81,,,True,
aihub71761:data/raw/aihub71761/RT/AL/w00022_f2.png#0,aihub71761:data/raw/aihub71761/RT/AL/w00022_f2.png,슬래그혼입,slag_inclusion,301,"[[883.17,251.94],[874.57,251.7],[875.28,254.71],[837.25,267.59],[824.73,244.45],[848.19,214.48],[852.22,218.13],[855.08,212.29],[882.26,238.09]]",824,212,884,268,1908.69,56.53,46.79,49.30,,,True,
aihub71761:data/raw/aihub71761/RT/AL/w00023_f0.png#0,aihub71761:data/raw/aihub71761/RT/AL/w00023_f0.png,균열,crack,100,"[[370.23,599.66],[370.43,601.18],[362.94,604.36],[359.97,601.09],[356.81,597.45],[363.29,589.75],[371.11,595.08]]",356,589,372,605,124.92,12.82,12.36,12.61,,,True,
aihub71761:data/raw/aihub71761/RT/AL/w00023_f0.png#1,aihub71761:data/raw/aihub71761/RT/AL/w00023_f0.png,기공,porosity,2011,"[[204.03,412.19],[200.21,416.22],[193.95,416.86],[193.72,416.86],[193.35,417.51],[189.37,416.12],[188.63,403.7],[196.21,398.18],[201.24,402.37],[203.78,404.79]]",188,398,205,418,222.57,19.13,15.06,16.83,,,True,
aihub71761:data/raw/aihub71761/RT/AL/w00023_f1.png#0,aihub71761:data/raw/aihub71761/RT/AL/w00023_f1.png,균열,crack,100,"[[300.56,60.21],[297.23,70.49],[295.21,72.25],[290.21,79.47],[284.33,75.58],[275.27,73.48],[262.78,52.57],[279.77,40.66],[287.16,39.57]]",262,39,301,80,902.39,38.24,28.44,33.90,,,True,
aihub71761:data/raw/aihub71761/RT/AL/w00023_f1.png#1,aihub71761:data/raw/aihub71761/RT/AL/w00023_f1.png,기공,porosity,2011,"[[551.03,392.61],[538.21,408.58],[540.31,412.24],[535.29,411.61],[530.71,419.11],[513.59,365.53],[527.58,359.42],[538.13,369.51],[553.29,386.43]]",513,359,554,420,1194.66,57.81,31.46,39.00,,,True,
aihub71761:data/raw/aihub71761/RT/AL/w00023_f2.png#0,aihub71761:data/raw/aihub71761/RT/AL/w00023_f2.png,균열,crack,100,"[[936.27,596.31],[938.65,602.36],[913.29,610.63],[892.88,599.65],[865.16,579.05],[865.22,577.82],[869.71,548.39],[879.33,543.19],[942.35,532.02],[949.3,555.38]]",865,532,950,611,4673.12,86.98,72.33,77.14,,,True,
aihub71761:data/raw/aihub71761/RT/AL/w00023_f2.png#1,aihub71761:data/raw/aihub71761/RT/AL/w00023_f2.png,기공,porosity,2011,"[[241.74,148.37],[235.04,149.97],[228.61,145.28],[225.77,131.49],[229.34,126.81],[236.9,123.56]]",225,123,242,150,276.15,25.57,12.44,18.75,,,True,
aihub71761:data/raw/aihub71761/RT/AL/w00024_f0.png#0,aihub71761:data/raw/aihub71761/RT/AL/w00024_f0.png,기공,porosity,2011,"[[523.13,382.21],[489.04,384.78],[487.65,383.49],[480.15,385.54],[456.62,373.51],[460.04,368.57],[456.51,342.38],[470.66,320.36],[523.78,317.74],[526.27,328.79]]",456,317,527,386,4081.77,71.77,65.57,72.09,,,True,
aihub71761:data/raw/aihub71761/RT/AL/w00025_f0.png#0,aihub71761:data/raw/aihub71761/RT/AL/w00025_f0.png,융합불량,lack_of_fusion,401,"[[723.45,475.05],[721.34,475.08],[718.36,477.31],[715.48,475.8],[722.71,467.0],[724.16,466.15],[724.54,466.28],[724.17,468.15]]",715,466,725,478,44.43,13.11,5.68,7.52,,,True,
aihub71761:data/raw/aihub71761/RT/AL/w00026_f0.png#0,aihub71761:data/raw/aihub71761/RT/AL/w00026_f0.png,슬래그혼입,slag_inclusion,301,"[[25.83,186.92],[20.46,182.89],[10.4,169.08],[10.16,152.7],[14.12,151.84],[16.0,148.0],[22.74,147.21],[40.16,138.31],[53.16,154.77]]",10,138,54,187,1199.56,43.09,36.64,39.08,,,True,
aihub71761:data/raw/aihub71761/RT/AL/w00027_f0.png#0,aihub71761:data/raw/aihub71761/RT/AL/w00027_f0.png,기공,porosity,2011,"[[580.34,144.78],[574.46,147.02],[571.08,124.51],[576.93,123.71],[578.94,120.38],[580.45,109.85],[589.83,108.14],[614.72,106.19],[627.35,113.57],[630.6,128.13],[636.01,133.23]]",571,106,637,148,1732.77,63.08,34.96,46.97,,,True,
aihub71761:data/raw/aihub71761/RT/AL/w00028_f0.png#0,aihub71761:data/raw/aihub71761/RT/AL/w00028_f0.png,슬래그혼입,slag_inclusion,301,"[[505.63,647.15],[502.87,648.82],[500.43,654.0],[470.75,650.71],[463.43,642.33],[462.46,632.15],[504.04,615.88],[513.39,617.5],[507.92,623.98]]",462,615,514,654,1228.72,49.01,38.29,39.55,,,True,
aihub71761:data/raw/aihub71761/RT/AL/w00033_f0.png#0,aihub71761:data/raw/aihub71761/RT/AL/w00033_f0.png,기공,porosity,2011,"[[905.69,57.18],[897.44,47.72],[901.55,45.35],[915.88,13.38],[929.46,9.6],[940.2,10.96],[953.48,20.07]]",897,9,954,58,1194.06,61.22,28.34,38.99,,,True,
aihub71761:data/raw/aihub71761/RT/AL/w00033_f1.png#0,aihub71761:data/raw/aihub71761/RT/AL/w00033_f1.png,기공,porosity,2011,"[[252.77,292.51],[249.32,309.42],[192.96,300.89],[194.66,256.27],[204.59,253.93],[209.57,254.5],[216.78,245.25],[230.14,251.77],[250.89,252.43],[251.36,268.79],[262.09,276.41]]",192,245,263,310,3215.06,69.68,58.58,63.98,,,True,
aihub71761:data/raw/aihub71761/RT/AL/w00033_f2.png#0,aihub71761:data/raw/aihub71761/RT/AL/w00033_f2.png,기공,porosity,2011,"[[153.64,106.47],[147.83,105.47],[130.87,103.69],[105.22,60.58],[98.99,54.51],[101.83,54.09],[102.34,53.75],[147.38,28.63]]",98,28,154,107,2394.86,78.09,50.31,55.22,,,True,
aihub71761:data/raw/aihub71761/RT/AL/w00033_f3.png#0,aihub71761:data/raw/aihub71761/RT/AL/w00033_f3.png,기공,porosity,2011,"[[1048.88,386.57],[1044.24,391.99],[1032.96,393.63],[1029.76,391.39],[1030.0,391.05],[1027.09,387.76],[1035.83,371.55],[1039.48,370.53],[1041.38,375.02],[1045.66,374.17],[1050.55,382.26]]",1027,370,1051,394,340.95,23.43,18.62,20.84,,,True,
aihub71761:data/raw/aihub71761/RT/AL/w00037_f0.png#0,aihub71761:data/raw/aihub71761/RT/AL/w00037_f0.png,융합불량,lack_of_fusion,401,"[[683.74,356.3],[664.52,373.15],[589.6,393.65],[588.44,380.61],[583.46,372.3],[572.84,353.9],[618.75,304.38],[630.89,299.96]]",572,299,684,394,5793.45,94.21,82.33,85.89,,,True,
aihub71761:data/raw/aihub71761/RT/AL/w00038_f0.png#0,aihub71761:data/raw/aihub71761/RT/AL/w00038_f0.png,기공,porosity,2011,"[[190.42,194.26],[179.53,210.04],[176.96,219.27],[165.91,222.76],[139.93,228.09],[116.72,214.35],[111.44,193.05],[130.13,159.48],[179.36,182.53]]",111,159,191,229,3465.27,70.12,58.81,66.42,,,True,
aihub71761:data/raw/aihub71761/RT/AL/w00041_f0.png#0,aihub71761:data/raw/aihub71761/RT/AL/w00041_f0.png,기공,porosity,2011,"[[402.42,112.66],[395.3,115.26],[386.72,139.64],[355.71,140.97],[339.25,133.14],[335.89,111.0],[328.04,109.81],[390.1,93.59],[398.73,104.73]]",328,93,403,141,2220.20,71.24,43.70,53.17,,,True,
aihub71761:data/raw/aihub71761/RT/AL/w00046_f0.png#0,aihub71761:data/raw/aihub71761/RT/AL/w00046_f0.png,기공,porosity,2011,"[[124.06,546.22],[115.94,556.98],[112.38,556.81],[112.95,559.67],[98.89,558.68],[94.01,543.35],[93.14,535.98],[92.7,533.51],[117.69,526.3],[123.86,541.59]]",92,526,125,560,753.54,30.75,29.17,30.97,,,True,
aihub71761:data/raw/aihub71761/RT/AL/w00050_f0.png#0,aihub71761:data/raw/aihub71761/RT/AL/w00050_f0.png,융합불량,lack_of_fusion,401,"[[677.53,114.65],[666.7,123.58],[633.35,110.46],[633.94,105.73],[635.57,99.96],[638.11,91.91],[646.29,90.95],[650.53,85.77],[667.76,86.35],[672.53,97.23]]",633,85,678,124,1144.65,45.01,35.03,38.18,,,True,
aihub71761:data/raw/aihub71761/RT/AL/w00050_f0.png#1,aihub71761:data/raw/aihub71761/RT/AL/w00050_f0.png,기공,porosity,2011,"[[529.8,236.51],[517.22,240.81],[495.03,211.91],[508.63,190.16],[511.31,184.56],[523.77,184.16],[547.17,209.18]]",495,184,548,241,1760.68,50.57,43.48,47.35,,,True,
aihub71761:data/raw/aihub71761/RT/AL/w00052_f0.png#0,aihub71761:data/raw/aihub71761/RT/AL/w00052_f0.png,기공,porosity,2011,"[[220.13,542.13],[215.4,551.26],[190.97,569.61],[183.59,563.32],[162.5,529.53],[169.95,514.98],[183.15,508.93],[212.39,519.98],[213.89,526.09]]",162,508,221,570,2173.24,57.47,47.38,52.60,,,True,
aihub71761:data/raw/aihub71761/RT/AL/w00053_f0.png#0,aihub71761:data/raw/aihub71761/RT/AL/w00053_f0.png,기공,porosity,2011,"[[522.63,183.66],[513.95,189.35],[505.95,186.51],[506.23,174.85],[506.56,171.51],[514.34,170.32],[519.28,171.46],[523.88,173.65],[523.0,177.62],[526.18,179.93]]",505,170,527,190,278.32,20.07,19.03,18.82,,,True,
aihub71761:data/raw/aihub71761/RT/AL/w00054_f0.png#0,aihub71761:data/raw/aihub71761/RT/AL/w00054_f0.png,균열,crack,100,"[[928.24,399.49],[907.84,398.64],[909.17,396.97],[908.58,381.24],[913.44,378.53],[922.78,379.67]]",907,378,929,400,327.28,20.42,20.33,20.41,,,True,
aihub71761:data/raw/aihub71761/RT/AL/w00055_f0.png#0,aihub71761:data/raw/aihub71761/RT/AL/w00055_f0.png,기공,porosity,2011,"[[608.51,650.99],[518.8,647.52],[523.91,609.42],[581.82,603.68],[593.51,616.52],[597.51,614.63]]",518,603,609,651,3352.59,89.78,46.24,65.33,,,True,
aihub71761:data/raw/aihub71761/RT/AL/w00056_f0.png#0,aihub71761:data/raw/aihub71761/RT/AL/w00056_f0.png,기공,porosity,2011,"[[1236.47,118.41],[1221.24,127.18],[1184.22,109.71],[1177.36,109.61],[1180.46,80.38],[1180.76,79.57],[1204.34,68.22],[1221.21,73.64]]",1177,68,1237,128,2284.42,61.26,53.11,53.93,,,True,
aihub71761:data/raw/aihub71761/RT/AL/w00061_f0.png#0,aihub71761:data/raw/aihub71761/RT/AL/w00061_f0.png,기공,porosity,2011,"[[757.28,112.11],[755.28,131.26],[733.63,142.98],[698.62,83.55],[709.93,78.27],[714.73,71.4],[732.86,74.93],[737.86,78.86],[740.71,86.69]]",698,71,758,143,2309.20,72.16,36.19,54.22,,,True,
aihub71761:data/raw/aihub71761/RT/AL/w00063_f0.png#0,aihub71761:data/raw/aihub71761/RT/AL/w00063_f0.png,기공,porosity,2011,"[[524.37,435.2],[514.57,451.41],[504.33,451.69],[498.15,449.76],[494.84,451.97],[491.04,447.53],[501.76,412.71],[514.11,415.18]]",491,412,525,452,869.60,40.83,28.23,33.27,,,True,
aihub71761:data/raw/aihub71761/RT/AL/w00065_f0.png#0,aihub71761:data/raw/aihub71761/RT/AL/w00065_f0.png,슬래그혼입,slag_inclusion,301,"[[578.98,269.89],[566.76,285.75],[571.54,290.9],[542.19,296.11],[510.1,303.07],[500.17,243.33],[504.17,229.61],[553.35,219.68],[553.44,232.67]]",500,219,579,304,4525.89,74.01,73.40,75.91,,,True,
aihub71761:data/raw/aihub71761/RT/AL/w00065_f1.png#0,aihub71761:data/raw/aihub71761/RT/AL/w00065_f1.png,슬래그혼입,slag_inclusion,301,"[[938.33,559.01],[931.3,579.19],[927.0,577.85],[899.69,574.31],[896.76,570.58],[899.46,551.05],[900.9,542.94],[901.71,537.03]]",896,537,939,580,1090.66,39.64,37.13,37.26,,,True,
aihub71761:data/raw/aihub71761/RT/AL/w00065_f2.png#0,aihub71761:data/raw/aihub71761/RT/AL/w00065_f2.png,슬래그혼입,slag_inclusion,301,"[[207.34,486.06],[197.01,499.06],[189.55,501.47],[160.81,480.38],[176.36,458.28],[201.47,460.79]]",160,458,208,502,1313.30,41.41,39.85,40.89,,,True,
aihub71761:data/raw/aihub71761/RT/AL/w00066_f0.png#0,aihub71761:data/raw/aihub71761/RT/AL/w00066_f0.png,슬래그혼입,slag_inclusion,301,"[[1059.94,487.78],[1031.76,453.67],[1053.22,415.29],[1052.3,410.55],[1078.37,392.25],[1120.27,416.78],[1133.51,427.2],[1134.33,435.13]]",1031,392,1135,488,5294.23,98.34,67.45,82.10,,,True,
aihub71761:data/raw/aihub71761/RT/AL/w00067_f0.png#0,aihub71761:data/raw/aihub71761/RT/AL/w00067_f0.png,기공,porosity,2011,"[[120.97,416.13],[123.23,419.7],[41.94,437.79],[32.69,422.7],[26.46,395.27],[105.88,369.35]]",26,369,124,438,4146.43,87.00,53.25,72.66,,,True,
aihub71761:data/raw/aihub71761/RT/AL/w00069_f0.png#0,aihub71761:data/raw/aihub71761/RT/AL/w00069_f0.png,기공,porosity,2011,"[[1013.78,712.82],[1012.08,712.6],[996.1,696.08],[995.61,689.23],[999.7,685.45],[1008.72,685.37],[1011.55,686.53],[1020.31,698.29]]",995,685,1021,713,413.27,29.59,17.74,22.94,,,True,
aihub71761:data/raw/aihub71761/RT/AL/w00070_f0.png#0,aihub71761:data/raw/aihub71761/RT/AL/w00070_f0.png,균열,crack,100,"[[305.87,657.17],[304.74,657.68],[304.56,658.28],[299.11,663.99],[298.59,662.42],[290.52,663.3],[281.84,648.8],[285.21,648.68],[286.1,647.37],[287.85,640.63],[306.08,649.28]]",281,640,307,664,342.82,25.30,19.34,20.89,,,True,
aihub71761:data/raw/aihub71761/RT/AL/w00072_f0.png#0,aihub71761:data/raw/aihub71761/RT/AL/w00072_f0.png,슬래그혼입,slag_inclusion,301,"[[276.92,156.64],[273.86,157.49],[258.74,164.69],[247.99,164.11],[231.8,157.59],[234.25,136.89],[231.25,136.0],[247.78,113.02],[253.45,110.18],[270.76,121.28]]",231,110,277,165,1786.16,54.61,44.61,47.69,,,True,
aihub71761:data/raw/aihub71761/RT/AL/w00074_f0.png#0,aihub71761:data/raw/aihub71761/RT/AL/w00074_f0.png,기공,porosity,2011,"[[444.87,228.22],[432.68,228.29],[417.59,220.96],[414.65,213.98],[406.68,189.55],[430.02,160.88],[474.71,165.32]]",406,160,475,229,2912.61,74.91,51.08,60.90,,,True,
aihub71761:data/raw/aihub71761/RT/AL/w00082_f0.png#0,aihub71761:data/raw/aihub71761/RT/AL/w00082_f0.png,슬래그혼입,slag_inclusion,301,"[[633.8,371.12],[596.74,407.81],[584.22,421.42],[578.91,409.22],[552.13,392.48],[557.34,362.72],[635.81,367.43]]",552,362,636,422,2692.18,76.58,60.35,58.55,,,True,
aihub71761:data/raw/aihub71761/RT/AL/w00083_f0.png#0,aihub71761:data/raw/aihub71761/RT/AL/w00083_f0.png,슬래그혼입,slag_inclusion,301,"[[1087.06,358.09],[1094.3,355.12],[1098.03,355.84],[1106.13,350.48],[1106.94,352.44],[1118.26,358.09],[1122.04,369.32],[1116.68,370.73],[1123.01,371.19]]",1087,350,1123,370,297.65,36.71,13.68,19.47,,,True,self_intersect;multipart_largest_kept
aihub71761:data/raw/aihub71761/RT/AL/w00086_f0.png#0,aihub71761:data/raw/aihub71761/RT/AL/w00086_f0.png,기공,porosity,2011,"[[675.73,712.38],[671.24,712.76],[660.16,701.85],[663.96,690.61],[666.18,692.19],[680.21,689.34]]",660,689,681,713,304.22,24.70,17.29,19.68,,,True,
aihub71761:data/raw/aihub71761/RT/AL/w00087_f0.png#0,aihub71761:data/raw/aihub71761/RT/AL/w00087_f0.png,기공,porosity,2011,"[[801.75,326.92],[780.2,322.85],[777.4,331.12],[740.87,268.64],[766.03,240.22],[780.47,231.67],[782.34,243.0],[806.0,251.23],[810.78,251.41]]",740,231,811,332,4182.23,92.97,69.05,72.97,,,True,
aihub71761:data/raw/aihub71761/RT/AL/w00088_f0.png#0,aihub71761:data/raw/aihub71761/RT/AL/w00088_f0.png,기공,porosity,2011,"[[1099.32,579.08],[1053.53,613.5],[1038.49,606.28],[1014.48,599.57],[1011.54,562.32],[1002.47,558.75],[1018.53,540.37],[1023.44,542.29],[1068.31,541.25],[1083.81,546.92]]",1002,540,1100,614,4786.59,85.32,81.07,78.07,,,True,
aihub71761:data/raw/aihub71761/RT/AL/w00088_f0.png#1,aihub71761:data/raw/aihub71761/RT/AL/w00088_f0.png,슬래그혼입,slag_inclusion,301,"[[953.48,97.18],[946.39,93.44],[927.09,103.76],[901.88,90.3],[896.72,94.11],[882.61,57.51],[879.98,47.31]]",879,47,954,104,1398.14,88.82,29.33,42.19,,,True,
aihub71761:data/raw/aihub71761/RT/AL/w00090_f0.png#0,aihub71761:data/raw/aihub71761/RT/AL/w00090_f0.png,기공,porosity,2011,"[[420.39,429.93],[418.87,427.42],[413.43,431.82],[413.38,401.11],[424.04,406.92],[428.09,413.07]]",413,401,429,432,287.81,30.71,14.69,19.14,,,True,
aihub71761:data/raw/aihub71761/RT/AL/w00091_f0.png#0,aihub71761:data/raw/aihub71761/RT/AL/w00091_f0.png,기공,porosity,2011,"[[488.58,357.87],[481.3,359.21],[457.22,350.16],[448.5,337.37],[436.61,318.99],[451.38,310.72],[484.36,289.67],[510.86,305.58],[522.86,319.32],[511.58,320.37],[519.48,320.44]]",436,289,523,360,3419.92,71.61,61.40,65.99,,,True,
aihub71761:data/raw/aihub71761/RT/AL/w00091_f0.png#1,aihub71761:data/raw/aihub71761/RT/AL/w00091_f0.png,슬래그혼입,slag_inclusion,301,"[[916.29,403.65],[917.85,407.16],[881.91,386.44],[903.68,384.24],[919.18,394.81],[918.57,400.53],[921.52,400.5]]",881,384,922,408,365.98,41.48,12.78,21.59,,,True,
aihub71761:data/raw/aihub71761/RT/AL/w00093_f0.png#0,aihub71761:data/raw/aihub71761/RT/AL/w00093_f0.png,슬래그혼입,slag_inclusion,301,"[[987.52,198.3],[971.13,212.27],[939.76,196.9],[928.07,184.03],[936.76,143.0],[970.64,121.87],[970.84,133.68],[1002.72,154.86],[1008.07,162.71]]",928,121,1009,213,4336.14,75.03,74.45,74.30,,,True,
aihub71761:data/raw/aihub71761/RT/AL/w00094_f0.png#0,aihub71761:data/raw/aihub71761/RT/AL/w00094_f0.png,기공,porosity,2011,"[[891.57,125.32],[889.88,126.57],[879.19,132.7],[875.22,126.04],[873.92,123.56],[873.31,121.15],[891.41,116.22],[891.77,118.57],[892.2,121.34]]",873,116,893,133,184.78,18.80,12.69,15.34,,,True,
aihub71761:data/raw/aihub71761/RT/AL/w00097_f0.png#0,aihub71761:data/raw/aihub71761/RT/AL/w00097_f0.png,기공,porosity,2011,"[[106.63,149.28],[62.43,178.03],[44.57,180.22],[38.4,177.33],[25.32,137.42],[91.26,112.54]]",25,112,107,181,3340.96,73.74,51.10,65.22,,,True,
aihub71761:data/raw/aihub71761/RT/AL/w00099_f0.png#0,aihub71761:data/raw/aihub71761/RT/AL/w00099_f0.png,슬래그혼입,slag_inclusion,301,"[[792.49,249.93],[794.31,261.07],[760.96,261.41],[750.71,225.07],[752.66,223.59],[786.83,214.72],[794.15,220.75]]",750,214,795,262,1611.43,46.74,43.13,45.30,,,True,
aihub71761:data/raw/aihub71761/RT/AL/w00099_f1.png#0,aihub71761:data/raw/aihub71761/RT/AL/w00099_f1.png,슬래그혼입,slag_inclusion,301,"[[185.53,99.83],[181.32,92.37],[163.28,28.57],[161.88,19.59],[179.27,20.77],[209.57,26.82]]",161,19,210,100,1979.59,76.87,47.56,50.20,,,True,
aihub71761:data/raw/aihub71761/RT/AL/w00099_f2.png#0,aihub71761:data/raw/aihub71761/RT/AL/w00099_f2.png,슬래그혼입,slag_inclusion,301,"[[1143.29,488.43],[1136.59,494.26],[1121.0,509.95],[1107.12,511.01],[1085.3,495.73],[1090.99,464.29],[1101.55,457.32],[1124.52,460.54],[1130.9,461.87]]",1085,457,1144,512,2220.25,55.76,52.76,53.17,,,True,
aihub71761:data/raw/aihub71761/RT/AL/w00099_f3.png#0,aihub71761:data/raw/aihub71761/RT/AL/w00099_f3.png,슬래그혼입,slag_inclusion,301,"[[1075.53,507.25],[1075.07,510.64],[1071.71,512.46],[1068.26,513.75],[1062.46,505.72],[1063.92,505.12],[1068.27,500.8],[1068.88,501.72]]",1062,500,1076,514,93.21,11.96,9.70,10.89,,,True,
aihub71761:data/raw/aihub71761/RT/AL/w00101_f0.png#0,aihub71761:data/raw/aihub71761/RT/AL/w00101_f0.png,기공,porosity,2011,"[[827.98,381.87],[821.72,400.84],[797.97,400.57],[782.56,407.2],[784.6,397.82],[764.25,365.26],[772.25,337.72],[769.65,330.59],[792.9,320.61],[793.36,319.05],[800.48,321.94]]",764,319,828,408,3513.96,86.30,51.76,66.89,,,True,
aihub71761:data/raw/aihub71761/RT/AL/w00102_f0.png#0,aihub71761:data/raw/aihub71761/RT/AL/w00102_f0.png,기공,porosity,2011,"[[1270.98,319.41],[1243.11,337.52],[1238.34,340.5],[1225.29,329.12],[1223.32,284.29],[1250.07,285.59],[1255.7,284.55]]",1223,284,1271,341,1903.53,56.82,46.07,49.23,,,True,
aihub71761:data/raw/aihub71761/RT/AL/w00103_f0.png#0,aihub71761:data/raw/aihub71761/RT/AL/w00103_f0.png,기공,porosity,2011,"[[461.74,354.04],[457.98,358.67],[450.77,362.08],[446.81,363.8],[441.89,359.9],[439.49,363.36],[430.2,342.63],[431.34,338.87],[452.35,332.28],[452.01,334.42],[458.51,339.38]]",430,332,462,364,667.71,29.13,27.16,29.16,,,True,
aihub71761:data/raw/aihub71761/RT/AL/w00106_f0.png#0,aihub71761:data/raw/aihub71761/RT/AL/w00106_f0.png,기공,porosity,2011,"[[973.55,144.05],[971.72,150.59],[961.06,155.95],[943.98,135.67],[946.3,130.62],[958.65,122.68],[973.41,136.66],[975.28,139.9],[975.56,140.31]]",943,122,976,156,594.90,31.65,21.87,27.52,,,True,
aihub71761:data/raw/aihub71761/RT/AL/w00107_f0.png#0,aihub71761:data/raw/aihub71761/RT/AL/w00107_f0.png,기공,porosity,2011,"[[124.27,617.74],[65.04,624.42],[43.04,595.65],[65.38,560.41],[69.64,559.07],[94.05,560.29]]",43,559,125,625,3447.83,78.15,61.61,66.26,,,True,
aihub71761:data/raw/aihub71761/RT/AL/w00111_f0.png#0,aihub71761:data/raw/aihub71761/RT/AL/w00111_f0.png,기공,porosity,2011,"[[164.17,360.76],[141.8,384.28],[134.05,380.9],[130.37,385.89],[106.13,337.55],[114.18,309.41],[125.81,312.4],[152.63,310.08],[156.59,314.57],[160.1,318.0]]",106,309,165,386,3181.79,77.67,55.58,63.65,,,True,
aihub71761:data/raw/aihub71761/RT/AL/w00114_f0.png#0,aihub71761:data/raw/aihub71761/RT/AL/w00114_f0.png,융합불량,lack_of_fusion,401,"[[638.26,584.7],[576.13,588.41],[583.58,559.66],[583.72,559.53],[588.77,556.03],[587.69,551.88],[599.17,547.86],[623.26,559.55],[633.37,574.61]]",576,547,639,589,1650.29,62.24,39.10,45.84,,,True,
aihub71761:data/raw/aihub71761/RT/AL/w00116_f0.png#0,aihub71761:data/raw/aihub71761/RT/AL/w00116_f0.png,기공,porosity,2011,"[[378.75,676.99],[368.47,689.67],[349.32,686.31],[343.53,688.26],[342.23,688.33],[337.81,682.98],[323.32,633.26],[350.18,617.95]]",323,617,379,690,2338.59,72.53,39.46,54.57,,,True,
aihub71761:data/raw/aihub71761/RT/AL/w00116_f1.png#0,aihub71761:data/raw/aihub71761/RT/AL/w00116_f1.png,기공,porosity,2011,"[[760.3,577.91],[751.07,585.63],[739.84,592.26],[733.59,595.8],[732.5,589.52],[726.93,558.27],[751.08,554.23],[756.94,560.04],[756.43,564.46]]",726,554,761,596,916.88,38.12,29.42,34.17,,,True,
aihub71761:data/raw/aihub71761/RT/AL/w00116_f2.png#0,aihub71761:data/raw/aihub71761/RT/AL/w00116_f2.png,기공,porosity,2011,"[[433.49,134.43],[427.84,133.74],[418.84,135.28],[418.87,133.58],[400.07,95.36],[420.0,75.86],[450.4,76.34],[460.9,91.18],[460.77,96.83],[461.47,99.7]]",400,75,462,136,2435.96,63.78,51.30,55.69,,,True,
aihub71761:data/raw/aihub71761/RT/AL/w00117_f0.png#0,aihub71761:data/raw/aihub71761/RT/AL/w00117_f0.png,기공,porosity,2011,"[[404.73,143.07],[402.45,145.8],[402.22,146.84],[400.52,148.02],[392.42,144.92],[390.48,141.04],[389.42,140.82],[404.78,137.95],[405.96,140.06]]",389,137,406,149,95.92,16.40,9.12,11.05,,,True,
aihub71761:data/raw/aihub71761/RT/AL/w00119_f0.png#0,aihub71761:data/raw/aihub71761/RT/AL/w00119_f0.png,기공,porosity,2011,"[[531.13,308.45],[524.31,314.78],[530.7,317.96],[461.23,304.84],[450.31,302.06],[489.82,269.89],[511.53,266.37],[513.85,272.8],[534.01,284.39],[530.07,302.9]]",450,266,535,318,2521.30,81.94,47.14,56.66,,,True,
aihub71761:data/raw/aihub71761/RT/ST/w00000_f0.png#0,aihub71761:data/raw/aihub71761/RT/ST/w00000_f0.png,기공,porosity,2011,"[[1134.86,599.23],[1137.26,599.57],[1116.07,613.22],[1114.1,608.2],[1113.8,592.52],[1122.57,585.26],[1129.11,588.73],[1132.52,591.32]]",1113,585,1138,614,385.72,25.69,19.99,22.16,,,True,
aihub71761:data/raw/aihub71761/RT/ST/w00002_f0.png#0,aihub71761:data/raw/aihub71761/RT/ST/w00002_f0.png,기공,porosity,2011,"[[978.71,661.86],[965.55,689.18],[936.24,686.66],[905.98,671.48],[907.55,657.93],[922.14,614.2],[937.99,607.47],[956.6,599.64]]",905,599,979,690,4417.89,88.99,68.75,75.00,,,True,
aihub71761:data/raw/aihub71761/RT/ST/w00003_f0.png#0,aihub71761:data/raw/aihub71761/RT/ST/w00003_f0.png,융합불량,lack_of_fusion,401,"[[640.4,91.54],[637.86,94.1],[609.03,102.02],[604.1,80.39],[612.68,75.72],[624.84,71.99],[635.41,80.13],[638.77,78.85]]",604,71,641,103,734.78,34.82,24.77,30.59,,,True,
aihub71761:data/raw/aihub71761/RT/ST/w00003_f0.png#1,aihub71761:data/raw/aihub71761/RT/ST/w00003_f0.png,기공,porosity,2011,"[[1119.04,54.14],[1110.57,57.64],[1108.66,52.92],[1098.33,55.44],[1091.34,48.19],[1082.65,45.86],[1085.39,44.57],[1084.56,39.73],[1083.3,36.44],[1083.49,28.82]]",1082,28,1120,58,387.76,43.65,14.37,22.22,,,True,
aihub71761:data/raw/aihub71761/RT/ST/w00003_f1.png#0,aihub71761:data/raw/aihub71761/RT/ST/w00003_f1.png,융합불량,lack_of_fusion,401,"[[360.4,139.85],[327.21,123.15],[329.99,87.4],[339.63,79.86],[375.38,83.22],[378.26,87.73],[379.92,91.03],[378.14,92.82],[383.58,101.58]]",327,79,384,140,2389.07,57.32,54.25,55.15,,,True,
aihub71761:data/raw/aihub71761/RT/ST/w00003_f1.png#1,aihub71761:data/raw/aihub71761/RT/ST/w00003_f1.png,기공,porosity,2011,"[[1188.28,292.09],[1184.26,308.84],[1153.78,296.27],[1150.38,293.7],[1156.56,278.44],[1170.38,273.3],[1186.57,280.95]]",1150,273,1189,309,875.66,37.20,27.56,33.39,,,True,
aihub71761:data/raw/aihub71761/RT/ST/w00003_f2.png#0,aihub71761:data/raw/aihub71761/RT/ST/w00003_f2.png,융합불량,lack_of_fusion,401,"[[484.08,427.61],[483.6,428.19],[473.77,408.38],[474.58,407.58],[480.74,400.13],[483.71,400.74],[485.93,399.26],[489.31,397.51],[493.97,397.92],[496.66,397.6],[498.27,398.45]]",473,397,499,429,371.84,33.22,17.69,21.76,,,True,
aihub71761:data/raw/aihub71761/RT/ST/w00003_f2.png#1,aihub71761:data/raw/aihub71761/RT/ST/w00003_f2.png,기공,porosity,2011,"[[490.27,156.5],[424.37,182.02],[418.73,134.35],[440.62,95.61],[453.97,96.61],[470.47,96.56],[476.79,108.13],[494.05,128.08]]",418,95,495,183,4505.31,84.46,74.71,75.74,,,True,
aihub71761:data/raw/aihub71761/RT/ST/w00003_f3.png#0,aihub71761:data/raw/aihub71761/RT/ST/w00003_f3.png,융합불량,lack_of_fusion,401,"[[283.02,179.67],[252.63,187.02],[220.68,182.19],[198.1,150.0],[202.78,147.27],[233.73,112.31],[252.53,101.69],[262.43,109.53],[272.93,111.83],[280.62,122.0]]",198,101,284,188,5027.44,83.64,83.45,80.01,,,True,
aihub71761:data/raw/aihub71761/RT/ST/w00003_f3.png#1,aihub71761:data/raw/aihub71761/RT/ST/w00003_f3.png,기공,porosity,2011,"[[780.77,115.0],[775.47,118.42],[764.03,118.16],[761.85,118.7],[755.63,112.54],[756.94,102.12],[753.41,99.23],[757.51,99.51],[780.36,94.64]]",753,94,781,119,495.36,27.34,22.65,25.11,,,True,
aihub71761:data/raw/aihub71761/RT/ST/w00004_f0.png#0,aihub71761:data/raw/aihub71761/RT/ST/w00004_f0.png,기공,porosity,2011,"[[820.36,402.91],[799.71,414.59],[798.32,413.89],[794.64,410.94],[793.95,409.52],[787.74,412.5],[785.52,389.35],[805.55,374.83],[810.84,378.08],[817.08,380.6]]",785,374,821,415,962.90,38.49,33.67,35.01,,,True,
aihub71761:data/raw/aihub71761/RT/ST/w00005_f0.png#0,aihub71761:data/raw/aihub71761/RT/ST/w00005_f0.png,기공,porosity,2011,"[[749.82,400.64],[736.05,431.06],[728.14,428.78],[687.03,359.2],[718.74,350.48],[745.61,383.83]]",687,350,750,432,2555.11,86.80,37.91,57.04,,,True,
aihub71761:data/raw/aihub71761/RT/ST/w00008_f0.png#0,aihub71761:data/raw/aihub71761/RT/ST/w00008_f0.png,기공,porosity,2011,"[[204.06,496.98],[197.73,497.57],[195.08,485.36],[204.86,472.43],[205.64,472.14],[208.98,468.26],[218.96,478.27]]",195,468,219,498,370.12,29.94,14.67,21.71,,,True,
aihub71761:data/raw/aihub71761/RT/ST/w00010_f0.png#0,aihub71761:data/raw/aihub71761/RT/ST/w00010_f0.png,기공,porosity,2011,"[[132.41,455.14],[91.48,397.46],[129.84,351.39],[138.33,356.35],[148.94,365.11],[177.36,400.09]]",91,351,178,456,4601.62,79.76,68.36,76.54,,,True,
aihub71761:data/raw/aihub71761/RT/ST/w00012_f0.png#0,aihub71761:data/raw/aihub71761/RT/ST/w00012_f0.png,기공,porosity,2011,"[[1244.23,501.86],[1221.01,521.33],[1220.46,513.44],[1192.11,492.65],[1182.68,481.0],[1206.84,461.04]]",1182,461,1245,522,1634.62,56.96,32.21,45.62,,,True,
aihub71761:data/raw/aihub71761/RT/ST/w00014_f0.png#0,aihub71761:data/raw/aihub71761/RT/ST/w00014_f0.png,융합불량,lack_of_fusion,401,"[[387.55,240.45],[389.19,252.96],[371.72,264.24],[362.81,277.13],[337.43,270.61],[299.55,225.51],[337.71,187.64],[350.9,191.39],[375.96,213.06]]",299,187,390,278,4793.83,82.94,67.29,78.13,,,True,
aihub71761:data/raw/aihub71761/RT/ST/w00017_f0.png#0,aihub71761:data/raw/aihub71761/RT/ST/w00017_f0.png,융합불량,lack_of_fusion,401,"[[680.22,639.81],[663.37,661.26],[655.77,672.37],[646.22,673.21],[615.51,681.69],[593.12,647.27],[583.98,629.02],[612.84,600.67],[663.11,602.11],[680.6,611.89],[687.73,621.04]]",583,600,688,682,5715.66,95.35,81.23,85.31,,,True,
aihub71761:data/raw/aihub71761/RT/ST/w00020_f0.png#0,aihub71761:data/raw/aihub71761/RT/ST/w00020_f0.png,기공,porosity,2011,"[[348.75,383.26],[341.21,395.26],[317.37,410.14],[292.63,382.33],[299.78,355.89],[323.6,347.07],[328.0,353.85]]",292,347,349,411,2137.31,55.97,45.55,52.17,,,True,
aihub71761:data/raw/aihub71761/RT/ST/w00021_f0.png#0,aihub71761:data/raw/aihub71761/RT/ST/w00021_f0.png,기공,porosity,2011,"[[611.94,643.56],[608.16,651.5],[597.39,650.25],[593.46,648.0],[592.35,643.21],[590.06,642.36],[607.88,632.22]]",590,632,612,652,250.91,20.50,16.90,17.87,,,True,
aihub71761:data/raw/aihub71761/RT/ST/w00023_f0.png#0,aihub71761:data/raw/aihub71761/RT/ST/w00023_f0.png,기공,porosity,2011,"[[1029.81,510.62],[1010.22,542.65],[988.38,549.32],[971.99,530.95],[955.69,509.94],[985.29,477.61],[1010.02,481.04],[1022.89,501.06],[1033.03,504.47]]",955,477,1034,550,3324.16,63.87,63.28,65.06,,,True,
aihub71761:data/raw/aihub71761/RT/ST/w00026_f0.png#0,aihub71761:data/raw/aihub71761/RT/ST/w00026_f0.png,기공,porosity,2011,"[[650.0,609.57],[649.06,610.19],[642.21,606.09],[636.42,606.44],[627.01,579.12],[627.47,576.88],[628.84,573.85],[628.65,564.49],[655.69,559.75],[669.26,583.84]]",627,559,670,611,1414.95,49.86,38.41,42.44,,,True,
aihub71761:data/raw/aihub71761/RT/ST/w00030_f0.png#0,aihub71761:data/raw/aihub71761/RT/ST/w00030_f0.png,융합불량,lack_of_fusion,401,"[[90.0,182.63],[71.77,190.57],[45.92,146.0],[48.85,146.67],[46.13,143.91],[82.41,134.18]]",45,134,90,191,1471.47,51.71,38.31,43.28,,,True,
aihub71761:data/raw/aihub71761/RT/ST/w00035_f0.png#0,aihub71761:data/raw/aihub71761/RT/ST/w00035_f0.png,기공,porosity,2011,"[[873.0,485.34],[867.17,488.02],[853.63,493.54],[852.25,486.73],[838.57,474.6],[839.57,458.78]]",838,458,873,494,486.73,42.70,18.47,24.89,,,True,
aihub71761:data/raw/aihub71761/RT/ST/w00036_f0.png#0,aihub71761:data/raw/aihub71761/RT/ST/w00036_f0.png,기공,porosity,2011,"[[122.07,113.4],[118.7,136.28],[78.25,152.6],[71.7,143.42],[54.03,119.49],[63.33,87.25],[73.58,72.61],[83.4,77.3],[120.46,96.54]]",54,72,123,153,3648.65,71.73,69.20,68.16,,,True,
aihub71761:data/raw/aihub71761/RT/ST/w00037_f0.png#0,aihub71761:data/raw/aihub71761/RT/ST/w00037_f0.png,기공,porosity,2011,"[[1008.46,351.62],[978.52,365.84],[974.98,374.84],[922.19,348.94],[942.38,284.69],[992.83,281.38],[995.24,297.46],[998.87,304.38],[1001.75,305.86]]",922,281,1009,375,5605.51,94.51,83.11,84.48,,,True,
aihub71761:data/raw/aihub71761/RT/ST/w00039_f0.png#0,aihub71761:data/raw/aihub71761/RT/ST/w00039_f0.png,기공,porosity,2011,"[[712.77,582.54],[697.88,610.91],[688.98,613.67],[648.0,592.58],[663.08,518.2],[714.29,541.97],[730.41,556.99]]",648,518,731,614,4722.78,77.62,75.33,77.55,,,True,
aihub71761:data/raw/aihub71761/RT/ST/w00041_f0.png#0,aihub71761:data/raw/aihub71761/RT/ST/w00041_f0.png,기공,porosity,2011,"[[1042.95,32.41],[1042.35,27.97],[1039.88,18.51],[1053.77,7.87],[1072.15,16.12],[1070.54,19.57]]",1039,7,1073,33,417.63,33.35,17.68,23.06,,,True,
aihub71761:data/raw/aihub71761/RT/ST/w00041_f1.png#0,aihub71761:data/raw/aihub71761/RT/ST/w00041_f1.png,기공,porosity,2011,"[[168.4,243.9],[152.41,248.26],[144.9,248.46],[140.6,232.96],[139.98,228.93],[141.41,214.82],[152.6,210.63],[164.13,214.65],[171.87,222.17],[173.71,224.49],[173.05,225.84]]",139,210,174,249,968.16,36.25,34.17,35.11,,,True,
aihub71761:data/raw/aihub71761/RT/ST/w00041_f2.png#0,aihub71761:data/raw/aihub71761/RT/ST/w00041_f2.png,기공,porosity,2011,"[[1138.51,627.16],[1139.17,636.55],[1120.93,648.84],[1120.58,652.15],[1089.82,627.1],[1081.85,620.84],[1110.89,588.75],[1115.45,596.12],[1133.1,605.94]]",1081,588,1140,653,1972.85,54.45,43.81,50.12,,,True,
aihub71761:data/raw/aihub71761/RT/ST/w00043_f0.png#0,aihub71761:data/raw/aihub71761/RT/ST/w00043_f0.png,융합불량,lack_of_fusion,401,"[[1178.47,449.59],[1136.65,476.22],[1114.91,453.8],[1114.68,444.64],[1113.8,440.96],[1117.33,432.32],[1121.76,420.97],[1141.03,412.18],[1153.48,416.8],[1154.88,421.13]]",1113,412,1179,477,2485.12,57.14,53.10,56.25,,,True,
aihub71761:data/raw/aihub71761/RT/ST/w00046_f0.png#0,aihub71761:data/raw/aihub71761/RT/ST/w00046_f0.png,융합불량,lack_of_fusion,401,"[[978.45,539.99],[964.41,538.34],[959.14,533.21],[965.85,520.23],[967.24,519.78],[978.79,521.13],[980.98,526.54]]",959,519,981,540,327.02,20.91,18.77,20.41,,,True,
aihub71761:data/raw/aihub71761/RT/ST/w00046_f0.png#1,aihub71761:data/raw/aihub71761/RT/ST/w00046_f0.png,기공,porosity,2011,"[[337.84,583.57],[335.95,581.82],[342.51,574.46],[357.87,562.84],[366.84,568.3],[378.47,562.04]]",335,562,367,584,201.78,33.57,8.94,16.03,,,True,self_intersect;multipart_largest_kept
aihub71761:data/raw/aihub71761/RT/ST/w00049_f0.png#0,aihub71761:data/raw/aihub71761/RT/ST/w00049_f0.png,융합불량,lack_of_fusion,401,"[[957.09,630.27],[940.25,646.91],[922.08,651.8],[919.72,650.86],[902.95,640.55],[897.55,630.55],[902.03,608.16],[926.77,589.92],[948.39,596.72]]",897,589,958,652,2590.27,62.58,53.87,57.43,,,True,
aihub71761:data/raw/aihub71761/RT/ST/w00049_f0.png#1,aihub71761:data/raw/aihub71761/RT/ST/w00049_f0.png,슬래그혼입,slag_inclusion,301,"[[681.43,264.83],[682.14,277.23],[606.43,248.01],[623.47,225.06],[629.87,227.06],[633.15,224.82],[636.01,221.86],[640.12,226.07],[647.23,226.35],[679.45,256.44]]",606,221,683,278,2010.70,81.15,35.05,50.60,,,True,
aihub71761:data/raw/aihub71761/RT/ST/w00050_f0.png#0,aihub71761:data/raw/aihub71761/RT/ST/w00050_f0.png,기공,porosity,2011,"[[559.49,312.09],[548.83,318.85],[541.21,315.36],[538.62,306.91],[539.48,305.28],[540.13,303.96],[556.35,302.09],[557.12,301.72]]",538,301,560,319,248.95,19.19,16.45,17.80,,,True,
aihub71761:data/raw/aihub71761/RT/ST/w00052_f0.png#0,aihub71761:data/raw/aihub71761/RT/ST/w00052_f0.png,기공,porosity,2011,"[[46.05,339.61],[33.98,342.75],[28.71,328.57],[33.9,327.14],[40.8,325.16],[48.34,330.79]]",28,325,49,343,229.64,18.29,15.33,17.10,,,True,
aihub71761:data/raw/aihub71761/RT/ST/w00052_f1.png#0,aihub71761:data/raw/aihub71761/RT/ST/w00052_f1.png,기공,porosity,2011,"[[117.02,91.99],[113.37,98.47],[101.93,93.98],[85.01,77.81],[85.11,73.46],[106.72,50.77],[122.54,65.76],[122.02,66.3],[122.47,67.02],[127.73,70.65]]",85,50,128,99,1143.33,37.72,34.68,38.15,,,True,
aihub71761:data/raw/aihub71761/RT/ST/w00054_f0.png#0,aihub71761:data/raw/aihub71761/RT/ST/w00054_f0.png,기공,porosity,2011,"[[1265.06,362.29],[1257.26,366.29],[1248.89,359.85],[1249.6,358.05],[1251.42,353.62],[1256.34,349.54],[1258.84,350.86],[1260.65,352.13]]",1248,349,1266,367,161.11,16.10,13.29,14.32,,,True,
aihub71761:data/raw/aihub71761/RT/ST/w00055_f0.png#0,aihub71761:data/raw/aihub71761/RT/ST/w00055_f0.png,기공,porosity,2011,"[[212.42,33.28],[194.28,49.56],[169.94,19.26],[171.21,17.84],[172.38,15.97],[177.74,13.31],[177.58,11.64],[179.7,13.38],[191.94,9.84],[198.02,6.69],[211.48,21.34]]",169,6,213,50,1035.89,40.02,31.08,36.32,,,True,
aihub71761:data/raw/aihub71761/RT/ST/w00058_f0.png#0,aihub71761:data/raw/aihub71761/RT/ST/w00058_f0.png,기공,porosity,2011,"[[804.06,577.45],[801.86,580.26],[788.93,585.17],[788.67,582.31],[783.93,584.47],[782.46,579.06],[773.21,560.89],[782.23,551.37],[781.45,548.76],[783.57,551.08],[788.77,544.38]]",773,544,805,586,674.83,38.06,21.22,29.31,,,True,
aihub71761:data/raw/aihub71761/RT/ST/w00060_f0.png#0,aihub71761:data/raw/aihub71761/RT/ST/w00060_f0.png,기공,porosity,2011,"[[994.49,123.62],[978.12,125.57],[961.28,114.83],[955.3,107.55],[952.95,95.59],[954.86,85.03],[981.12,64.13],[997.5,66.89],[998.67,68.77],[1016.15,81.6],[1014.14,83.24]]",952,64,1017,126,2567.85,61.04,52.91,57.18,,,True,
aihub71761:data/raw/aihub71761/RT/ST/w00062_f0.png#0,aihub71761:data/raw/aihub71761/RT/ST/w00062_f0.png,기공,porosity,2011,"[[519.28,170.65],[519.91,172.7],[516.29,171.63],[507.77,164.98],[506.0,161.74],[507.91,162.05],[521.07,156.66],[522.52,157.29]]",506,156,523,173,135.51,16.01,15.54,13.14,,,True,
aihub71761:data/raw/aihub71761/RT/ST/w00064_f0.png#0,aihub71761:data/raw/aihub71761/RT/ST/w00064_f0.png,기공,porosity,2011,"[[113.51,80.91],[78.17,98.7],[60.51,102.01],[57.3,100.9],[59.74,94.38],[48.92,74.24],[51.4,71.36],[75.74,37.46],[95.55,42.27],[98.28,40.51],[108.7,69.77]]",48,37,114,103,2601.09,59.65,58.16,57.55,,,True,
aihub71761:data/raw/aihub71761/RT/ST/w00064_f0.png#1,aihub71761:data/raw/aihub71761/RT/ST/w00064_f0.png,슬래그혼입,slag_inclusion,301,"[[553.66,150.35],[534.59,164.64],[531.57,170.24],[506.62,146.33],[503.68,140.5],[527.92,118.54],[548.9,134.93]]",503,118,554,171,1402.52,40.86,38.99,42.26,,,True,
aihub71761:data/raw/aihub71761/RT/ST/w00066_f0.png#0,aihub71761:data/raw/aihub71761/RT/ST/w00066_f0.png,균열,crack,100,"[[852.89,584.09],[846.77,586.28],[820.85,582.61],[809.67,592.97],[789.59,559.35],[792.72,530.15],[855.2,509.85],[876.8,521.1],[867.83,527.16],[872.92,530.04],[883.23,543.97]]",789,509,884,593,5129.02,94.76,70.08,80.81,,,True,
aihub71761:data/raw/aihub71761/RT/ST/w00066_f0.png#1,aihub71761:data/raw/aihub71761/RT/ST/w00066_f0.png,기공,porosity,2011,"[[979.82,701.32],[970.48,699.05],[946.6,697.69],[941.92,621.88],[958.21,627.26],[1018.8,631.95]]",941,621,1019,702,3968.02,77.54,74.56,71.08,,,True,
aihub71761:data/raw/aihub71761/RT/ST/w00067_f0.png#0,aihub71761:data/raw/aihub71761/RT/ST/w00067_f0.png,기공,porosity,2011,"[[308.18,604.41],[303.27,617.11],[244.94,654.67],[273.43,564.95],[293.57,572.56],[300.26,584.13]]",244,564,309,655,2686.34,94.13,45.06,58.48,,,True,
aihub71761:data/raw/aihub71761/RT/ST/w00069_f0.png#0,aihub71761:data/raw/aihub71761/RT/ST/w00069_f0.png,균열,crack,100,"[[964.66,229.54],[899.01,211.41],[889.91,205.57],[898.19,200.58],[901.94,184.89],[901.16,173.66],[901.28,167.9],[954.51,157.92],[959.96,160.55]]",889,157,965,230,3630.32,78.43,66.33,67.99,,,True,
aihub71761:data/raw/aihub71761/RT/ST/w00070_f0.png#0,aihub71761:data/raw/aihub71761/RT/ST/w00070_f0.png,기공,porosity,2011,"[[789.51,341.45],[791.77,348.33],[787.05,349.16],[785.57,358.98],[782.37,361.45],[761.39,357.17],[753.52,322.68],[780.2,319.58],[787.99,320.96],[785.15,326.61],[786.61,331.46]]",753,319,792,362,1157.66,42.35,34.38,38.39,,,True,
aihub71761:data/raw/aihub71761/RT/ST/w00072_f0.png#0,aihub71761:data/raw/aihub71761/RT/ST/w00072_f0.png,기공,porosity,2011,"[[196.98,49.23],[196.5,50.25],[189.9,50.21],[187.34,46.0],[185.43,43.86],[188.98,40.32],[196.63,39.18],[198.19,41.64]]",185,39,199,51,102.79,12.75,11.07,11.44,,,True,
aihub71761:data/raw/aihub71761/RT/ST/w00073_f0.png#0,aihub71761:data/raw/aihub71761/RT/ST/w00073_f0.png,융합불량,lack_of_fusion,401,"[[435.8,354.91],[406.34,343.0],[402.11,320.62],[436.34,312.85],[441.41,315.98],[442.95,317.52]]",402,312,443,355,1163.99,41.41,39.53,38.50,,,True,
aihub71761:data/raw/aihub71761/RT/ST/w00075_f0.png#0,aihub71761:data/raw/aihub71761/RT/ST/w00075_f0.png,균열,crack,100,"[[471.3,359.38],[473.96,362.37],[471.47,363.96],[454.29,373.04],[451.51,369.14],[437.77,353.97],[439.71,342.93],[441.84,342.54],[440.72,341.38],[461.96,332.71],[466.28,335.32]]",437,332,474,374,906.08,34.44,33.44,33.97,,,True,
aihub71761:data/raw/aihub71761/RT/ST/w00077_f0.png#0,aihub71761:data/raw/aihub71761/RT/ST/w00077_f0.png,기공,porosity,2011,"[[1213.87,634.56],[1202.06,623.34],[1196.89,619.82],[1198.74,567.73],[1230.41,566.39],[1252.48,595.71]]",1196,566,1253,635,2510.78,61.53,57.84,56.54,,,True,
aihub71761:data/raw/aihub71761/RT/ST/w00084_f0.png#0,aihub71761:data/raw/aihub71761/RT/ST/w00084_f0.png,기공,porosity,2011,"[[471.4,654.14],[466.83,658.18],[466.86,660.09],[464.33,660.96],[457.21,652.41],[463.18,647.32]]",457,647,472,661,96.91,12.11,9.80,11.11,,,True,
aihub71761:data/raw/aihub71761/RT/ST/w00085_f0.png#0,aihub71761:data/raw/aihub71761/RT/ST/w00085_f0.png,기공,porosity,2011,"[[530.63,297.41],[498.51,278.25],[497.87,276.47],[495.96,274.54],[505.2,256.17],[538.57,261.66],[540.44,263.27]]",495,256,541,298,1116.28,39.64,36.55,37.70,,,True,
aihub71761:data/raw/aihub71761/RT/ST/w00086_f0.png#0,aihub71761:data/raw/aihub71761/RT/ST/w00086_f0.png,기공,porosity,2011,"[[1055.61,471.71],[1054.65,467.72],[1029.54,449.01],[1031.25,443.15],[1027.31,430.14],[1035.2,398.94],[1056.33,382.8],[1061.94,384.34],[1108.54,404.96]]",1027,382,1109,472,4046.81,85.19,61.21,71.78,,,True,
aihub71761:data/raw/aihub71761/RT/ST/w00087_f0.png#0,aihub71761:data/raw/aihub71761/RT/ST/w00087_f0.png,융합불량,lack_of_fusion,401,"[[578.4,71.65],[565.84,82.66],[555.59,74.56],[558.38,65.21],[563.74,60.05],[565.24,59.72],[566.0,57.54],[570.42,59.35],[569.76,61.58]]",555,57,579,83,315.78,21.18,18.78,20.05,,,True,
aihub71761:data/raw/aihub71761/RT/ST/w00087_f0.png#1,aihub71761:data/raw/aihub71761/RT/ST/w00087_f0.png,기공,porosity,2011,"[[841.44,307.13],[837.29,320.97],[817.49,327.13],[752.04,320.26],[766.14,262.52],[816.63,252.3],[829.64,274.59],[830.96,275.74],[837.74,289.78],[838.41,291.18]]",752,252,842,328,4991.29,87.54,74.33,79.72,,,True,
aihub71761:data/raw/aihub71761/RT/ST/w00089_f0.png#0,aihub71761:data/raw/aihub71761/RT/ST/w00089_f0.png,기공,porosity,2011,"[[1080.53,657.9],[1070.56,666.19],[1028.24,665.77],[1015.75,641.66],[1024.92,622.77],[1064.66,603.7],[1067.01,609.72]]",1015,603,1081,667,2787.51,60.52,58.89,59.57,,,True,
aihub71761:data/raw/aihub71761/RT/ST/w00090_f0.png#0,aihub71761:data/raw/aihub71761/RT/ST/w00090_f0.png,기공,porosity,2011,"[[1184.85,224.67],[1183.83,232.6],[1175.53,236.53],[1162.69,245.29],[1141.64,249.78],[1111.57,233.68],[1112.78,206.41],[1112.02,192.41],[1120.29,192.09],[1131.27,189.98]]",1111,189,1185,250,2842.17,82.12,47.39,60.16,,,True,
aihub71761:data/raw/aihub71761/RT/ST/w00090_f1.png#0,aihub71761:data/raw/aihub71761/RT/ST/w00090_f1.png,기공,porosity,2011,"[[985.63,293.38],[983.35,294.64],[959.04,304.52],[946.69,276.62],[950.4,268.48],[986.35,268.76]]",946,268,987,305,1075.99,39.60,35.97,37.01,,,True,
aihub71761:data/raw/aihub71761/RT/ST/w00091_f0.png#0,aihub71761:data/raw/aihub71761/RT/ST/w00091_f0.png,기공,porosity,2011,"[[284.96,118.31],[220.04,112.95],[202.05,98.64],[209.18,91.24],[204.94,70.55],[239.78,36.37],[243.05,40.32],[273.36,49.18],[278.41,53.69],[301.96,68.55]]",202,36,302,119,5620.90,91.16,78.85,84.60,,,True,
aihub71761:data/raw/aihub71761/RT/ST/w00091_f1.png#0,aihub71761:data/raw/aihub71761/RT/ST/w00091_f1.png,기공,porosity,2011,"[[347.36,430.53],[369.88,401.91],[373.78,398.78],[380.25,396.89],[401.6,393.81],[436.57,404.2]]",347,393,437,431,1330.59,93.01,22.97,41.16,,,True,
aihub71761:data/raw/aihub71761/RT/ST/w00091_f2.png#0,aihub71761:data/raw/aihub71761/RT/ST/w00091_f2.png,기공,porosity,2011,"[[169.78,465.24],[169.97,467.17],[162.89,468.09],[156.8,465.17],[153.73,461.07],[156.17,449.95],[160.5,449.66]]",153,449,170,469,181.56,21.86,11.66,15.20,,,True,
aihub71761:data/raw/aihub71761/RT/ST/w00091_f3.png#0,aihub71761:data/raw/aihub71761/RT/ST/w00091_f3.png,기공,porosity,2011,"[[148.28,534.91],[147.69,534.2],[154.02,525.24],[163.81,513.95],[174.8,510.15],[175.18,512.89],[192.56,530.79]]",147,510,193,535,578.64,44.99,22.20,27.14,,,True,
aihub71761:data/raw/aihub71761/RT/ST/w00092_f0.png#0,aihub71761:data/raw/aihub71761/RT/ST/w00092_f0.png,기공,porosity,2011,"[[99.39,659.84],[84.41,660.18],[84.92,656.1],[85.1,651.23],[84.06,650.2],[89.77,646.5],[93.19,646.5],[96.43,648.43],[101.04,649.75],[100.38,650.52]]",84,646,102,661,184.90,16.99,13.55,15.34,,,True,
aihub71761:data/raw/aihub71761/RT/ST/w00094_f0.png#0,aihub71761:data/raw/aihub71761/RT/ST/w00094_f0.png,기공,porosity,2011,"[[851.12,236.18],[849.19,240.75],[842.0,239.46],[832.33,231.76],[840.65,209.62],[865.55,211.69],[863.34,213.21],[866.54,211.74],[869.48,218.63]]",832,209,870,241,715.60,37.88,27.34,30.18,,,True,
aihub71761:data/raw/aihub71761/RT/ST/w00094_f1.png#0,aihub71761:data/raw/aihub71761/RT/ST/w00094_f1.png,기공,porosity,2011,"[[98.48,217.01],[101.34,223.92],[89.84,230.04],[75.51,236.8],[64.98,229.37],[62.34,222.97],[51.67,202.37],[95.6,194.51],[104.8,197.42]]",51,194,105,237,1434.56,53.17,38.09,42.74,,,True,
aihub71761:data/raw/aihub71761/RT/ST/w00094_f2.png#0,aihub71761:data/raw/aihub71761/RT/ST/w00094_f2.png,기공,porosity,2011,"[[1050.4,148.73],[1034.3,123.78],[1047.06,117.14],[1055.12,115.14],[1060.7,112.22],[1064.48,115.09]]",1034,112,1065,149,513.89,30.07,29.69,25.58,,,True,
aihub71761:data/raw/aihub71761/RT/ST/w00098_f0.png#0,aihub71761:data/raw/aihub71761/RT/ST/w00098_f0.png,기공,porosity,2011,"[[437.56,177.05],[415.63,196.01],[397.98,203.86],[371.77,201.85],[363.65,196.73],[353.75,179.68],[352.1,178.72],[408.87,119.38],[429.42,139.4],[428.64,140.92]]",352,119,438,204,4284.08,87.15,60.60,73.86,,,True,
aihub71761:data/raw/aihub71761/RT/ST/w00098_f1.png#0,aihub71761:data/raw/aihub71761/RT/ST/w00098_f1.png,기공,porosity,2011,"[[898.62,556.57],[898.26,552.91],[900.18,546.92],[904.22,546.31],[906.05,546.84],[908.17,548.9]]",898,546,909,557,52.45,12.25,6.55,8.17,,,True,
aihub71761:data/raw/aihub71761/RT/ST/w00098_f2.png#0,aihub71761:data/raw/aihub71761/RT/ST/w00098_f2.png,기공,porosity,2011,"[[1200.47,493.61],[1196.51,493.32],[1188.32,508.97],[1165.75,507.26],[1159.64,504.03],[1160.07,492.21],[1164.21,481.63],[1165.38,474.38],[1187.54,475.71],[1200.38,490.51]]",1159,474,1201,509,1052.42,40.39,33.11,36.61,,,True,
aihub71761:data/raw/aihub71761/RT/ST/w00098_f3.png#0,aihub71761:data/raw/aihub71761/RT/ST/w00098_f3.png,기공,porosity,2011,"[[422.93,294.77],[395.9,318.68],[370.7,330.92],[347.46,316.21],[361.34,242.44],[436.19,279.4]]",347,242,437,331,4395.24,83.48,75.19,74.81,,,True,
aihub71761:data/raw/aihub71761/RT/ST/w00100_f0.png#0,aihub71761:data/raw/aihub71761/RT/ST/w00100_f0.png,기공,porosity,2011,"[[407.34,182.48],[403.95,188.98],[369.24,181.42],[371.23,180.02],[372.8,179.0],[376.4,171.24],[392.63,168.84],[393.61,169.38],[396.5,170.98],[400.02,167.22]]",369,167,408,189,493.59,37.45,20.43,25.07,,,True,
aihub71761:data/raw/aihub71761/RT/ST/w00101_f0.png#0,aihub71761:data/raw/aihub71761/RT/ST/w00101_f0.png,융합불량,lack_of_fusion,401,"[[74.59,194.76],[66.49,193.54],[45.99,181.43],[61.7,146.36],[65.31,147.52],[70.32,141.7],[86.87,147.31],[94.77,165.97],[103.59,168.46]]",45,141,104,195,1749.16,53.20,44.51,47.19,,,True,
aihub71761:data/raw/aihub71761/RT/ST/w00102_f0.png#0,aihub71761:data/raw/aihub71761/RT/ST/w00102_f0.png,기공,porosity,2011,"[[639.85,557.87],[635.91,577.44],[623.85,593.4],[613.76,589.52],[590.35,587.88],[574.67,590.74],[570.32,533.85],[576.96,509.99],[600.67,505.99],[640.06,527.82],[644.46,527.57]]",570,505,645,594,5041.59,86.03,73.69,80.12,,,True,
aihub71761:data/raw/aihub71761/RT/ST/w00103_f0.png#0,aihub71761:data/raw/aihub71761/RT/ST/w00103_f0.png,기공,porosity,2011,"[[1218.83,247.06],[1216.69,246.57],[1191.53,254.05],[1188.23,250.92],[1185.64,245.07],[1184.18,235.55],[1186.95,235.36],[1196.52,219.66],[1205.29,219.84]]",1184,219,1219,255,734.74,34.47,29.12,30.59,,,True,
aihub71761:data/raw/aihub71761/RT/ST/w00103_f1.png#0,aihub71761:data/raw/aihub71761/RT/ST/w00103_f1.png,기공,porosity,2011,"[[942.46,488.89],[939.57,494.13],[936.18,496.64],[912.79,473.77],[914.41,471.27],[915.66,465.74],[931.59,458.42]]",912,458,943,497,588.09,37.54,22.86,27.36,,,True,
aihub71761:data/raw/aihub71761/RT/ST/w00103_f2.png#0,aihub71761:data/raw/aihub71761/RT/ST/w00103_f2.png,기공,porosity,2011,"[[404.97,560.29],[402.66,560.44],[402.06,555.81],[393.26,554.27],[386.02,536.93],[394.88,530.46],[397.89,527.25],[400.45,525.49],[418.16,533.3],[420.42,536.61],[418.48,538.5]]",386,525,421,561,676.52,31.20,28.64,29.35,,,True,
aihub71761:data/raw/aihub71761/RT/ST/w00104_f0.png#0,aihub71761:data/raw/aihub71761/RT/ST/w00104_f0.png,슬래그혼입,slag_inclusion,301,"[[102.82,160.48],[91.94,162.64],[69.55,135.85],[70.89,129.14],[74.99,131.84],[85.78,125.06]]",69,125,103,163,568.04,42.08,19.30,26.89,,,True,
aihub71761:data/raw/aihub71761/RT/ST/w00105_f0.png#0,aihub71761:data/raw/aihub71761/RT/ST/w00105_f0.png,기공,porosity,2011,"[[292.2,252.16],[285.08,244.62],[286.72,243.6],[289.17,237.2],[289.17,235.7],[303.37,242.75],[301.22,243.49]]",285,235,304,253,140.31,15.85,13.40,13.37,,,True,
aihub71761:data/raw/aihub71761/RT/ST/w00106_f0.png#0,aihub71761:data/raw/aihub71761/RT/ST/w00106_f0.png,융합불량,lack_of_fusion,401,"[[759.43,326.49],[754.38,327.96],[747.64,323.49],[745.4,319.75],[746.0,315.12],[745.78,313.68],[746.03,311.64],[756.93,309.8],[759.59,312.28],[763.83,315.2]]",745,309,764,328,236.09,17.88,17.85,17.34,,,True,
aihub71761:data/raw/aihub71761/RT/ST/w00106_f1.png#0,aihub71761:data/raw/aihub71761/RT/ST/w00106_f1.png,융합불량,lack_of_fusion,401,"[[439.89,462.01],[415.42,489.35],[409.75,496.55],[362.83,467.72],[366.16,447.94],[367.26,423.32],[375.63,428.68]]",362,423,440,497,2869.43,82.29,44.65,60.44,,,True,
aihub71761:data/raw/aihub71761/RT/ST/w00109_f0.png#0,aihub71761:data/raw/aihub71761/RT/ST/w00109_f0.png,기공,porosity,2011,"[[908.29,474.54],[894.08,508.91],[850.07,493.11],[845.52,489.65],[845.88,488.4],[839.37,492.0],[865.25,433.18],[897.24,453.53],[900.89,456.38]]",839,433,909,509,3028.05,64.26,56.89,62.09,,,True,
aihub71761:data/raw/aihub71761/RT/ST/w00110_f0.png#0,aihub71761:data/raw/aihub71761/RT/ST/w00110_f0.png,기공,porosity,2011,"[[1232.11,600.76],[1232.68,604.97],[1213.23,611.39],[1209.85,609.52],[1204.96,612.45],[1203.41,584.78],[1206.65,584.91],[1225.26,582.53],[1228.6,584.37],[1228.41,588.08],[1234.25,594.9]]",1203,582,1235,613,694.16,30.93,27.68,29.73,,,True,
aihub71761:data/raw/aihub71761/RT/ST/w00110_f1.png#0,aihub71761:data/raw/aihub71761/RT/ST/w00110_f1.png,기공,porosity,2011,"[[690.78,443.98],[668.03,445.41],[666.77,445.12],[660.6,429.98],[664.22,428.66],[693.08,419.94],[693.51,420.33],[696.45,431.98]]",660,419,697,446,627.89,34.29,22.35,28.27,,,True,
aihub71761:data/raw/aihub71761/RT/ST/w00110_f2.png#0,aihub71761:data/raw/aihub71761/RT/ST/w00110_f2.png,기공,porosity,2011,"[[709.07,642.67],[702.46,643.24],[692.24,643.64],[694.98,609.86],[715.8,608.38],[715.99,620.47]]",692,608,716,644,680.44,37.05,21.80,29.43,,,True,
aihub71761:data/raw/aihub71761/RT/ST/w00110_f3.png#0,aihub71761:data/raw/aihub71761/RT/ST/w00110_f3.png,기공,porosity,2011,"[[1157.54,24.64],[1152.89,24.64],[1151.96,26.79],[1147.48,23.51],[1148.13,19.69],[1147.42,16.53],[1148.36,15.02],[1149.96,12.9],[1162.02,15.41]]",1147,12,1163,27,131.82,14.63,12.65,12.96,,,True,
aihub71761:data/raw/aihub71761/RT/ST/w00111_f0.png#0,aihub71761:data/raw/aihub71761/RT/ST/w00111_f0.png,기공,porosity,2011,"[[1200.09,435.1],[1122.22,426.48],[1125.48,417.96],[1133.65,386.1],[1162.27,354.82],[1199.48,366.02]]",1122,354,1201,436,4626.46,78.35,75.63,76.75,,,True,
aihub71761:data/raw/aihub71761/RT/ST/w00115_f0.png#0,aihub71761:data/raw/aihub71761/RT/ST/w00115_f0.png,기공,porosity,2011,"[[1191.78,210.26],[1178.03,215.36],[1164.03,206.69],[1166.73,204.43],[1166.07,198.61],[1164.28,196.43],[1182.21,188.44]]",1164,188,1192,216,453.90,23.98,23.83,24.04,,,True,
aihub71761:data/raw/aihub71761/RT/ST/w00116_f0.png#0,aihub71761:data/raw/aihub71761/RT/ST/w00116_f0.png,기공,porosity,2011,"[[185.29,180.42],[178.93,186.66],[170.32,200.46],[139.88,223.38],[119.94,221.01],[107.99,215.91]]",107,180,186,224,1007.72,85.06,20.09,35.82,,,True,
aihub71761:data/raw/aihub71761/RT/ST/w00117_f0.png#0,aihub71761:data/raw/aihub71761/RT/ST/w00117_f0.png,기공,porosity,2011,"[[1123.45,95.56],[1123.1,95.92],[1120.51,108.3],[1117.29,110.18],[1105.13,111.65],[1102.36,109.54],[1092.6,101.43],[1096.42,85.64],[1109.84,78.2]]",1092,78,1124,112,695.23,32.70,27.90,29.75,,,True,
aihub71761:data/raw/aihub71761/RT/ST/w00117_f1.png#0,aihub71761:data/raw/aihub71761/RT/ST/w00117_f1.png,기공,porosity,2011,"[[1236.98,212.06],[1235.58,212.13],[1227.39,205.34],[1231.43,204.87],[1235.66,207.5],[1235.08,208.3],[1236.36,208.45],[1236.37,210.72]]",1227,204,1237,213,28.50,11.67,3.62,6.02,,,True,
aihub71761:data/raw/aihub71761/RT/ST/w00117_f2.png#0,aihub71761:data/raw/aihub71761/RT/ST/w00117_f2.png,기공,porosity,2011,"[[976.05,27.61],[970.53,32.3],[970.59,33.09],[963.8,29.85],[959.25,25.02],[956.51,17.68],[957.44,15.8],[957.52,15.63],[959.52,14.4],[970.97,11.42]]",956,11,977,34,266.59,21.15,15.67,18.42,,,True,
aihub71761:data/raw/aihub71761/RT/ST/w00117_f3.png#0,aihub71761:data/raw/aihub71761/RT/ST/w00117_f3.png,기공,porosity,2011,"[[1091.59,590.75],[1090.42,593.43],[1088.09,594.75],[1081.24,600.33],[1073.23,585.03],[1070.26,583.21],[1085.44,580.31],[1089.99,583.84],[1091.37,587.73],[1093.73,588.88],[1092.66,588.93]]",1070,580,1094,601,237.24,20.34,16.69,17.38,,,True,
aihub71761:data/raw/aihub71761/RT/ST/w00122_f0.png#0,aihub71761:data/raw/aihub71761/RT/ST/w00122_f0.png,기공,porosity,2011,"[[751.67,602.84],[749.09,612.58],[719.31,641.54],[715.67,635.1],[713.13,635.18],[687.02,614.05],[695.01,589.4],[707.98,568.12],[712.66,570.69],[713.51,566.76],[759.06,593.81]]",687,566,760,642,3014.29,61.34,58.33,61.95,,,True,
aihub71761:data/raw/aihub71761/RT/ST/w00124_f0.png#0,aihub71761:data/raw/aihub71761/RT/ST/w00124_f0.png,기공,porosity,2011,"[[914.81,212.55],[900.54,217.51],[868.0,238.31],[853.9,226.17],[849.93,226.66],[838.19,203.52],[831.83,201.66],[834.7,178.93],[843.92,177.83],[867.15,163.25],[892.42,162.48]]",831,162,915,239,4005.24,71.60,67.95,71.41,,,True,
aihub71761:data/raw/aihub71761/RT/ST/w00125_f0.png#0,aihub71761:data/raw/aihub71761/RT/ST/w00125_f0.png,기공,porosity,2011,"[[1160.56,674.73],[1162.16,676.41],[1133.42,676.99],[1140.15,649.66],[1161.84,653.93],[1165.38,666.02]]",1133,649,1166,677,660.73,29.24,28.12,29.00,,,True,
aihub71761:data/raw/aihub71761/RT/ST/w00125_f1.png#0,aihub71761:data/raw/aihub71761/RT/ST/w00125_f1.png,기공,porosity,2011,"[[868.9,401.6],[849.68,429.41],[830.5,435.89],[823.16,436.92],[805.41,424.79],[790.4,399.13],[831.69,357.78],[856.79,382.77],[858.83,391.86]]",790,357,869,437,3613.14,66.04,63.34,67.83,,,True,
aihub71761:data/raw/aihub71761/RT/ST/w00126_f0.png#0,aihub71761:data/raw/aihub71761/RT/ST/w00126_f0.png,기공,porosity,2011,"[[669.13,143.52],[656.97,128.81],[648.82,102.55],[653.24,101.86],[655.07,75.92],[669.75,60.29],[689.15,63.95],[738.49,90.58]]",648,60,739,144,4085.57,88.00,65.78,72.12,,,True,
aihub71761:data/raw/aihub71761/RT/ST/w00127_f0.png#0,aihub71761:data/raw/aihub71761/RT/ST/w00127_f0.png,기공,porosity,2011,"[[313.98,594.57],[289.95,621.39],[285.57,628.5],[282.08,620.77],[275.09,628.12],[266.41,612.92],[250.54,595.82],[262.5,570.0],[268.96,553.81],[315.56,584.85]]",250,553,316,629,2668.78,60.06,58.45,58.29,,,True,
aihub71761:data/raw/aihub71761/RT/ST/w00130_f0.png#0,aihub71761:data/raw/aihub71761/RT/ST/w00130_f0.png,기공,porosity,2011,"[[255.77,210.45],[234.61,220.15],[225.16,215.35],[222.15,207.78],[225.89,195.72],[237.01,186.99],[246.63,190.01],[245.97,191.9]]",222,186,256,221,709.03,30.08,29.14,30.05,,,True,
aihub71761:data/raw/aihub71761/RT/ST/w00130_f1.png#0,aihub71761:data/raw/aihub71761/RT/ST/w00130_f1.png,기공,porosity,2011,"[[864.03,496.1],[857.67,483.1],[846.55,469.71],[879.17,431.52],[903.17,445.23],[906.25,445.7],[916.17,454.69],[920.38,459.67]]",846,431,921,497,2357.54,67.10,46.23,54.79,,,True,
aihub71761:data/raw/aihub71761/RT/ST/w00133_f0.png#0,aihub71761:data/raw/aihub71761/RT/ST/w00133_f0.png,융합불량,lack_of_fusion,401,"[[1101.85,261.23],[1095.94,264.53],[1093.52,264.69],[1088.76,267.56],[1078.63,261.49],[1077.48,242.93],[1100.69,239.73],[1101.18,242.41],[1104.42,247.21]]",1077,239,1105,268,571.18,27.50,25.94,26.97,,,True,
aihub71761:data/raw/aihub71761/RT/ST/w00134_f0.png#0,aihub71761:data/raw/aihub71761/RT/ST/w00134_f0.png,기공,porosity,2011,"[[786.38,637.44],[745.57,610.67],[748.54,600.71],[750.46,601.61],[791.15,606.41],[790.92,613.11]]",745,600,792,638,916.38,45.03,31.38,34.16,,,True,
aihub71761:data/raw/aihub71761/RT/ST/w00134_f1.png#0,aihub71761:data/raw/aihub71761/RT/ST/w00134_f1.png,기공,porosity,2011,"[[838.13,390.64],[764.16,375.16],[763.98,373.54],[762.17,364.97],[765.98,357.79],[759.9,354.83],[759.66,342.76],[784.3,337.31]]",759,337,839,391,1960.83,86.61,41.17,49.97,,,True,
aihub71761:data/raw/aihub71761/RT/ST/w00134_f2.png#0,aihub71761:data/raw/aihub71761/RT/ST/w00134_f2.png,기공,porosity,2011,"[[646.66,541.85],[619.94,570.13],[600.67,578.38],[600.29,587.96],[580.34,575.6],[571.19,571.63],[549.88,568.94],[580.61,492.32],[610.64,489.59],[619.43,501.65]]",549,489,647,588,5538.02,96.27,79.74,83.97,,,True,
aihub71761:data/raw/aihub71761/RT/ST/w00134_f3.png#0,aihub71761:data/raw/aihub71761/RT/ST/w00134_f3.png,기공,porosity,2011,"[[679.62,592.02],[675.79,598.2],[651.76,583.16],[646.64,582.21],[647.72,568.95],[648.34,562.0],[653.52,551.6],[660.06,549.15],[673.17,548.29],[696.85,566.87],[697.5,568.54]]",646,548,698,599,1609.95,45.49,43.04,45.28,,,True,
aihub71761:data/raw/aihub71761/RT/ST/w00135_f0.png#0,aihub71761:data/raw/aihub71761/RT/ST/w00135_f0.png,기공,porosity,2011,"[[1018.69,500.89],[1014.15,495.43],[1001.67,486.66],[995.05,490.32],[994.49,455.33],[1002.29,434.23],[1034.95,426.0]]",994,426,1035,501,1907.25,76.63,33.32,49.28,,,True,
aihub71761:data/raw/aihub71761/RT/ST/w00136_f0.png#0,aihub71761:data/raw/aihub71761/RT/ST/w00136_f0.png,균열,crack,100,"[[205.97,296.22],[205.68,306.3],[181.17,312.82],[164.03,317.07],[153.92,313.43],[134.36,281.92],[210.63,270.36],[206.15,275.4]]",134,270,211,318,2295.29,77.14,39.20,54.06,,,True,
aihub71761:data/raw/aihub71761/RT/ST/w00136_f0.png#1,aihub71761:data/raw/aihub71761/RT/ST/w00136_f0.png,기공,porosity,2011,"[[607.34,435.43],[602.16,439.35],[606.22,446.0],[595.75,447.41],[594.23,451.78],[544.61,442.38],[539.48,427.64],[571.31,391.65],[584.39,396.75],[594.97,402.74]]",539,391,608,452,2636.00,68.99,54.81,57.93,,,True,
aihub71761:data/raw/aihub71761/RT/ST/w00136_f1.png#0,aihub71761:data/raw/aihub71761/RT/ST/w00136_f1.png,균열,crack,100,"[[121.35,626.62],[123.16,631.35],[87.3,632.97],[83.71,639.46],[80.48,628.19],[73.23,620.29],[70.97,615.96],[71.17,603.95],[73.39,592.31]]",70,592,124,640,1104.98,63.19,32.34,37.51,,,True,
aihub71761:data/raw/aihub71761/RT/ST/w00136_f1.png#1,aihub71761:data/raw/aihub71761/RT/ST/w00136_f1.png,기공,porosity,2011,"[[1156.87,426.49],[1157.44,427.17],[1152.22,436.52],[1136.98,440.32],[1115.66,443.66],[1097.68,419.77],[1103.36,400.86],[1104.7,392.23],[1140.19,383.98]]",1097,383,1158,444,2482.80,56.19,54.47,56.22,,,True,
aihub71761:data/raw/aihub71761/RT/ST/w00137_f0.png#0,aihub71761:data/raw/aihub71761/RT/ST/w00137_f0.png,균열,crack,100,"[[491.61,371.87],[433.1,360.94],[422.93,357.62],[451.28,301.05],[478.65,300.93],[484.95,309.7]]",422,300,492,372,3324.38,70.13,67.35,65.06,,,True,
aihub71761:data/raw/aihub71761/RT/ST/w00138_f0.png#0,aihub71761:data/raw/aihub71761/RT/ST/w00138_f0.png,기공,porosity,2011,"[[604.11,512.92],[598.33,511.71],[576.0,505.45],[566.92,507.34],[567.46,494.19],[574.12,428.24],[609.94,423.53],[646.03,434.59],[642.34,452.35],[657.61,459.3]]",566,423,658,513,5516.60,89.52,86.19,83.81,,,True,
aihub71761:data/raw/aihub71761/RT/ST/w00140_f0.png#0,aihub71761:data/raw/aihub71761/RT/ST/w00140_f0.png,기공,porosity,2011,"[[1150.32,316.63],[1146.93,315.77],[1143.21,327.15],[1120.06,326.33],[1104.06,319.43],[1104.42,315.71],[1094.95,307.03],[1107.19,288.75],[1114.99,280.43],[1122.19,277.54],[1146.58,282.39]]",1094,277,1151,328,2009.03,56.18,48.27,50.58,,,True,
aihub71761:data/raw/aihub71761/RT/ST/w00142_f0.png#0,aihub71761:data/raw/aihub71761/RT/ST/w00142_f0.png,기공,porosity,2011,"[[1068.15,464.61],[1082.87,456.56],[1096.18,467.8],[1093.42,469.94],[1093.97,471.77],[1095.72,473.83]]",1068,456,1097,474,212.68,29.07,12.30,16.46,,,True,
aihub71761:data/raw/aihub71761/RT/ST/w00143_f0.png#0,aihub71761:data/raw/aihub71761/RT/ST/w00143_f0.png,기공,porosity,2011,"[[754.8,537.57],[757.99,543.83],[675.59,518.44],[697.64,490.63],[715.46,489.27],[730.88,484.39],[762.05,524.92]]",675,484,763,544,2799.30,86.22,48.82,59.70,,,True,
aihub71761:data/raw/aihub71761/RT/ST/w00144_f0.png#0,aihub71761:data/raw/aihub71761/RT/ST/w00144_f0.png,융합불량,lack_of_fusion,401,"[[840.99,557.61],[836.87,560.62],[787.05,567.43],[768.73,556.57],[780.32,516.46],[782.65,512.93],[834.8,506.19]]",768,506,841,568,3415.66,71.98,54.61,65.95,,,True,
aihub71761:data/raw/aihub71761/RT/ST/w00145_f0.png#0,aihub71761:data/raw/aihub71761/RT/ST/w00145_f0.png,기공,porosity,2011,"[[137.39,465.57],[128.23,468.7],[117.21,461.77],[117.25,457.09],[120.94,450.9],[125.15,448.54],[125.58,446.94],[136.36,452.32]]",117,446,138,469,306.65,21.64,18.23,19.76,,,True,
aihub71761:data/raw/aihub71761/RT/ST/w00145_f1.png#0,aihub71761:data/raw/aihub71761/RT/ST/w00145_f1.png,기공,porosity,2011,"[[737.65,137.6],[730.27,139.02],[725.41,147.44],[723.68,141.35],[700.37,124.31],[700.81,105.51],[708.01,96.72],[713.96,93.66],[730.75,81.06],[735.49,89.06]]",700,81,738,148,1603.18,66.08,36.65,45.18,,,True,
aihub71761:data/raw/aihub71761/RT/ST/w00145_f2.png#0,aihub71761:data/raw/aihub71761/RT/ST/w00145_f2.png,기공,porosity,2011,"[[956.29,238.71],[926.51,270.77],[878.19,260.97],[881.29,239.65],[883.81,229.99],[902.72,206.09],[923.26,197.37],[944.19,215.23]]",878,197,957,271,3734.42,77.64,61.92,68.96,,,True,
aihub71761:data/raw/aihub71761/RT/ST/w00151_f0.png#0,aihub71761:data/raw/aihub71761/RT/ST/w00151_f0.png,기공,porosity,2011,"[[109.78,165.34],[87.83,171.85],[81.5,156.32],[95.3,144.5],[94.89,141.56],[99.65,141.69],[103.24,145.71],[110.83,150.56]]",81,141,111,172,573.79,29.76,27.03,27.03,,,True,
aihub71761:data/raw/aihub71761/RT/ST/w00151_f0.png#1,aihub71761:data/raw/aihub71761/RT/ST/w00151_f0.png,슬래그혼입,slag_inclusion,301,"[[1223.21,471.52],[1205.22,494.66],[1185.75,498.62],[1175.14,496.76],[1161.85,489.48],[1157.33,468.75],[1154.8,466.85],[1163.37,449.49],[1209.88,457.03],[1220.41,456.95]]",1154,449,1224,499,2423.96,68.44,45.81,55.55,,,True,
aihub71761:data/raw/aihub71761/RT/ST/w00151_f1.png#0,aihub71761:data/raw/aihub71761/RT/ST/w00151_f1.png,기공,porosity,2011,"[[690.83,37.58],[676.16,40.26],[680.13,29.2],[684.89,27.99],[686.2,28.06],[690.82,34.73]]",676,27,691,41,114.85,15.42,10.50,12.09,,,True,
aihub71761:data/raw/aihub71761/RT/ST/w00151_f1.png#1,aihub71761:data/raw/aihub71761/RT/ST/w00151_f1.png,슬래그혼입,slag_inclusion,301,"[[350.82,143.03],[350.61,148.11],[339.39,154.02],[332.26,129.39],[332.06,125.94],[334.21,129.99],[338.33,128.53],[344.66,131.87],[352.18,138.35]]",332,125,353,155,304.88,29.01,16.64,19.70,,,True,
aihub71761:data/raw/aihub71761/RT/ST/w00151_f2.png#0,aihub71761:data/raw/aihub71761/RT/ST/w00151_f2.png,기공,porosity,2011,"[[706.23,394.75],[691.49,398.06],[656.46,368.8],[661.87,355.0],[674.23,347.0],[676.62,343.67],[707.37,368.46],[712.66,370.72],[712.5,372.55]]",656,343,713,399,1713.79,59.34,34.57,46.71,,,True,
aihub71761:data/raw/aihub71761/RT/ST/w00151_f2.png#1,aihub71761:data/raw/aihub71761/RT/ST/w00151_f2.png,슬래그혼입,slag_inclusion,301,"[[525.02,546.52],[510.54,539.81],[508.14,541.64],[508.07,536.3],[498.99,526.47],[495.82,521.29],[496.46,508.83],[532.8,500.98],[548.46,515.38],[543.21,516.13]]",495,500,549,547,1422.70,47.32,45.48,42.56,,,True,
aihub71761:data/raw/aihub71761/RT/ST/w00151_f3.png#0,aihub71761:data/raw/aihub71761/RT/ST/w00151_f3.png,기공,porosity,2011,"[[1137.95,239.86],[1137.17,246.49],[1122.44,239.4],[1068.62,224.36],[1069.15,174.19],[1109.55,156.36],[1136.28,161.34]]",1068,156,1138,247,4884.25,89.83,69.49,78.86,,,True,
aihub71761:data/raw/aihub71761/RT/ST/w00151_f3.png#1,aihub71761:data/raw/aihub71761/RT/ST/w00151_f3.png,슬래그혼입,slag_inclusion,301,"[[1107.48,108.04],[1108.78,109.37],[1107.24,111.06],[1105.52,111.17],[1105.55,111.74],[1105.04,110.69],[1097.79,111.53],[1101.44,96.34],[1103.44,96.61],[1109.51,99.8],[1110.47,101.95]]",1097,96,1111,112,127.13,15.83,10.18,12.72,,,True,
aihub71761:data/raw/aihub71761/RT/ST/w00155_f0.png#0,aihub71761:data/raw/aihub71761/RT/ST/w00155_f0.png,기공,porosity,2011,"[[842.48,62.15],[813.47,66.17],[792.22,40.2],[803.7,27.37],[841.13,25.51],[854.1,39.59]]",792,25,855,67,1782.90,61.83,39.24,47.65,,,True,
aihub71761:data/raw/aihub71761/RT/ST/w00156_f0.png#0,aihub71761:data/raw/aihub71761/RT/ST/w00156_f0.png,기공,porosity,2011,"[[575.41,625.22],[578.58,626.57],[578.89,636.66],[536.74,639.55],[533.62,638.01],[528.38,618.41],[547.87,601.69],[549.34,601.65],[548.87,595.14],[554.22,601.15],[569.55,602.54]]",528,595,579,640,1484.27,49.52,43.48,43.47,,,True,
aihub71761:data/raw/aihub71761/RT/ST/w00158_f0.png#0,aihub71761:data/raw/aihub71761/RT/ST/w00158_f0.png,기공,porosity,2011,"[[1259.85,147.78],[1196.08,151.15],[1196.83,143.64],[1188.59,117.2],[1200.9,103.46],[1198.88,94.47],[1260.57,112.74],[1266.86,112.15],[1261.39,120.29]]",1188,94,1267,152,3080.71,75.82,56.15,62.63,,,True,
aihub71761:data/raw/aihub71761/RT/ST/w00159_f0.png#0,aihub71761:data/raw/aihub71761/RT/ST/w00159_f0.png,기공,porosity,2011,"[[578.14,173.6],[574.45,178.88],[531.69,150.08],[523.08,141.97],[545.71,113.71],[585.06,133.32]]",523,113,586,179,2249.37,63.34,43.72,53.52,,,True,
aihub71761:data/raw/aihub71761/RT/ST/w00163_f0.png#0,aihub71761:data/raw/aihub71761/RT/ST/w00163_f0.png,기공,porosity,2011,"[[338.03,337.36],[335.71,329.84],[333.86,328.78],[335.24,327.23],[336.77,324.61],[338.18,325.07],[338.54,324.67],[339.77,323.7],[348.17,325.07],[351.16,327.14],[349.7,328.83]]",333,323,352,338,124.33,16.63,11.04,12.58,,,True,
aihub71761:data/raw/aihub71761/RT/ST/w00167_f0.png#0,aihub71761:data/raw/aihub71761/RT/ST/w00167_f0.png,기공,porosity,2011,"[[786.75,201.07],[782.46,205.46],[780.2,195.31],[740.34,180.55],[742.17,132.74],[797.66,113.01],[806.95,117.77]]",740,113,807,206,3859.08,93.43,59.43,70.10,,,True,
aihub71761:data/raw/aihub71761/RT/ST/w00169_f0.png#0,aihub71761:data/raw/aihub71761/RT/ST/w00169_f0.png,기공,porosity,2011,"[[977.27,33.68],[972.99,43.05],[972.05,46.95],[948.08,19.37],[951.84,11.73],[954.95,12.15],[956.48,11.07],[960.7,7.75]]",948,7,978,47,505.02,39.84,17.15,25.36,,,True,
aihub71761:data/raw/aihub71761/RT/ST/w00169_f1.png#0,aihub71761:data/raw/aihub71761/RT/ST/w00169_f1.png,기공,porosity,2011,"[[1175.23,250.8],[1168.45,253.39],[1164.02,250.32],[1164.11,248.68],[1168.49,243.26],[1169.18,242.06],[1170.65,243.04],[1174.03,245.5]]",1164,242,1176,254,77.72,10.24,9.79,9.95,,,True,
aihub71761:data/raw/aihub71761/RT/ST/w00170_f0.png#0,aihub71761:data/raw/aihub71761/RT/ST/w00170_f0.png,기공,porosity,2011,"[[1109.12,435.63],[1042.33,391.29],[1045.04,387.87],[1044.39,386.25],[1051.01,385.26],[1062.04,375.92],[1086.97,385.78],[1098.84,384.05],[1104.29,387.28],[1105.24,395.49]]",1042,375,1110,436,1909.62,81.24,37.61,49.31,,,True,
aihub71761:data/raw/aihub71761/RT/ST/w00171_f0.png#0,aihub71761:data/raw/aihub71761/RT/ST/w00171_f0.png,기공,porosity,2011,"[[493.86,346.41],[491.63,366.02],[479.74,376.66],[473.31,374.41],[468.02,381.33],[423.59,355.24],[434.65,333.33],[456.85,310.2],[484.91,323.99],[494.85,327.55]]",423,310,495,382,3232.91,65.69,59.96,64.16,,,True,
aihub71761:data/raw/aihub71761/RT/ST/w00172_f0.png#0,aihub71761:data/raw/aihub71761/RT/ST/w00172_f0.png,기공,porosity,2011,"[[1067.56,418.08],[1033.32,435.26],[1032.63,440.49],[1011.14,439.38],[1005.75,421.76],[990.98,414.15],[994.34,407.97],[1064.54,392.98]]",990,392,1068,441,2140.28,76.36,39.80,52.20,,,True,
aihub71761:data/raw/aihub71761/RT/ST/w00174_f0.png#0,aihub71761:data/raw/aihub71761/RT/ST/w00174_f0.png,기공,porosity,2011,"[[399.3,260.39],[335.31,269.53],[324.05,239.17],[321.08,193.99],[364.17,179.22],[414.66,197.93],[407.07,213.08]]",321,179,415,270,6299.27,95.53,85.32,89.56,,,True,
aihub71761:data/raw/aihub71761/RT/ST/w00175_f0.png#0,aihub71761:data/raw/aihub71761/RT/ST/w00175_f0.png,슬래그혼입,slag_inclusion,301,"[[931.04,513.25],[934.09,521.06],[933.74,523.82],[930.62,530.98],[929.52,533.26],[891.28,531.06],[903.91,487.98],[909.32,486.65]]",891,486,935,534,1255.62,47.69,38.71,39.98,,,True,
aihub71761:data/raw/aihub71761/RT/ST/w00178_f0.png#0,aihub71761:data/raw/aihub71761/RT/ST/w00178_f0.png,기공,porosity,2011,"[[333.19,288.05],[335.75,292.6],[320.42,295.49],[299.48,286.02],[286.84,279.95],[283.73,261.83],[294.48,236.63],[348.85,260.46]]",283,236,349,296,2374.51,60.27,43.50,54.98,,,True,
aihub71761:data/raw/aihub71761/RT/ST/w00180_f0.png#0,aihub71761:data/raw/aihub71761/RT/ST/w00180_f0.png,기공,porosity,2011,"[[808.47,263.54],[808.31,272.61],[798.85,273.63],[796.05,279.5],[774.31,276.73],[774.87,272.97],[758.83,237.85],[777.65,214.87],[802.02,227.0],[812.37,224.15]]",758,214,813,280,2362.08,62.87,52.21,54.84,,,True,
aihub71761:data/raw/aihub71761/RT/ST/w00181_f0.png#0,aihub71761:data/raw/aihub71761/RT/ST/w00181_f0.png,기공,porosity,2011,"[[995.51,344.38],[987.34,348.9],[896.97,352.0],[902.62,348.31],[962.51,307.47],[966.71,306.53]]",896,306,996,352,2224.00,85.79,49.08,53.21,,,True,
aihub71761:data/raw/aihub71761/RT/ST/w00182_f0.png#0,aihub71761:data/raw/aihub71761/RT/ST/w00182_f0.png,기공,porosity,2011,"[[104.43,95.58],[98.45,87.25],[110.29,77.35],[113.71,51.45],[140.24,52.02],[165.94,50.93],[170.77,58.06],[201.92,76.8]]",98,50,202,96,2695.55,103.58,41.58,58.58,,,True,
aihub71761:data/raw/aihub71761/RT/ST/w00184_f0.png#0,aihub71761:data/raw/aihub71761/RT/ST/w00184_f0.png,기공,porosity,2011,"[[187.43,497.83],[186.1,500.71],[186.04,501.92],[126.56,483.67],[129.57,478.94],[138.22,475.4],[156.76,449.57],[161.83,455.3],[180.76,453.18]]",126,449,188,502,1790.61,62.35,45.05,47.75,,,True,
aihub71761:data/raw/aihub71761/RT/ST/w00187_f0.png#0,aihub71761:data/raw/aihub71761/RT/ST/w00187_f0.png,기공,porosity,2011,"[[101.79,528.34],[97.5,533.25],[55.55,555.09],[37.86,536.85],[27.48,522.52],[29.32,505.82],[45.37,503.61],[61.5,491.81],[84.61,501.53],[92.96,506.79]]",27,491,102,556,2928.69,65.34,55.81,61.06,,,True,
aihub71761:data/raw/aihub71761/RT/ST/w00189_f0.png#0,aihub71761:data/raw/aihub71761/RT/ST/w00189_f0.png,기공,porosity,2011,"[[197.37,215.19],[197.13,228.66],[192.63,226.69],[168.98,232.26],[168.76,230.74],[166.46,231.98],[133.72,185.81],[143.09,164.8],[174.01,151.54],[199.86,158.4]]",133,151,200,233,3853.08,80.85,65.03,70.04,,,True,
aihub71761:data/raw/aihub71761/RT/ST/w00189_f0.png#1,aihub71761:data/raw/aihub71761/RT/ST/w00189_f0.png,슬래그혼입,slag_inclusion,301,"[[551.28,138.59],[526.28,87.08],[525.2,95.31],[542.09,99.63],[553.31,102.61],[547.43,120.1]]",530,96,554,139,319.96,46.46,17.54,20.18,,,True,self_intersect;multipart_largest_kept
aihub71761:data/raw/aihub71761/RT/ST/w00194_f0.png#0,aihub71761:data/raw/aihub71761/RT/ST/w00194_f0.png,기공,porosity,2011,"[[541.02,417.86],[532.56,416.92],[509.38,435.82],[469.55,417.81],[515.96,360.0],[543.18,391.08]]",469,360,544,436,3016.79,74.13,55.76,61.98,,,True,
aihub71761:data/raw/aihub71761/RT/ST/w00195_f0.png#0,aihub71761:data/raw/aihub71761/RT/ST/w00195_f0.png,기공,porosity,2011,"[[116.59,653.23],[104.78,652.63],[100.09,636.66],[102.67,623.41],[102.78,623.48],[107.68,620.38],[115.16,611.28],[119.5,612.27],[120.71,616.42],[137.21,623.54]]",100,611,138,654,921.92,42.39,28.44,34.26,,,True,
aihub71761:data/raw/aihub71761/RT/ST/w00196_f0.png#0,aihub71761:data/raw/aihub71761/RT/ST/w00196_f0.png,융합불량,lack_of_fusion,401,"[[555.93,71.35],[545.68,62.64],[542.2,57.69],[542.07,40.66],[549.39,20.83],[571.78,23.1]]",542,20,572,72,934.13,50.79,22.75,34.49,,,True,
aihub71761:data/raw/aihub71761/RT/ST/w00196_f1.png#0,aihub71761:data/raw/aihub71761/RT/ST/w00196_f1.png,융합불량,lack_of_fusion,401,"[[1113.67,431.7],[1083.02,399.27],[1085.7,381.18],[1108.31,365.23],[1120.84,369.87],[1127.98,365.32],[1128.61,367.36]]",1083,365,1129,432,1758.80,67.90,38.67,47.32,,,True,
aihub71761:data/raw/aihub71761/RT/ST/w00196_f2.png#0,aihub71761:data/raw/aihub71761/RT/ST/w00196_f2.png,융합불량,lack_of_fusion,401,"[[690.05,321.26],[690.61,329.79],[674.4,329.34],[662.31,322.13],[655.58,296.51],[655.97,294.87],[655.32,288.61],[697.76,291.1],[699.1,292.91],[707.07,290.91],[706.58,296.08]]",655,288,708,330,1481.00,51.80,39.84,43.42,,,True,
aihub71761:data/raw/aihub71761/RT/ST/w00197_f0.png#0,aihub71761:data/raw/aihub71761/RT/ST/w00197_f0.png,기공,porosity,2011,"[[158.11,88.36],[141.45,93.04],[140.56,91.35],[139.1,90.97],[134.64,85.74],[136.28,79.75],[135.37,79.08],[137.01,76.25],[140.88,73.85],[143.19,71.48],[153.09,68.05]]",134,68,159,94,387.91,22.55,20.91,22.22,,,True,
aihub71761:data/raw/aihub71761/RT/ST/w00197_f1.png#0,aihub71761:data/raw/aihub71761/RT/ST/w00197_f1.png,기공,porosity,2011,"[[666.2,155.56],[656.45,157.36],[652.77,159.13],[646.44,166.1],[609.78,158.36],[591.59,118.23]]",591,118,667,167,1386.38,83.43,27.75,42.01,,,True,
aihub71761:data/raw/aihub71761/RT/ST/w00201_f0.png#0,aihub71761:data/raw/aihub71761/RT/ST/w00201_f0.png,기공,porosity,2011,"[[642.2,263.92],[635.01,270.27],[631.55,279.98],[613.03,278.54],[598.71,257.82],[607.67,244.14],[640.99,248.27],[642.17,253.54]]",598,244,643,280,1128.42,43.91,33.48,37.90,,,True,
aihub71761:data/raw/aihub71761/RT/ST/w00201_f1.png#0,aihub71761:data/raw/aihub71761/RT/ST/w00201_f1.png,기공,porosity,2011,"[[663.84,585.35],[661.4,586.62],[646.69,582.05],[643.42,581.54],[655.57,571.1],[660.59,570.57],[663.78,573.92],[664.73,575.13],[664.04,577.9],[666.17,578.06],[663.13,578.86]]",643,570,667,587,200.62,20.95,15.23,15.98,,,True,
aihub71761:data/raw/aihub71761/RT/ST/w00201_f2.png#0,aihub71761:data/raw/aihub71761/RT/ST/w00201_f2.png,기공,porosity,2011,"[[532.44,277.66],[524.77,295.95],[456.84,238.45],[520.63,250.81],[519.99,260.45],[530.27,264.2]]",456,238,533,296,1624.73,89.00,31.78,45.48,,,True,
aihub71761:data/raw/aihub71761/RT/ST/w00202_f0.png#0,aihub71761:data/raw/aihub71761/RT/ST/w00202_f0.png,기공,porosity,2011,"[[415.11,244.92],[413.76,244.42],[411.07,246.62],[406.23,250.05],[379.46,265.78],[366.98,255.2],[386.73,207.87],[398.84,202.51]]",366,202,416,266,1650.48,54.11,46.31,45.84,,,True,
aihub71761:data/raw/aihub71761/RT/ST/w00204_f0.png#0,aihub71761:data/raw/aihub71761/RT/ST/w00204_f0.png,균열,crack,100,"[[1097.01,324.27],[1058.95,326.05],[1037.62,307.45],[1033.04,284.55],[1030.42,282.26],[1035.66,275.27],[1038.99,268.49],[1100.63,246.06]]",1030,246,1101,327,4037.85,77.96,71.82,71.70,,,True,
aihub71761:data/raw/aihub71761/RT/ST/w00204_f0.png#1,aihub71761:data/raw/aihub71761/RT/ST/w00204_f0.png,기공,porosity,2011,"[[1096.31,91.84],[1071.78,91.36],[1064.06,100.04],[1045.79,75.85],[1043.06,57.83],[1043.04,44.12],[1047.4,44.04],[1079.31,20.44],[1121.43,53.53]]",1043,20,1122,101,3823.07,72.02,71.37,69.77,,,True,
aihub71761:data/raw/aihub71761/RT/ST/w00204_f1.png#0,aihub71761:data/raw/aihub71761/RT/ST/w00204_f1.png,균열,crack,100,"[[984.88,330.83],[966.77,347.62],[964.91,348.26],[947.6,345.82],[945.02,341.58],[936.81,300.92],[944.6,297.02],[963.57,298.55],[973.18,309.49]]",936,297,985,349,1676.54,55.35,40.12,46.20,,,True,
aihub71761:data/raw/aihub71761/RT/ST/w00204_f1.png#1,aihub71761:data/raw/aihub71761/RT/ST/w00204_f1.png,기공,porosity,2011,"[[952.28,123.95],[929.2,168.6],[917.09,159.8],[868.66,130.52],[881.51,81.17],[881.17,74.82],[918.4,78.08],[922.33,69.21],[960.51,116.0]]",868,69,961,169,5377.07,90.59,80.47,82.74,,,True,
aihub71761:data/raw/aihub71761/RT/ST/w00204_f2.png#0,aihub71761:data/raw/aihub71761/RT/ST/w00204_f2.png,균열,crack,100,"[[521.11,179.11],[520.23,177.62],[515.55,166.54],[509.02,166.65],[505.89,149.89],[504.43,149.06],[514.68,143.75],[522.51,126.83],[534.21,123.37],[553.09,131.1]]",504,123,554,180,1298.20,57.69,30.54,40.66,,,True,
aihub71761:data/raw/aihub71761/RT/ST/w00204_f2.png#1,aihub71761:data/raw/aihub71761/RT/ST/w00204_f2.png,기공,porosity,2011,"[[248.45,189.3],[231.9,201.8],[206.91,190.67],[202.89,197.29],[192.0,173.23],[181.1,173.13],[206.16,125.61]]",181,125,249,202,2423.22,77.71,47.16,55.55,,,True,
aihub71761:data/raw/aihub71761/RT/ST/w00208_f0.png#0,aihub71761:data/raw/aihub71761/RT/ST/w00208_f0.png,기공,porosity,2011,"[[613.7,247.4],[607.88,257.23],[593.6,258.53],[583.3,249.01],[586.86,229.74],[588.15,225.99],[596.46,223.49],[600.66,224.35],[608.06,221.46],[610.01,229.7],[612.74,229.22]]",583,221,614,259,866.08,36.26,30.44,33.21,,,True,
aihub71761:data/raw/aihub71761/RT/ST/w00209_f0.png#0,aihub71761:data/raw/aihub71761/RT/ST/w00209_f0.png,균열,crack,100,"[[906.37,480.83],[908.98,485.72],[894.9,491.18],[892.23,492.88],[887.07,493.85],[870.21,469.76],[871.38,467.77],[899.87,464.1],[906.39,473.87]]",870,464,909,494,727.57,31.65,31.28,30.44,,,True,
aihub71761:data/raw/aihub71761/RT/ST/w00209_f0.png#1,aihub71761:data/raw/aihub71761/RT/ST/w00209_f0.png,기공,porosity,2011,"[[1148.77,689.09],[1138.69,690.99],[1136.7,687.39],[1132.35,683.54],[1134.08,678.59],[1135.15,672.82],[1139.02,668.0],[1141.04,667.46],[1150.82,669.93],[1151.47,669.18]]",1132,667,1152,691,322.93,23.63,17.02,20.28,,,True,
aihub71761:data/raw/aihub71761/RT/ST/w00210_f0.png#0,aihub71761:data/raw/aihub71761/RT/ST/w00210_f0.png,기공,porosity,2011,"[[242.27,543.36],[235.33,552.01],[186.36,477.78],[207.04,466.36],[212.66,470.81],[254.56,489.04],[264.99,507.5]]",186,466,265,553,3251.44,88.93,50.73,64.34,,,True,
aihub71761:data/raw/aihub71761/RT/ST/w00213_f0.png#0,aihub71761:data/raw/aihub71761/RT/ST/w00213_f0.png,기공,porosity,2011,"[[441.22,515.49],[439.44,519.2],[438.47,517.06],[434.67,491.94],[442.83,491.22],[440.74,494.88],[445.54,500.44],[446.98,502.67],[450.31,502.96]]",434,491,451,520,203.22,27.67,13.82,16.09,,,True,
aihub71761:data/raw/aihub71761/RT/ST/w00216_f0.png#0,aihub71761:data/raw/aihub71761/RT/ST/w00216_f0.png,기공,porosity,2011,"[[161.55,149.85],[158.74,141.79],[151.91,130.87],[153.78,112.2],[225.32,70.38],[227.01,76.61],[238.31,75.63],[237.61,96.07],[241.58,97.03]]",151,70,242,150,3154.06,104.95,35.70,63.37,,,True,
aihub71761:data/raw/aihub71761/RT/ST/w00217_f0.png#0,aihub71761:data/raw/aihub71761/RT/ST/w00217_f0.png,기공,porosity,2011,"[[1006.57,506.5],[1000.07,503.96],[999.15,503.36],[994.4,495.16],[1002.26,483.13],[995.89,472.61],[1050.15,449.97],[1078.14,478.19]]",994,449,1079,507,2536.14,84.11,36.54,56.83,,,True,
aihub71761:data/raw/aihub71761/RT/ST/w00217_f1.png#0,aihub71761:data/raw/aihub71761/RT/ST/w00217_f1.png,기공,porosity,2011,"[[817.71,246.71],[762.2,263.24],[738.66,242.61],[750.22,191.68],[803.4,182.55],[805.07,191.97],[818.05,192.85],[811.53,201.23]]",738,182,819,264,4736.91,86.66,72.56,77.66,,,True,
aihub71761:data/raw/aihub71761/RT/ST/w00218_f0.png#0,aihub71761:data/raw/aihub71761/RT/ST/w00218_f0.png,기공,porosity,2011,"[[470.69,606.89],[453.17,616.33],[435.23,615.35],[430.45,605.9],[427.87,575.49],[445.1,570.68],[445.25,564.81]]",427,564,471,617,1342.92,49.17,34.72,41.35,,,True,
aihub71761:data/raw/aihub71761/RT/ST/w00220_f0.png#0,aihub71761:data/raw/aihub71761/RT/ST/w00220_f0.png,기공,porosity,2011,"[[796.61,362.23],[768.67,359.82],[752.01,337.35],[739.84,322.64],[746.86,315.76],[816.84,292.35]]",739,292,817,363,3013.03,82.63,59.85,61.94,,,True,
aihub71761:data/raw/aihub71761/RT/ST/w00220_f0.png#1,aihub71761:data/raw/aihub71761/RT/ST/w00220_f0.png,슬래그혼입,slag_inclusion,301,"[[277.02,610.6],[272.79,616.04],[268.74,616.25],[265.12,617.59],[259.05,605.99],[258.94,604.93]]",258,604,278,618,114.76,18.95,10.23,12.09,,,True,
aihub71761:data/raw/aihub71761/RT/ST/w00223_f0.png#0,aihub71761:data/raw/aihub71761/RT/ST/w00223_f0.png,기공,porosity,2011,"[[826.98,453.4],[762.74,438.37],[751.51,423.28],[786.44,370.01],[799.64,367.87],[841.42,412.41]]",751,367,842,454,4708.10,79.63,79.19,77.42,,,True,
aihub71761:data/raw/aihub71761/RT/ST/w00225_f0.png#0,aihub71761:data/raw/aihub71761/RT/ST/w00225_f0.png,기공,porosity,2011,"[[998.64,638.7],[982.78,652.18],[982.2,651.67],[944.12,619.86],[945.66,609.02],[971.74,590.84],[988.37,603.83],[992.02,606.8],[1001.44,611.05],[1002.13,615.79],[1002.64,616.29]]",944,590,1003,653,2125.70,59.68,43.52,52.02,,,True,
aihub71761:data/raw/aihub71761/RT/ST/w00225_f1.png#0,aihub71761:data/raw/aihub71761/RT/ST/w00225_f1.png,기공,porosity,2011,"[[392.51,36.43],[387.81,43.97],[374.24,57.82],[363.52,56.37],[347.24,34.13],[392.36,21.42],[393.61,28.43]]",347,21,394,58,979.62,46.88,30.12,35.32,,,True,
aihub71761:data/raw/aihub71761/RT/ST/w00226_f0.png#0,aihub71761:data/raw/aihub71761/RT/ST/w00226_f0.png,기공,porosity,2011,"[[734.75,269.15],[735.25,276.65],[725.14,280.96],[720.61,276.36],[702.83,272.75],[697.91,254.11],[699.41,243.16],[705.21,229.52]]",697,229,736,281,1013.18,55.74,27.74,35.92,,,True,
aihub71761:data/raw/aihub71761/RT/ST/w00226_f1.png#0,aihub71761:data/raw/aihub71761/RT/ST/w00226_f1.png,기공,porosity,2011,"[[129.65,501.09],[124.44,499.48],[116.32,502.3],[112.49,501.19],[110.98,493.27],[107.84,492.35],[112.04,482.41],[118.33,478.81],[123.17,477.94],[123.79,479.69],[134.01,488.04]]",107,477,135,503,422.61,25.44,23.46,23.20,,,True,
aihub71761:data/raw/aihub71761/RT/ST/w00229_f0.png#0,aihub71761:data/raw/aihub71761/RT/ST/w00229_f0.png,융합불량,lack_of_fusion,401,"[[248.17,307.53],[202.1,312.54],[204.73,307.97],[192.31,298.38],[198.83,280.64],[207.42,259.48]]",192,259,249,313,1472.53,63.00,38.38,43.30,,,True,
aihub71761:data/raw/aihub71761/RT/ST/w00229_f1.png#0,aihub71761:data/raw/aihub71761/RT/ST/w00229_f1.png,융합불량,lack_of_fusion,401,"[[1092.53,254.96],[1084.71,262.43],[1029.71,267.94],[1028.49,264.59],[1031.2,256.09],[1021.42,241.33],[1026.74,219.51],[1074.55,197.6],[1084.91,211.54]]",1021,197,1093,268,3566.32,67.68,65.61,67.39,,,True,
aihub71761:data/raw/aihub71761/RT/ST/w00229_f2.png#0,aihub71761:data/raw/aihub71761/RT/ST/w00229_f2.png,융합불량,lack_of_fusion,401,"[[496.09,377.0],[487.71,380.04],[490.85,387.58],[487.63,385.0],[470.04,387.17],[452.98,381.95],[447.59,373.05],[464.67,344.7],[465.75,343.79],[490.81,345.88],[488.61,348.67]]",447,343,497,388,1504.31,48.66,42.87,43.76,,,True,
aihub71761:data/raw/aihub71761/RT/ST/w00229_f3.png#0,aihub71761:data/raw/aihub71761/RT/ST/w00229_f3.png,융합불량,lack_of_fusion,401,"[[579.2,496.31],[573.73,499.85],[573.0,498.35],[572.87,501.42],[545.85,489.44],[563.38,460.12],[574.27,458.43],[579.58,462.84],[586.59,470.71]]",545,458,587,502,1071.02,41.20,32.15,36.93,,,True,
aihub71761:data/raw/aihub71761/RT/ST/w00230_f0.png#0,aihub71761:data/raw/aihub71761/RT/ST/w00230_f0.png,기공,porosity,2011,"[[128.18,273.34],[122.16,268.22],[121.01,265.3],[120.66,262.2],[123.21,262.53],[132.29,254.99],[134.42,256.35],[139.65,257.48]]",120,254,140,274,166.62,19.57,12.62,14.57,,,True,
aihub71761:data/raw/aihub71761/RT/ST/w00230_f1.png#0,aihub71761:data/raw/aihub71761/RT/ST/w00230_f1.png,기공,porosity,2011,"[[440.02,311.27],[438.94,316.94],[399.78,335.92],[374.76,299.35],[393.79,282.71],[397.51,275.5],[404.54,282.27]]",374,275,441,336,2002.93,58.58,45.61,50.50,,,True,
aihub71761:data/raw/aihub71761/RT/ST/w00230_f2.png#0,aihub71761:data/raw/aihub71761/RT/ST/w00230_f2.png,기공,porosity,2011,"[[920.89,177.5],[918.63,177.94],[894.64,200.54],[875.01,216.35],[867.47,208.32],[832.4,183.87],[846.7,138.31],[895.49,120.49],[898.64,126.51],[907.57,128.71]]",832,120,921,217,5326.39,92.88,78.39,82.35,,,True,
aihub71761:data/raw/aihub71761/RT/ST/w00230_f3.png#0,aihub71761:data/raw/aihub71761/RT/ST/w00230_f3.png,기공,porosity,2011,"[[71.35,564.45],[63.76,574.67],[33.5,577.66],[34.35,538.43],[34.15,531.51],[38.9,530.7],[45.97,531.91],[47.98,525.52],[76.59,542.6],[75.98,551.92]]",33,525,77,578,1687.35,52.34,42.59,46.35,,,True,
aihub71761:data/raw/aihub71761/RT/ST/w00231_f0.png#0,aihub71761:data/raw/aihub71761/RT/ST/w00231_f0.png,기공,porosity,2011,"[[751.77,685.94],[755.23,689.95],[734.53,710.68],[720.02,710.25],[720.34,708.68],[698.42,679.62],[704.56,670.33],[714.53,658.67],[714.94,655.57],[731.13,656.81]]",698,655,756,711,1894.09,56.09,40.42,49.11,,,True,
aihub71761:data/raw/aihub71761/RT/ST/w00232_f0.png#0,aihub71761:data/raw/aihub71761/RT/ST/w00232_f0.png,기공,porosity,2011,"[[420.87,225.1],[393.88,231.7],[391.0,229.85],[379.89,229.11],[384.77,223.72],[371.49,207.86],[395.14,182.11]]",371,182,421,232,1289.30,50.10,37.22,40.52,,,True,
aihub71761:data/raw/aihub71761/RT/ST/w00236_f0.png#0,aihub71761:data/raw/aihub71761/RT/ST/w00236_f0.png,기공,porosity,2011,"[[803.84,335.41],[790.82,341.41],[774.52,334.09],[773.78,332.16],[769.81,326.34],[775.65,302.89],[776.32,299.65],[810.55,298.69],[811.38,309.77]]",769,298,812,342,1365.08,46.18,36.46,41.69,,,True,
aihub71761:data/raw/aihub71761/RT/ST/w00237_f0.png#0,aihub71761:data/raw/aihub71761/RT/ST/w00237_f0.png,융합불량,lack_of_fusion,401,"[[425.54,80.5],[353.33,96.8],[349.27,80.8],[390.18,38.47],[403.01,55.23],[406.71,50.61],[423.79,74.45]]",349,38,426,97,2321.79,74.46,48.78,54.37,,,True,
aihub71761:data/raw/aihub71761/RT/ST/w00237_f1.png#0,aihub71761:data/raw/aihub71761/RT/ST/w00237_f1.png,융합불량,lack_of_fusion,401,"[[139.44,652.55],[132.12,657.62],[129.48,657.4],[128.97,654.08],[127.19,652.38],[128.41,651.6],[128.79,649.18],[136.4,644.55],[138.42,646.79]]",127,644,140,658,96.09,13.15,8.94,11.06,,,True,
aihub71761:data/raw/aihub71761/RT/ST/w00237_f2.png#0,aihub71761:data/raw/aihub71761/RT/ST/w00237_f2.png,융합불량,lack_of_fusion,401,"[[140.4,604.52],[127.85,612.23],[122.84,604.88],[121.48,599.81],[128.09,592.43],[135.17,594.64],[137.02,594.15],[137.13,596.72],[138.73,595.63],[140.12,600.42],[141.49,600.15]]",121,592,142,613,244.47,18.38,16.75,17.64,,,True,
aihub71761:data/raw/aihub71761/RT/ST/w00237_f3.png#0,aihub71761:data/raw/aihub71761/RT/ST/w00237_f3.png,융합불량,lack_of_fusion,401,"[[822.85,321.66],[815.45,323.11],[808.84,316.36],[811.43,311.12],[818.74,306.99],[822.81,310.92],[823.67,313.24]]",808,306,824,324,161.79,15.52,13.79,14.35,,,True,
aihub71761:data/raw/aihub71761/RT/ST/w00238_f0.png#0,aihub71761:data/raw/aihub71761/RT/ST/w00238_f0.png,기공,porosity,2011,"[[240.43,83.59],[234.51,106.07],[187.35,107.03],[178.92,60.05],[211.3,50.72],[222.38,48.03],[224.69,50.3],[242.34,70.27]]",178,48,243,108,2919.43,60.62,59.27,60.97,,,True,
aihub71761:data/raw/aihub71761/RT/ST/w00240_f0.png#0,aihub71761:data/raw/aihub71761/RT/ST/w00240_f0.png,슬래그혼입,slag_inclusion,301,"[[480.56,87.09],[471.2,93.18],[448.3,115.14],[429.54,114.98],[393.52,103.1],[394.3,93.15],[389.81,69.75],[398.35,57.02],[444.52,27.67],[454.9,37.56],[478.66,53.13]]",389,27,481,116,5558.72,97.04,76.63,84.13,,,True,
aihub71761:data/raw/aihub71761/RT/ST/w00242_f0.png#0,aihub71761:data/raw/aihub71761/RT/ST/w00242_f0.png,기공,porosity,2011,"[[1237.2,52.91],[1216.34,71.6],[1212.97,69.12],[1198.06,58.55],[1216.49,33.0],[1226.37,32.18]]",1198,32,1238,72,861.15,37.95,28.44,33.11,,,True,
aihub71761:data/raw/aihub71761/RT/ST/w00243_f0.png#0,aihub71761:data/raw/aihub71761/RT/ST/w00243_f0.png,균열,crack,100,"[[50.5,326.73],[41.4,321.54],[39.59,314.0],[42.24,313.46],[43.35,308.61],[49.33,307.39],[57.93,310.97],[57.07,314.8]]",39,307,58,327,223.88,17.39,15.70,16.88,,,True,
aihub71761:data/raw/aihub71761/RT/ST/w00243_f0.png#1,aihub71761:data/raw/aihub71761/RT/ST/w00243_f0.png,슬래그혼입,slag_inclusion,301,"[[406.94,450.58],[379.31,459.75],[371.13,436.03],[382.92,414.54],[407.87,418.46],[410.08,424.13]]",371,414,411,460,1276.40,45.32,37.28,40.31,,,True,
aihub71761:data/raw/aihub71761/RT/ST/w00244_f0.png#0,aihub71761:data/raw/aihub71761/RT/ST/w00244_f0.png,기공,porosity,2011,"[[695.68,188.76],[647.29,175.78],[639.99,171.04],[645.79,139.45],[692.71,131.64],[714.74,146.83]]",639,131,715,189,2956.57,68.51,54.40,61.35,,,True,
aihub71761:data/raw/aihub71761/RT/ST/w00244_f1.png#0,aihub71761:data/raw/aihub71761/RT/ST/w00244_f1.png,기공,porosity,2011,"[[130.36,259.27],[124.11,270.0],[121.53,277.98],[113.73,274.45],[100.99,269.94],[88.97,264.42],[88.13,263.54],[99.68,237.12],[105.08,231.46],[112.42,230.22]]",88,230,131,278,1174.78,40.97,36.98,38.68,,,True,
aihub71761:data/raw/aihub71761/RT/ST/w00244_f2.png#0,aihub71761:data/raw/aihub71761/RT/ST/w00244_f2.png,기공,porosity,2011,"[[1147.52,460.69],[1137.94,453.45],[1131.07,459.68],[1116.89,452.43],[1118.64,447.38],[1117.31,437.0],[1110.07,429.05],[1118.94,411.83],[1133.92,401.44],[1171.74,420.56]]",1110,401,1172,461,2225.29,53.45,50.94,53.23,,,True,
aihub71761:data/raw/aihub71761/RT/ST/w00247_f0.png#0,aihub71761:data/raw/aihub71761/RT/ST/w00247_f0.png,균열,crack,100,"[[459.52,410.66],[455.36,412.61],[450.62,414.98],[439.65,416.72],[434.41,417.36],[431.68,399.9],[430.21,398.47],[433.55,389.92],[443.57,387.09]]",430,387,460,418,551.83,28.76,25.97,26.51,,,True,
aihub71761:data/raw/aihub71761/RT/ST/w00247_f0.png#1,aihub71761:data/raw/aihub71761/RT/ST/w00247_f0.png,기공,porosity,2011,"[[672.2,598.9],[664.46,603.12],[662.17,604.7],[658.63,606.42],[643.45,601.17],[653.86,560.78],[666.13,567.22],[675.33,572.01]]",643,560,676,607,967.85,43.01,27.27,35.10,,,True,
aihub71761:data/raw/aihub71761/RT/ST/w00248_f0.png#0,aihub71761:data/raw/aihub71761/RT/ST/w00248_f0.png,균열,crack,100,"[[181.99,557.52],[181.52,557.47],[176.99,559.13],[176.5,553.27],[170.66,555.25],[171.28,552.75],[170.84,548.87],[169.23,537.07],[169.28,528.59]]",169,528,182,560,144.73,31.60,9.46,13.57,,,True,
aihub71761:data/raw/aihub71761/RT/ST/w00249_f0.png#0,aihub71761:data/raw/aihub71761/RT/ST/w00249_f0.png,기공,porosity,2011,"[[1129.25,382.18],[1124.31,391.22],[1100.79,399.4],[1099.11,401.66],[1096.01,394.26],[1091.84,391.87],[1114.87,359.82],[1118.97,366.19],[1128.14,373.91],[1125.83,375.8],[1131.61,379.47]]",1091,359,1132,402,798.18,43.17,25.99,31.88,,,True,
aihub71761:data/raw/aihub71761/RT/ST/w00249_f1.png#0,aihub71761:data/raw/aihub71761/RT/ST/w00249_f1.png,기공,porosity,2011,"[[797.21,210.41],[793.09,211.25],[778.98,215.14],[777.17,212.09],[776.87,200.62],[790.25,198.0],[796.67,205.81]]",776,198,798,216,249.97,20.34,14.65,17.84,,,True,
aihub71761:data/raw/aihub71761/RT/ST/w00249_f2.png#0,aihub71761:data/raw/aihub71761/RT/ST/w00249_f2.png,기공,porosity,2011,"[[78.29,115.66],[71.49,117.89],[62.67,121.52],[61.08,127.25],[57.99,128.78],[37.04,114.84]]",37,114,79,129,241.06,41.26,13.52,17.52,,,True,
aihub71761:data/raw/aihub71761/RT/ST/w00251_f0.png#0,aihub71761:data/raw/aihub71761/RT/ST/w00251_f0.png,슬래그혼입,slag_inclusion,301,"[[798.12,80.83],[798.29,87.83],[770.33,117.25],[709.44,84.18],[710.22,54.14],[710.82,50.1],[708.63,45.03],[707.25,42.27]]",707,42,799,118,3471.36,101.60,44.38,66.48,,,True,
aihub71761:data/raw/aihub71761/RT/ST/w00251_f1.png#0,aihub71761:data/raw/aihub71761/RT/ST/w00251_f1.png,슬래그혼입,slag_inclusion,301,"[[934.2,270.04],[885.38,297.73],[879.77,297.8],[873.05,272.19],[861.8,270.49],[877.18,248.46],[888.17,230.52],[913.12,230.41],[924.58,242.84]]",861,230,935,298,2945.97,68.25,57.08,61.24,,,True,
aihub71761:data/raw/aihub71761/RT/ST/w00251_f2.png#0,aihub71761:data/raw/aihub71761/RT/ST/w00251_f2.png,슬래그혼입,slag_inclusion,301,"[[937.41,556.73],[910.2,552.28],[885.03,533.72],[888.51,518.13],[889.92,517.08],[900.65,497.46],[934.31,488.12],[941.74,499.41],[945.23,507.03]]",885,488,946,557,2899.42,67.29,55.32,60.76,,,True,
aihub71761:data/raw/aihub71761/RT/ST/w00253_f0.png#0,aihub71761:data/raw/aihub71761/RT/ST/w00253_f0.png,기공,porosity,2011,"[[1117.52,250.39],[1117.44,272.9],[1116.85,278.04],[1094.46,295.53],[1088.95,290.18],[1026.79,265.29],[1029.57,252.55],[1093.8,211.98],[1099.43,209.8],[1124.18,235.41],[1122.33,238.07]]",1026,209,1125,296,4759.97,98.30,70.99,77.85,,,True,
aihub71761:data/raw/aihub71761/RT/ST/w00253_f1.png#0,aihub71761:data/raw/aihub71761/RT/ST/w00253_f1.png,기공,porosity,2011,"[[1179.38,630.16],[1170.49,633.37],[1176.98,644.06],[1103.81,665.97],[1097.72,665.44],[1086.05,620.86],[1109.62,592.17],[1145.12,575.56],[1146.2,578.03],[1147.19,577.66]]",1086,575,1180,666,5300.65,88.35,74.76,82.15,,,True,
aihub71761:data/raw/aihub71761/RT/ST/w00253_f2.png#0,aihub71761:data/raw/aihub71761/RT/ST/w00253_f2.png,기공,porosity,2011,"[[762.35,287.93],[745.61,295.73],[734.23,285.05],[742.17,256.44],[745.73,259.24],[754.55,260.55],[758.69,263.16],[768.41,270.58]]",734,256,769,296,844.20,36.20,29.36,32.79,,,True,
aihub71761:data/raw/aihub71761/RT/ST/w00253_f3.png#0,aihub71761:data/raw/aihub71761/RT/ST/w00253_f3.png,기공,porosity,2011,"[[254.3,108.3],[222.22,121.79],[196.47,113.5],[197.38,105.13],[205.47,74.34],[208.66,70.0],[221.7,72.29],[230.16,73.34],[247.46,88.79]]",196,70,255,122,2044.13,55.86,48.88,51.02,,,True,
aihub71761:data/raw/aihub71761/RT/ST/w00254_f0.png#0,aihub71761:data/raw/aihub71761/RT/ST/w00254_f0.png,기공,porosity,2011,"[[1197.7,177.44],[1103.88,195.56],[1115.97,141.77],[1132.68,134.28],[1138.68,118.03],[1169.21,121.45]]",1103,118,1198,196,4481.59,95.55,69.52,75.54,,,True,
aihub71761:data/raw/aihub71761/RT/ST/w00255_f0.png#0,aihub71761:data/raw/aihub71761/RT/ST/w00255_f0.png,기공,porosity,2011,"[[715.17,173.08],[704.43,173.19],[686.95,161.33],[685.76,157.45],[682.92,157.68],[687.46,148.43],[689.61,134.75],[724.77,131.57],[725.28,133.64],[728.4,139.99],[730.07,148.48]]",682,131,731,174,1399.40,46.14,41.72,42.21,,,True,
aihub71761:data/raw/aihub71761/RT/ST/w00259_f0.png#0,aihub71761:data/raw/aihub71761/RT/ST/w00259_f0.png,기공,porosity,2011,"[[713.46,360.74],[712.12,360.85],[709.64,365.03],[708.59,366.75],[701.3,366.22],[698.33,360.55],[698.39,356.21],[699.43,355.01],[701.16,353.98],[712.61,359.06]]",698,353,714,367,125.99,15.61,11.13,12.67,,,True,
aihub71761:data/raw/aihub71761/RT/ST/w00260_f0.png#0,aihub71761:data/raw/aihub71761/RT/ST/w00260_f0.png,슬래그혼입,slag_inclusion,301,"[[426.63,307.43],[419.72,319.13],[385.48,346.83],[373.36,335.36],[368.73,331.96],[343.7,306.66],[338.79,299.47]]",338,299,427,347,2070.25,88.20,42.95,51.34,,,True,
aihub71761:data/raw/aihub71761/RT/ST/w00261_f0.png#0,aihub71761:data/raw/aihub71761/RT/ST/w00261_f0.png,기공,porosity,2011,"[[1110.09,206.91],[1060.93,133.88],[1078.78,116.81],[1090.32,117.11],[1086.92,107.03],[1123.73,111.9],[1153.41,135.8],[1160.6,148.78]]",1060,107,1161,207,5425.14,85.01,82.09,83.11,,,True,
aihub71761:data/raw/aihub71761/RT/ST/w00262_f0.png#0,aihub71761:data/raw/aihub71761/RT/ST/w00262_f0.png,기공,porosity,2011,"[[1009.96,160.88],[1004.08,163.89],[959.01,154.06],[964.42,141.24],[968.79,144.35],[990.25,136.03]]",959,136,1010,164,762.50,51.23,24.27,31.16,,,True,
aihub71761:data/raw/aihub71761/RT/ST/w00264_f0.png#0,aihub71761:data/raw/aihub71761/RT/ST/w00264_f0.png,균열,crack,100,"[[544.13,307.11],[543.41,308.94],[539.75,328.25],[539.76,332.08],[496.59,333.23],[486.98,327.14],[495.71,275.92],[506.79,275.97],[510.65,269.58],[529.19,269.44]]",486,269,545,334,2872.05,68.36,52.97,60.47,,,True,
aihub71761:data/raw/aihub71761/RT/ST/w00269_f0.png#0,aihub71761:data/raw/aihub71761/RT/ST/w00269_f0.png,균열,crack,100,"[[479.76,135.61],[480.01,130.41],[479.96,128.67],[481.99,123.82],[483.08,124.21],[484.68,123.27],[489.23,123.19],[491.07,124.45],[493.75,128.11]]",479,123,494,136,101.55,15.87,9.34,11.37,,,True,
aihub71761:data/raw/aihub71761/RT/ST/w00273_f0.png#0,aihub71761:data/raw/aihub71761/RT/ST/w00273_f0.png,융합불량,lack_of_fusion,401,"[[251.36,453.39],[209.82,488.66],[191.99,476.27],[178.3,453.03],[196.41,422.52],[242.31,429.93]]",178,422,252,489,3040.93,68.35,59.10,62.22,,,True,
aihub71761:data/raw/aihub71761/RT/ST/w00274_f0.png#0,aihub71761:data/raw/aihub71761/RT/ST/w00274_f0.png,기공,porosity,2011,"[[851.06,342.67],[842.6,347.16],[837.0,364.03],[799.51,305.85],[821.7,305.59],[837.59,312.52],[841.47,310.32],[840.98,312.32],[845.83,316.35],[841.95,320.7]]",799,305,852,365,1405.34,69.21,33.25,42.30,,,True,
aihub71761:data/raw/aihub71761/RT/ST/w00275_f0.png#0,aihub71761:data/raw/aihub71761/RT/ST/w00275_f0.png,기공,porosity,2011,"[[828.87,143.62],[827.25,143.16],[822.9,141.88],[822.45,142.03],[822.11,140.7],[821.24,138.3],[822.35,134.54],[825.4,133.65],[828.15,132.73],[828.83,132.85],[831.17,137.39]]",821,132,832,144,75.56,10.61,9.27,9.81,,,True,
aihub71761:data/raw/aihub71761/RT/ST/w00276_f0.png#0,aihub71761:data/raw/aihub71761/RT/ST/w00276_f0.png,기공,porosity,2011,"[[1178.88,274.95],[1147.66,287.9],[1135.99,279.84],[1136.08,276.6],[1130.63,269.46],[1131.3,268.39],[1130.5,259.31],[1138.55,252.77],[1165.61,242.95],[1169.62,245.28],[1172.49,256.38]]",1130,242,1179,288,1428.13,44.90,36.13,42.64,,,True,
aihub71761:data/raw/aihub71761/RT/ST/w00276_f0.png#1,aihub71761:data/raw/aihub71761/RT/ST/w00276_f0.png,슬래그혼입,slag_inclusion,301,"[[541.06,595.09],[536.67,595.57],[537.09,594.47],[536.02,585.85],[536.96,584.85],[537.59,584.02],[544.68,588.06],[544.68,590.0]]",536,584,545,596,66.63,11.46,8.49,9.21,,,True,
aihub71761:data/raw/aihub71761/RT/ST/w00277_f0.png#0,aihub71761:data/raw/aihub71761/RT/ST/w00277_f0.png,기공,porosity,2011,"[[572.71,374.09],[571.9,384.66],[516.59,379.3],[506.08,380.04],[496.28,353.28],[499.23,325.24],[503.84,316.33],[536.17,297.25]]",496,297,573,385,4354.67,94.28,62.73,74.46,,,True,
aihub71761:data/raw/aihub71761/RT/ST/w00277_f0.png#1,aihub71761:data/raw/aihub71761/RT/ST/w00277_f0.png,슬래그혼입,slag_inclusion,301,"[[892.6,83.4],[886.06,85.07],[823.47,96.2],[820.02,91.49],[817.45,54.29],[882.18,32.26]]",817,32,893,97,3331.05,72.73,52.52,65.12,,,True,
aihub71761:data/raw/aihub71761/RT/ST/w00278_f0.png#0,aihub71761:data/raw/aihub71761/RT/ST/w00278_f0.png,기공,porosity,2011,"[[741.2,123.83],[734.76,138.59],[677.44,117.45],[672.21,106.8],[691.89,80.59],[707.49,75.01],[713.84,83.16],[714.1,81.46],[727.97,79.75],[742.21,88.58]]",672,75,743,139,2979.09,70.62,52.86,61.59,,,True,
aihub71761:data/raw/aihub71761/RT/ST/w00279_f0.png#0,aihub71761:data/raw/aihub71761/RT/ST/w00279_f0.png,균열,crack,100,"[[982.01,510.43],[971.92,506.09],[970.34,505.05],[965.68,499.68],[976.85,484.43],[985.94,482.79],[988.68,486.92]]",965,482,989,511,373.56,27.66,18.64,21.81,,,True,
aihub71761:data/raw/aihub71761/RT/ST/w00279_f0.png#1,aihub71761:data/raw/aihub71761/RT/ST/w00279_f0.png,융합불량,lack_of_fusion,401,"[[407.13,111.92],[406.76,117.05],[379.03,108.4],[374.0,97.11],[378.84,59.17],[396.93,46.59],[399.48,50.97],[412.81,53.59],[411.31,57.66]]",374,46,413,118,1966.86,69.21,34.50,50.04,,,True,
aihub71761:data/raw/aihub71761/RT/ST/w00280_f0.png#0,aihub71761:data/raw/aihub71761/RT/ST/w00280_f0.png,균열,crack,100,"[[876.91,193.92],[874.53,200.5],[863.3,187.29],[872.03,185.37],[873.2,184.26],[876.87,190.61]]",863,184,877,201,108.33,17.34,9.51,11.74,,,True,
aihub71761:data/raw/aihub71761/RT/ST/w00281_f0.png#0,aihub71761:data/raw/aihub71761/RT/ST/w00281_f0.png,융합불량,lack_of_fusion,401,"[[381.4,412.07],[378.7,412.56],[376.46,397.44],[377.13,397.91],[383.03,398.15],[386.88,403.13]]",376,397,387,413,96.82,15.29,9.47,11.10,,,True,
aihub71761:data/raw/aihub71761/RT/ST/w00281_f0.png#1,aihub71761:data/raw/aihub71761/RT/ST/w00281_f0.png,기공,porosity,2011,"[[319.14,426.0],[318.52,427.25],[306.02,432.52],[304.86,430.87],[297.94,425.01],[307.22,410.75],[311.89,411.89],[316.34,417.42],[318.29,418.78],[319.18,421.78]]",297,410,320,433,283.79,19.51,19.11,19.01,,,True,
aihub71761:data/raw/aihub71761/RT/ST/w00282_f0.png#0,aihub71761:data/raw/aihub71761/RT/ST/w00282_f0.png,기공,porosity,2011,"[[1156.32,270.17],[1153.71,271.17],[1099.62,279.32],[1101.2,257.26],[1112.12,237.46],[1117.63,238.44],[1147.34,249.39]]",1099,237,1157,280,1578.74,57.43,39.53,44.83,,,True,
aihub71761:data/raw/aihub71761/RT/ST/w00284_f0.png#0,aihub71761:data/raw/aihub71761/RT/ST/w00284_f0.png,기공,porosity,2011,"[[778.44,449.2],[767.51,446.89],[766.05,435.95],[770.31,430.32],[772.88,428.22],[769.01,425.66],[776.52,421.73],[780.68,414.98],[782.09,417.73],[784.48,415.66],[808.88,435.23]]",766,414,809,450,820.38,42.46,30.17,32.32,,,True,
aihub71761:data/raw/aihub71761/RT/ST/w00284_f1.png#0,aihub71761:data/raw/aihub71761/RT/ST/w00284_f1.png,기공,porosity,2011,"[[911.83,574.29],[907.24,578.64],[877.1,564.54],[880.43,561.05],[903.3,543.18],[903.37,545.39]]",877,543,912,579,598.37,33.80,30.37,27.60,,,True,
aihub71761:data/raw/aihub71761/RT/ST/w00288_f0.png#0,aihub71761:data/raw/aihub71761/RT/ST/w00288_f0.png,기공,porosity,2011,"[[270.96,67.67],[266.94,66.79],[266.63,57.57],[270.2,56.48],[270.63,56.53],[273.89,59.73]]",266,56,274,68,58.80,11.21,7.18,8.65,,,True,
aihub71761:data/raw/aihub71761/RT/ST/w00289_f0.png#0,aihub71761:data/raw/aihub71761/RT/ST/w00289_f0.png,균열,crack,100,"[[414.85,568.47],[412.64,566.08],[410.4,575.97],[394.93,576.05],[369.92,559.79],[357.99,551.54],[362.25,539.47],[366.79,536.85],[411.3,511.08],[417.14,524.13]]",357,511,418,577,2415.85,66.41,55.71,55.46,,,True,
aihub71761:data/raw/aihub71761/RT/ST/w00289_f0.png#1,aihub71761:data/raw/aihub71761/RT/ST/w00289_f0.png,기공,porosity,2011,"[[346.27,178.28],[342.64,175.58],[341.75,184.19],[311.34,156.81],[316.94,133.72],[320.52,130.72],[341.15,111.3],[345.09,120.3],[363.65,119.4]]",311,111,364,185,2110.16,69.74,40.75,51.83,,,True,
aihub71761:data/raw/aihub71761/RT/ST/w00292_f0.png#0,aihub71761:data/raw/aihub71761/RT/ST/w00292_f0.png,기공,porosity,2011,"[[243.87,603.55],[240.82,610.5],[208.92,632.71],[201.84,575.27],[206.07,576.65],[231.5,579.11],[235.15,578.72],[234.94,583.73]]",201,575,244,633,1532.89,57.87,38.25,44.18,,,True,
aihub71761:data/raw/aihub71761/RT/ST/w00292_f1.png#0,aihub71761:data/raw/aihub71761/RT/ST/w00292_f1.png,기공,porosity,2011,"[[383.45,471.4],[343.32,490.13],[325.43,487.2],[303.33,468.27],[310.57,455.85],[334.7,416.32]]",303,416,384,491,3087.04,73.56,57.92,62.69,,,True,
aihub71761:data/raw/aihub71761/RT/ST/w00292_f2.png#0,aihub71761:data/raw/aihub71761/RT/ST/w00292_f2.png,기공,porosity,2011,"[[1067.02,242.81],[1049.98,248.0],[1040.14,246.28],[1016.74,234.08],[994.49,204.38],[1018.88,181.12],[1020.6,179.16],[1059.41,175.29],[1079.25,199.35]]",994,175,1080,248,4209.90,78.64,70.32,73.21,,,True,
aihub71761:data/raw/aihub71761/RT/ST/w00292_f3.png#0,aihub71761:data/raw/aihub71761/RT/ST/w00292_f3.png,기공,porosity,2011,"[[1067.28,428.81],[1035.69,449.47],[1013.37,435.8],[1014.27,435.14],[1045.14,396.39],[1053.08,391.85]]",1013,391,1068,450,1569.46,59.14,37.58,44.70,,,True,
aihub71761:data/raw/aihub71761/RT/ST/w00293_f0.png#0,aihub71761:data/raw/aihub71761/RT/ST/w00293_f0.png,융합불량,lack_of_fusion,401,"[[996.09,587.63],[988.78,597.81],[986.73,597.21],[959.95,586.33],[929.29,559.58],[964.47,511.32],[1001.96,524.82],[1013.18,531.27],[1014.5,532.4],[1017.22,545.43]]",929,511,1018,598,4590.75,73.81,72.29,76.45,,,True,
aihub71761:data/raw/aihub71761/RT/ST/w00295_f0.png#0,aihub71761:data/raw/aihub71761/RT/ST/w00295_f0.png,기공,porosity,2011,"[[1149.67,334.88],[1150.2,336.82],[1147.84,339.19],[1144.36,338.4],[1140.12,338.66],[1135.36,326.33],[1135.46,325.91],[1142.66,323.25],[1149.21,325.46]]",1135,323,1151,340,170.75,16.75,13.29,14.74,,,True,
aihub71761:data/raw/aihub71761/RT/ST/w00297_f0.png#0,aihub71761:data/raw/aihub71761/RT/ST/w00297_f0.png,기공,porosity,2011,"[[598.14,346.38],[583.79,351.96],[545.67,334.91],[557.58,298.83],[596.3,300.68],[609.51,308.52]]",545,298,610,352,2421.24,53.42,52.62,55.52,,,True,
aihub71761:data/raw/aihub71761/RT/ST/w00300_f0.png#0,aihub71761:data/raw/aihub71761/RT/ST/w00300_f0.png,기공,porosity,2011,"[[527.78,63.84],[501.04,104.91],[498.04,99.18],[495.54,108.66],[487.44,111.56],[467.94,97.19],[464.78,102.45],[439.22,85.33],[455.98,32.75],[464.32,17.73]]",439,17,528,112,4676.36,79.02,70.13,77.16,,,True,
aihub71761:data/raw/aihub71761/RT/ST/w00300_f1.png#0,aihub71761:data/raw/aihub71761/RT/ST/w00300_f1.png,기공,porosity,2011,"[[845.68,635.8],[842.03,645.09],[831.43,654.01],[827.48,652.32],[785.14,662.64],[775.5,647.76],[766.82,635.69],[769.18,617.28],[824.39,587.6],[827.49,593.83],[830.38,604.75]]",766,587,846,663,3734.27,73.48,61.83,68.95,,,True,
aihub71761:data/raw/aihub71761/RT/ST/w00300_f2.png#0,aihub71761:data/raw/aihub71761/RT/ST/w00300_f2.png,기공,porosity,2011,"[[1041.29,452.08],[1038.13,449.85],[1033.54,451.3],[1028.81,440.98],[1029.64,436.74],[1035.1,435.09],[1037.63,431.61],[1046.57,437.15],[1047.44,437.12],[1045.43,438.54],[1048.04,441.39]]",1028,431,1049,453,246.23,19.41,18.04,17.71,,,True,
aihub71761:data/raw/aihub71761/RT/ST/w00300_f3.png#0,aihub71761:data/raw/aihub71761/RT/ST/w00300_f3.png,기공,porosity,2011,"[[612.37,118.53],[611.19,121.69],[593.47,154.4],[576.62,155.49],[569.42,143.95],[548.54,132.48],[542.35,116.36],[587.21,87.48],[615.07,108.68]]",542,87,616,156,2934.88,63.65,60.58,61.13,,,True,
aihub71761:data/raw/aihub71761/RT/ST/w00301_f0.png#0,aihub71761:data/raw/aihub71761/RT/ST/w00301_f0.png,기공,porosity,2011,"[[587.41,28.21],[579.87,34.05],[576.26,35.82],[558.93,12.25],[562.6,13.07],[565.64,4.89],[589.62,19.63]]",558,4,590,36,462.47,31.92,20.35,24.27,,,True,
aihub71761:data/raw/aihub71761/RT/ST/w00305_f0.png#0,aihub71761:data/raw/aihub71761/RT/ST/w00305_f0.png,기공,porosity,2011,"[[1133.9,326.99],[1127.8,331.06],[1079.07,355.54],[1047.84,287.42],[1063.21,272.33],[1075.71,257.82],[1081.74,264.14],[1109.79,263.54],[1138.17,300.17],[1141.75,302.98]]",1047,257,1142,356,5580.29,88.83,79.60,84.29,,,True,
aihub71761:data/raw/aihub71761/RT/ST/w00308_f0.png#0,aihub71761:data/raw/aihub71761/RT/ST/w00308_f0.png,기공,porosity,2011,"[[837.26,577.64],[833.4,577.45],[822.33,559.76],[834.12,561.66],[836.65,563.73],[836.5,566.48],[839.42,570.26]]",822,559,840,578,154.25,23.08,10.03,14.01,,,True,
aihub71761:data/raw/aihub71761/RT/ST/w00310_f0.png#0,aihub71761:data/raw/aihub71761/RT/ST/w00310_f0.png,균열,crack,100,"[[178.51,309.2],[180.65,312.59],[177.37,317.55],[163.61,325.97],[162.08,330.53],[129.77,321.19],[130.25,309.42],[131.61,291.81],[150.88,280.0],[156.2,276.2],[163.72,278.12]]",129,276,181,331,1849.75,51.75,49.02,48.53,,,True,
aihub71761:data/raw/aihub71761/RT/ST/w00310_f0.png#1,aihub71761:data/raw/aihub71761/RT/ST/w00310_f0.png,융합불량,lack_of_fusion,401,"[[457.98,232.66],[457.85,248.82],[440.61,254.67],[437.66,266.29],[415.39,256.75],[393.06,241.37],[394.14,239.11],[393.74,202.92],[397.1,192.37],[419.56,186.46],[430.57,190.87]]",393,186,458,267,3554.27,84.06,59.06,67.27,,,True,
aihub71761:data/raw/aihub71761/RT/ST/w00311_f0.png#0,aihub71761:data/raw/aihub71761/RT/ST/w00311_f0.png,융합불량,lack_of_fusion,401,"[[278.96,698.65],[264.85,702.38],[275.65,645.86],[278.19,646.86],[282.72,656.64],[290.77,667.22]]",264,645,291,703,746.51,57.54,18.86,30.83,,,True,
aihub71761:data/raw/aihub71761/RT/ST/w00311_f0.png#1,aihub71761:data/raw/aihub71761/RT/ST/w00311_f0.png,기공,porosity,2011,"[[145.11,217.62],[145.74,217.95],[144.91,217.91],[145.87,218.65],[146.24,220.01],[137.59,223.01],[130.92,214.23],[129.87,213.5],[141.51,208.38],[145.43,209.13]]",129,208,147,224,146.41,16.00,12.55,13.65,,,True,
aihub71761:data/raw/aihub71761/RT/ST/w00312_f0.png#0,aihub71761:data/raw/aihub71761/RT/ST/w00312_f0.png,기공,porosity,2011,"[[382.93,368.41],[365.99,372.02],[336.25,369.61],[329.74,359.3],[328.33,352.68],[371.76,294.31],[404.9,329.87]]",328,294,405,373,3452.58,81.61,53.19,66.30,,,True,
aihub71761:data/raw/aihub71761/RT/ST/w00314_f0.png#0,aihub71761:data/raw/aihub71761/RT/ST/w00314_f0.png,균열,crack,100,"[[114.15,225.12],[112.47,207.18],[100.89,195.59],[106.17,147.9],[115.92,141.02],[130.43,139.67]]",100,139,131,226,1312.86,86.99,22.29,40.88,,,True,
aihub71761:data/raw/aihub71761/RT/ST/w00314_f0.png#1,aihub71761:data/raw/aihub71761/RT/ST/w00314_f0.png,기공,porosity,2011,"[[1200.45,410.14],[1196.75,410.62],[1181.92,411.37],[1187.54,386.19],[1190.75,386.12],[1198.45,388.11],[1203.36,393.07]]",1181,386,1204,412,402.85,26.57,17.82,22.65,,,True,
aihub71761:data/raw/aihub71761/RT/ST/w00315_f0.png#0,aihub71761:data/raw/aihub71761/RT/ST/w00315_f0.png,기공,porosity,2011,"[[253.0,73.79],[243.33,83.63],[242.42,86.31],[238.85,85.62],[237.48,87.8],[236.61,89.28],[232.54,91.62],[218.7,62.39],[224.32,59.27],[246.37,56.58],[249.37,62.51]]",218,56,253,92,729.92,32.76,27.67,30.49,,,True,
aihub71761:data/raw/aihub71761/RT/ST/w00316_f0.png#0,aihub71761:data/raw/aihub71761/RT/ST/w00316_f0.png,기공,porosity,2011,"[[901.18,434.16],[884.33,450.33],[884.43,454.43],[873.37,451.65],[871.35,446.1],[868.09,446.18],[868.36,419.11],[878.48,417.01],[901.22,430.52],[897.48,432.56]]",868,417,902,455,804.89,35.90,32.39,32.01,,,True,
aihub71761:data/raw/aihub71761/RT/ST/w00318_f0.png#0,aihub71761:data/raw/aihub71761/RT/ST/w00318_f0.png,기공,porosity,2011,"[[1177.73,649.84],[1175.67,652.47],[1170.95,649.09],[1165.74,646.03],[1159.27,641.09],[1157.81,633.16],[1158.59,632.48],[1155.73,629.8],[1162.58,616.37],[1174.56,602.03],[1184.8,607.55]]",1155,602,1185,653,877.82,49.57,25.00,33.43,,,True,
aihub71761:data/raw/aihub71761/RT/ST/w00319_f0.png#0,aihub71761:data/raw/aihub71761/RT/ST/w00319_f0.png,기공,porosity,2011,"[[768.42,386.84],[753.34,399.54],[743.48,390.75],[737.11,386.52],[737.3,385.81],[737.05,384.5],[739.81,367.02],[773.6,373.08]]",737,367,774,400,751.06,34.33,29.62,30.92,,,True,
aihub71761:data/raw/aihub71761/RT/ST/w00320_f0.png#0,aihub71761:data/raw/aihub71761/RT/ST/w00320_f0.png,기공,porosity,2011,"[[598.87,438.73],[588.44,439.88],[586.09,443.22],[576.45,408.84],[582.42,402.7],[584.64,406.42],[602.37,405.91]]",576,402,603,444,682.77,39.90,25.46,29.48,,,True,
aihub71761:data/raw/aihub71761/RT/ST/w00321_f0.png#0,aihub71761:data/raw/aihub71761/RT/ST/w00321_f0.png,기공,porosity,2011,"[[1115.23,317.77],[1115.58,319.67],[1110.96,326.49],[1089.88,339.65],[1057.71,338.57],[1065.69,293.98],[1110.56,304.36]]",1057,293,1116,340,1911.06,53.64,45.30,49.33,,,True,
aihub71761:data/raw/aihub71761/RT/ST/w00321_f1.png#0,aihub71761:data/raw/aihub71761/RT/ST/w00321_f1.png,기공,porosity,2011,"[[566.02,211.4],[565.51,214.51],[567.15,219.24],[526.86,199.79],[535.95,183.12],[559.91,187.66],[571.48,190.69]]",526,183,572,220,920.97,44.74,27.59,34.24,,,True,
aihub71761:data/raw/aihub71761/RT/ST/w00321_f2.png#0,aihub71761:data/raw/aihub71761/RT/ST/w00321_f2.png,기공,porosity,2011,"[[829.22,92.57],[794.38,103.42],[791.94,90.75],[792.4,74.76],[796.8,74.23],[796.05,71.66],[805.78,67.8],[814.82,67.55],[827.5,74.27],[828.9,87.89]]",791,67,830,104,1008.12,40.29,30.62,35.83,,,True,
aihub71761:data/raw/aihub71761/RT/ST/w00322_f0.png#0,aihub71761:data/raw/aihub71761/RT/ST/w00322_f0.png,기공,porosity,2011,"[[760.54,619.81],[743.37,624.11],[719.2,615.56],[701.17,576.38],[704.93,572.71],[747.51,540.15],[765.37,530.49],[771.12,530.83],[796.81,554.74],[787.53,578.12]]",701,530,797,625,5419.00,98.60,71.19,83.06,,,True,
aihub71761:data/raw/aihub71761/RT/ST/w00322_f1.png#0,aihub71761:data/raw/aihub71761/RT/ST/w00322_f1.png,기공,porosity,2011,"[[820.74,459.47],[819.29,472.11],[768.13,495.12],[756.9,496.55],[740.58,490.93],[734.2,445.27],[744.25,436.9],[780.48,412.09],[815.02,437.6],[822.18,446.15]]",734,412,823,497,5031.40,92.79,70.66,80.04,,,True,
aihub71761:data/raw/aihub71761/RT/ST/w00322_f2.png#0,aihub71761:data/raw/aihub71761/RT/ST/w00322_f2.png,기공,porosity,2011,"[[239.93,29.65],[237.28,32.23],[231.73,28.64],[230.18,25.38],[236.0,19.62],[237.39,21.32],[240.59,22.79],[240.86,25.8]]",230,19,241,33,82.02,10.45,9.85,10.22,,,True,
aihub71761:data/raw/aihub71761/RT/ST/w00322_f3.png#0,aihub71761:data/raw/aihub71761/RT/ST/w00322_f3.png,기공,porosity,2011,"[[800.08,182.44],[792.1,193.61],[768.6,203.7],[744.82,186.53],[755.06,164.42],[787.22,162.11],[793.97,162.06],[801.1,176.22],[802.66,180.09]]",744,162,803,204,1650.90,55.78,41.44,45.85,,,True,
aihub71761:data/raw/aihub71761/RT/ST/w00323_f0.png#0,aihub71761:data/raw/aihub71761/RT/ST/w00323_f0.png,기공,porosity,2011,"[[249.61,291.62],[246.13,294.82],[217.96,307.19],[199.95,294.56],[201.36,292.63],[190.08,264.3],[220.48,249.11],[232.47,240.98],[251.01,256.27]]",190,240,252,308,2677.69,63.19,53.76,58.39,,,True,
aihub71761:data/raw/aihub71761/RT/ST/w00323_f1.png#0,aihub71761:data/raw/aihub71761/RT/ST/w00323_f1.png,기공,porosity,2011,"[[1039.5,226.43],[1036.84,243.81],[1004.6,257.44],[966.93,196.73],[974.56,184.02],[985.52,185.43]]",966,184,1040,258,2666.61,83.64,46.00,58.27,,,True,
aihub71761:data/raw/aihub71761/RT/ST/w00325_f0.png#0,aihub71761:data/raw/aihub71761/RT/ST/w00325_f0.png,기공,porosity,2011,"[[1131.99,36.2],[1128.35,36.9],[1119.52,40.95],[1114.33,35.63],[1114.55,25.37],[1125.66,24.4]]",1114,24,1132,41,200.49,16.33,16.30,15.98,,,True,
aihub71761:data/raw/aihub71761/RT/ST/w00327_f0.png#0,aihub71761:data/raw/aihub71761/RT/ST/w00327_f0.png,균열,crack,100,"[[818.29,242.99],[766.5,224.64],[757.36,217.28],[754.11,217.58],[756.33,194.74],[830.0,186.01]]",754,186,830,243,2864.69,70.40,58.17,60.39,,,True,
aihub71761:data/raw/aihub71761/RT/ST/w00334_f0.png#0,aihub71761:data/raw/aihub71761/RT/ST/w00334_f0.png,기공,porosity,2011,"[[346.1,709.37],[343.65,702.89],[323.31,713.19],[303.64,698.24],[328.05,638.95],[344.21,637.22],[349.57,635.12],[353.75,637.54],[356.39,644.43],[371.7,651.7]]",303,635,372,714,3119.00,82.01,45.07,63.02,,,True,
aihub71761:data/raw/aihub71761/RT/ST/w00335_f0.png#0,aihub71761:data/raw/aihub71761/RT/ST/w00335_f0.png,균열,crack,100,"[[1081.88,632.46],[1069.53,649.05],[1043.89,631.35],[1043.87,629.29],[1076.23,614.33],[1082.92,626.97]]",1043,614,1083,650,721.64,32.96,32.38,30.31,,,True,
aihub71761:data/raw/aihub71761/RT/ST/w00335_f0.png#1,aihub71761:data/raw/aihub71761/RT/ST/w00335_f0.png,융합불량,lack_of_fusion,401,"[[69.96,544.16],[67.3,549.86],[50.4,532.77],[50.38,532.16],[55.15,525.2],[58.33,524.61],[60.39,526.88],[61.18,526.11],[62.75,524.34],[70.56,534.98]]",50,524,71,550,286.45,26.08,14.71,19.10,,,True,
aihub71761:data/raw/aihub71761/RT/ST/w00337_f0.png#0,aihub71761:data/raw/aihub71761/RT/ST/w00337_f0.png,기공,porosity,2011,"[[545.02,625.31],[515.49,642.99],[482.18,605.53],[519.45,579.21],[545.92,586.68],[546.13,590.98],[543.67,603.6],[550.92,604.67],[543.15,607.39]]",482,579,551,643,2534.34,62.94,52.41,56.81,,,True,
aihub71761:data/raw/aihub71761/RT/ST/w00338_f0.png#0,aihub71761:data/raw/aihub71761/RT/ST/w00338_f0.png,기공,porosity,2011,"[[193.17,178.82],[187.55,179.62],[185.06,189.67],[191.05,195.94],[173.0,211.23],[124.67,138.41],[136.42,132.8],[157.92,130.68]]",124,130,194,212,2555.13,87.40,34.73,57.04,,,True,
aihub71761:data/raw/aihub71761/RT/ST/w00339_f0.png#0,aihub71761:data/raw/aihub71761/RT/ST/w00339_f0.png,기공,porosity,2011,"[[461.51,360.95],[442.54,360.26],[440.74,357.71],[439.14,355.34],[441.89,349.5],[440.85,348.59],[448.28,342.67],[448.97,342.73],[462.32,353.43]]",439,342,463,361,289.10,23.10,17.79,19.19,,,True,
aihub71761:data/raw/aihub71761/RT/ST/w00341_f0.png#0,aihub71761:data/raw/aihub71761/RT/ST/w00341_f0.png,융합불량,lack_of_fusion,401,"[[604.14,365.54],[591.28,348.75],[579.31,339.45],[615.29,286.78],[674.39,305.39],[675.42,314.36]]",579,286,676,366,3859.73,97.10,57.47,70.10,,,True,
aihub71761:data/raw/aihub71761/RT/ST/w00341_f0.png#1,aihub71761:data/raw/aihub71761/RT/ST/w00341_f0.png,기공,porosity,2011,"[[701.94,460.45],[696.13,470.46],[689.46,471.2],[672.74,467.17],[670.61,466.89],[672.53,446.73],[669.82,444.11],[702.71,453.87]]",669,444,703,472,599.02,35.44,21.61,27.62,,,True,
aihub71761:data/raw/aihub71761/RT/ST/w00341_f1.png#0,aihub71761:data/raw/aihub71761/RT/ST/w00341_f1.png,융합불량,lack_of_fusion,401,"[[501.02,524.8],[497.66,528.17],[465.66,558.47],[410.49,520.51],[414.98,478.6],[482.89,489.2]]",410,478,502,559,4622.33,97.07,66.83,76.72,,,True,
aihub71761:data/raw/aihub71761/RT/ST/w00341_f1.png#1,aihub71761:data/raw/aihub71761/RT/ST/w00341_f1.png,기공,porosity,2011,"[[551.16,308.59],[529.25,322.63],[496.29,300.16],[486.26,298.92],[492.2,272.02],[490.71,267.53],[531.78,240.77],[560.24,256.74]]",486,240,561,323,3938.34,72.90,72.76,70.81,,,True,
aihub71761:data/raw/aihub71761/RT/ST/w00341_f2.png#0,aihub71761:data/raw/aihub71761/RT/ST/w00341_f2.png,융합불량,lack_of_fusion,401,"[[772.89,513.01],[771.36,512.77],[766.8,515.79],[762.45,510.72],[761.86,509.51],[760.1,510.04],[759.54,508.09],[760.37,503.16],[760.44,502.27],[762.9,502.32],[762.47,501.5]]",759,501,773,516,85.47,16.32,7.49,10.43,,,True,
aihub71761:data/raw/aihub71761/RT/ST/w00341_f2.png#1,aihub71761:data/raw/aihub71761/RT/ST/w00341_f2.png,기공,porosity,2011,"[[446.83,185.72],[376.78,169.69],[391.92,148.63],[439.26,153.71],[449.63,165.31],[448.26,165.97]]",376,148,450,186,1706.43,71.86,29.51,46.61,,,True,
aihub71761:data/raw/aihub71761/RT/ST/w00341_f3.png#0,aihub71761:data/raw/aihub71761/RT/ST/w00341_f3.png,융합불량,lack_of_fusion,401,"[[141.55,380.26],[116.01,402.58],[115.07,397.29],[98.48,387.08],[83.87,387.26],[82.5,373.54],[67.95,362.79],[71.06,348.4],[137.15,323.53],[143.12,329.22],[148.99,338.44]]",67,323,149,403,3869.35,84.42,66.54,70.19,,,True,
aihub71761:data/raw/aihub71761/RT/ST/w00341_f3.png#1,aihub71761:data/raw/aihub71761/RT/ST/w00341_f3.png,기공,porosity,2011,"[[337.84,471.1],[334.3,476.3],[332.39,476.46],[322.08,478.1],[321.76,477.91],[319.98,473.76],[330.13,460.41],[331.38,461.83]]",319,460,338,479,176.81,19.00,12.94,15.00,,,True,
aihub71761:data/raw/aihub71761/RT/ST/w00342_f0.png#0,aihub71761:data/raw/aihub71761/RT/ST/w00342_f0.png,기공,porosity,2011,"[[126.63,294.87],[123.24,300.32],[110.7,296.97],[122.04,244.31],[123.51,241.04],[150.99,261.96]]",110,241,151,301,1199.03,52.82,34.53,39.07,,,True,
aihub71761:data/raw/aihub71761/RT/ST/w00345_f0.png#0,aihub71761:data/raw/aihub71761/RT/ST/w00345_f0.png,기공,porosity,2011,"[[114.12,304.54],[71.0,331.48],[69.62,328.65],[48.06,312.09],[59.34,279.9],[58.18,276.96],[76.83,263.78],[94.17,271.57],[113.05,279.71]]",48,263,115,332,2858.87,72.27,54.33,60.33,,,True,
aihub71761:data/raw/aihub71761/RT/ST/w00347_f0.png#0,aihub71761:data/raw/aihub71761/RT/ST/w00347_f0.png,기공,porosity,2011,"[[878.26,666.6],[862.12,677.46],[856.48,678.69],[845.74,660.09],[878.34,645.89],[878.86,654.73]]",845,645,879,679,630.92,35.56,22.47,28.34,,,True,
aihub71761:data/raw/aihub71761/RT/ST/w00348_f0.png#0,aihub71761:data/raw/aihub71761/RT/ST/w00348_f0.png,기공,porosity,2011,"[[899.22,484.46],[857.76,510.55],[843.8,511.82],[840.59,512.16],[822.24,494.44],[818.61,481.43],[883.56,440.93],[880.23,447.01]]",818,440,900,513,3093.42,80.35,45.42,62.76,,,True,
aihub71761:data/raw/aihub71761/RT/ST/w00348_f1.png#0,aihub71761:data/raw/aihub71761/RT/ST/w00348_f1.png,기공,porosity,2011,"[[387.31,613.53],[383.43,625.14],[374.74,630.0],[351.89,620.72],[349.0,592.27],[365.91,581.52],[373.71,589.1],[386.31,589.65],[391.24,600.38],[386.36,606.56]]",349,581,392,630,1414.88,44.15,41.77,42.44,,,True,
aihub71761:data/raw/aihub71761/RT/ST/w00348_f2.png#0,aihub71761:data/raw/aihub71761/RT/ST/w00348_f2.png,기공,porosity,2011,"[[134.48,449.13],[97.04,483.78],[77.51,487.81],[46.46,468.37],[51.27,407.54],[101.09,396.65],[129.66,414.59],[145.03,431.01]]",46,396,146,488,6213.15,92.59,89.79,88.94,,,True,
aihub71761:data/raw/aihub71761/RT/ST/w00348_f3.png#0,aihub71761:data/raw/aihub71761/RT/ST/w00348_f3.png,기공,porosity,2011,"[[203.91,686.76],[205.62,693.53],[203.43,693.2],[190.04,700.83],[179.09,692.18],[181.07,687.65],[179.65,680.03],[183.12,674.88],[187.27,670.87],[205.45,682.58]]",179,670,206,701,511.43,29.14,23.69,25.52,,,True,
aihub71761:data/raw/aihub71761/RT/ST/w00349_f0.png#0,aihub71761:data/raw/aihub71761/RT/ST/w00349_f0.png,균열,crack,100,"[[1044.74,617.11],[1021.1,636.06],[1018.67,631.72],[1004.14,628.42],[980.54,578.5],[999.85,572.04],[1010.52,568.33]]",980,568,1045,637,2274.18,70.41,39.73,53.81,,,True,
aihub71761:data/raw/aihub71761/RT/ST/w00350_f0.png#0,aihub71761:data/raw/aihub71761/RT/ST/w00350_f0.png,기공,porosity,2011,"[[373.47,638.93],[366.09,642.41],[349.13,647.43],[340.52,633.0],[356.42,616.09],[364.49,618.1],[366.35,617.69],[368.78,627.73],[371.79,626.57],[373.83,631.07]]",340,616,374,648,663.63,30.15,28.35,29.07,,,True,
aihub71761:data/raw/aihub71761/RT/ST/w00351_f0.png#0,aihub71761:data/raw/aihub71761/RT/ST/w00351_f0.png,기공,porosity,2011,"[[239.87,486.21],[235.8,478.86],[239.53,473.43],[248.04,470.42],[253.99,468.7],[257.68,472.71]]",235,468,258,487,180.21,22.35,10.39,15.15,,,True,
aihub71761:data/raw/aihub71761/RT/ST/w00352_f0.png#0,aihub71761:data/raw/aihub71761/RT/ST/w00352_f0.png,기공,porosity,2011,"[[651.79,186.39],[646.99,189.0],[620.57,179.54],[621.57,140.59],[632.58,128.15],[638.93,118.33],[648.63,121.86],[656.69,128.2]]",620,118,657,189,1945.38,69.74,33.96,49.77,,,True,
aihub71761:data/raw/aihub71761/RT/ST/w00357_f0.png#0,aihub71761:data/raw/aihub71761/RT/ST/w00357_f0.png,융합불량,lack_of_fusion,401,"[[704.84,392.77],[685.63,416.63],[686.05,419.05],[631.82,416.33],[629.64,408.6],[618.34,370.62],[648.86,340.43],[661.46,336.56],[711.76,377.14]]",618,336,712,420,5150.56,83.11,80.70,80.98,,,True,
aihub71761:data/raw/aihub71761/RT/ST/w00358_f0.png#0,aihub71761:data/raw/aihub71761/RT/ST/w00358_f0.png,균열,crack,100,"[[290.79,285.49],[207.38,299.26],[223.68,263.48],[242.48,249.6],[281.5,261.49],[283.94,261.09],[282.5,266.85],[290.68,280.12]]",207,249,291,300,2480.70,85.31,43.28,56.20,,,True,
aihub71761:data/raw/aihub71761/RT/ST/w00358_f0.png#1,aihub71761:data/raw/aihub71761/RT/ST/w00358_f0.png,기공,porosity,2011,"[[1006.29,552.24],[974.39,585.9],[953.34,589.18],[923.93,554.35],[918.56,499.69],[957.5,487.8]]",918,487,1007,590,5568.55,102.43,66.94,84.20,,,True,
aihub71761:data/raw/aihub71761/RT/ST/w00360_f0.png#0,aihub71761:data/raw/aihub71761/RT/ST/w00360_f0.png,균열,crack,100,"[[99.83,454.3],[88.43,467.31],[65.03,465.9],[66.22,427.72],[69.61,431.25],[96.31,434.14]]",65,427,100,468,1067.47,38.88,34.42,36.87,,,True,
aihub71761:data/raw/aihub71761/RT/ST/w00360_f0.png#1,aihub71761:data/raw/aihub71761/RT/ST/w00360_f0.png,기공,porosity,2011,"[[1114.6,153.92],[1111.21,163.29],[1083.21,171.67],[1078.55,170.33],[1062.71,161.55],[1073.19,135.34],[1079.88,126.57],[1112.09,134.22],[1110.65,140.26]]",1062,126,1115,172,1637.27,46.20,45.37,45.66,,,True,
aihub71761:data/raw/aihub71761/RT/ST/w00363_f0.png#0,aihub71761:data/raw/aihub71761/RT/ST/w00363_f0.png,기공,porosity,2011,"[[230.51,50.03],[226.32,53.47],[225.9,54.84],[227.51,59.72],[218.72,66.86],[198.64,59.17],[192.31,59.65],[230.45,47.62]]",192,47,231,67,296.51,39.99,14.82,19.43,,,True,
aihub71761:data/raw/aihub71761/RT/ST/w00368_f0.png#0,aihub71761:data/raw/aihub71761/RT/ST/w00368_f0.png,융합불량,lack_of_fusion,401,"[[298.26,199.37],[282.12,209.89],[234.56,164.84],[233.82,159.56],[283.37,146.75],[287.49,150.07]]",233,146,299,210,2251.82,60.82,54.94,53.55,,,True,
aihub71761:data/raw/aihub71761/RT/ST/w00369_f0.png#0,aihub71761:data/raw/aihub71761/RT/ST/w00369_f0.png,융합불량,lack_of_fusion,401,"[[786.54,227.88],[769.36,243.85],[768.98,242.6],[765.53,248.71],[742.97,222.46],[774.37,209.75],[777.64,215.52],[785.05,220.31],[783.56,224.25]]",742,209,787,249,868.65,34.61,33.31,33.26,,,True,
aihub71761:data/raw/aihub71761/RT/ST/w00370_f0.png#0,aihub71761:data/raw/aihub71761/RT/ST/w00370_f0.png,슬래그혼입,slag_inclusion,301,"[[1180.8,282.18],[1157.05,276.84],[1155.88,277.01],[1121.24,262.89],[1115.92,227.51],[1169.3,196.53],[1206.19,217.94]]",1115,196,1207,283,5004.39,80.43,79.78,79.82,,,True,
aihub71761:data/raw/aihub71761/RT/ST/w00371_f0.png#0,aihub71761:data/raw/aihub71761/RT/ST/w00371_f0.png,균열,crack,100,"[[894.17,103.73],[827.25,80.76],[819.9,57.78],[833.82,59.06],[830.96,57.22],[887.22,33.18]]",819,33,895,104,3016.53,70.89,69.41,61.97,,,True,
aihub71761:data/raw/aihub71761/RT/ST/w00371_f1.png#0,aihub71761:data/raw/aihub71761/RT/ST/w00371_f1.png,균열,crack,100,"[[1178.44,212.56],[1172.67,217.33],[1171.61,217.6],[1164.06,214.12],[1148.1,211.38],[1142.95,180.85],[1163.18,150.76],[1166.34,152.44],[1177.92,151.06],[1178.46,158.88]]",1142,150,1179,218,1835.45,66.84,35.50,48.34,,,True,
aihub71761:data/raw/aihub71761/RT/ST/w00371_f2.png#0,aihub71761:data/raw/aihub71761/RT/ST/w00371_f2.png,균열,crack,100,"[[316.55,108.35],[314.05,111.02],[300.57,110.84],[301.41,109.65],[306.13,92.59],[315.16,94.64],[316.21,94.86],[317.6,97.0]]",300,92,318,112,229.29,19.03,15.04,17.09,,,True,
aihub71761:data/raw/aihub71761/RT/ST/w00371_f3.png#0,aihub71761:data/raw/aihub71761/RT/ST/w00371_f3.png,균열,crack,100,"[[230.75,218.68],[222.09,235.29],[193.92,247.82],[161.47,205.49],[164.71,202.25],[171.84,184.05],[196.58,179.45],[227.12,196.07],[224.42,204.64]]",161,179,231,248,3058.02,71.24,57.83,62.40,,,True,
aihub71761:data/raw/aihub71761/RT/ST/w00373_f0.png#0,aihub71761:data/raw/aihub71761/RT/ST/w00373_f0.png,기공,porosity,2011,"[[1205.5,541.21],[1181.29,559.4],[1177.34,563.63],[1120.88,529.23],[1156.14,482.46],[1164.85,478.27],[1192.9,482.38],[1189.47,497.5],[1206.94,518.64]]",1120,478,1207,564,4466.72,80.77,74.78,75.41,,,True,
aihub71761:data/raw/aihub71761/RT/ST/w00374_f0.png#0,aihub71761:data/raw/aihub71761/RT/ST/w00374_f0.png,융합불량,lack_of_fusion,401,"[[187.57,520.66],[176.88,522.7],[150.15,526.81],[136.78,518.73],[169.58,466.06],[172.13,475.36],[176.97,475.73],[185.81,489.6],[188.04,496.36]]",136,466,189,527,1813.29,62.05,44.13,48.05,,,True,
aihub71761:data/raw/aihub71761/RT/ST/w00374_f0.png#1,aihub71761:data/raw/aihub71761/RT/ST/w00374_f0.png,기공,porosity,2011,"[[467.81,488.94],[460.18,487.64],[455.24,487.54],[440.36,481.69],[449.93,453.22],[474.9,457.59],[477.85,467.7],[474.93,468.67]]",440,453,478,489,911.80,34.65,31.08,34.07,,,True,
aihub71761:data/raw/aihub71761/RT/ST/w00376_f0.png#0,aihub71761:data/raw/aihub71761/RT/ST/w00376_f0.png,슬래그혼입,slag_inclusion,301,"[[679.66,325.65],[677.66,326.43],[661.36,328.92],[650.0,323.24],[651.14,304.66],[657.39,303.43],[668.73,299.62],[670.11,300.41]]",650,299,680,329,616.52,28.23,27.85,28.02,,,True,
aihub71761:data/raw/aihub71761/RT/ST/w00378_f0.png#0,aihub71761:data/raw/aihub71761/RT/ST/w00378_f0.png,기공,porosity,2011,"[[1011.94,405.18],[1009.57,407.47],[1006.91,408.53],[1000.82,408.95],[998.3,407.45],[992.58,397.69],[1010.6,381.65]]",992,381,1012,409,319.83,26.34,18.60,20.18,,,True,
aihub71761:data/raw/aihub71761/RT/ST/w00378_f1.png#0,aihub71761:data/raw/aihub71761/RT/ST/w00378_f1.png,기공,porosity,2011,"[[1108.92,573.51],[1097.65,561.48],[1103.05,537.86],[1134.47,510.45],[1166.45,513.3],[1188.55,537.63]]",1097,510,1189,574,3216.00,92.67,47.00,63.99,,,True,
aihub71761:data/raw/aihub71761/RT/ST/w00379_f0.png#0,aihub71761:data/raw/aihub71761/RT/ST/w00379_f0.png,융합불량,lack_of_fusion,401,"[[428.37,614.33],[423.87,616.52],[412.88,605.4],[408.02,605.01],[412.01,591.67],[430.91,581.67]]",408,581,431,617,468.64,35.29,21.01,24.43,,,True,
aihub71761:data/raw/aihub71761/RT/ST/w00379_f0.png#1,aihub71761:data/raw/aihub71761/RT/ST/w00379_f0.png,기공,porosity,2011,"[[1152.15,622.94],[1150.32,622.69],[1138.19,632.61],[1133.15,629.48],[1120.66,623.63],[1121.87,609.25],[1127.18,603.31],[1148.4,600.4]]",1120,600,1153,633,728.92,31.29,30.52,30.46,,,True,
aihub71761:data/raw/aihub71761/RT/ST/w00381_f0.png#0,aihub71761:data/raw/aihub71761/RT/ST/w00381_f0.png,균열,crack,100,"[[603.67,329.08],[602.44,330.47],[589.06,329.54],[540.72,336.58],[538.28,329.74],[532.69,330.68],[534.21,317.21],[525.15,306.01],[608.87,274.17]]",525,274,609,337,3192.90,91.29,50.34,63.76,,,True,
aihub71761:data/raw/aihub71761/RT/ST/w00382_f0.png#0,aihub71761:data/raw/aihub71761/RT/ST/w00382_f0.png,균열,crack,100,"[[1213.42,652.15],[1202.84,645.78],[1178.07,656.05],[1176.37,650.11],[1164.8,648.24],[1155.72,624.4],[1153.57,618.02],[1158.51,594.36],[1173.22,587.93],[1171.43,583.28],[1211.51,584.98]]",1153,583,1214,657,3488.31,72.93,58.86,66.64,,,True,
aihub71761:data/raw/aihub71761/RT/ST/w00382_f0.png#1,aihub71761:data/raw/aihub71761/RT/ST/w00382_f0.png,기공,porosity,2011,"[[824.15,466.4],[823.25,467.27],[822.4,468.81],[821.95,468.84],[820.38,469.3],[813.97,465.27],[812.77,461.69],[817.95,456.59],[819.43,455.78],[822.26,458.51]]",812,455,825,470,95.61,11.83,10.65,11.03,,,True,
aihub71761:data/raw/aihub71761/RT/ST/w00383_f0.png#0,aihub71761:data/raw/aihub71761/RT/ST/w00383_f0.png,기공,porosity,2011,"[[716.99,602.64],[705.03,595.94],[705.82,594.8],[702.88,584.21],[699.65,578.06],[720.43,567.67],[726.92,568.77],[735.08,581.56]]",699,567,736,603,733.24,33.31,29.74,30.55,,,True,
aihub71761:data/raw/aihub71761/RT/ST/w00384_f0.png#0,aihub71761:data/raw/aihub71761/RT/ST/w00384_f0.png,기공,porosity,2011,"[[980.24,165.81],[963.2,168.4],[949.44,141.22],[955.39,140.96],[976.94,117.09],[989.16,126.67]]",949,117,990,169,1172.77,47.04,38.80,38.64,,,True,
aihub71761:data/raw/aihub71761/RT/ST/w00385_f0.png#0,aihub71761:data/raw/aihub71761/RT/ST/w00385_f0.png,기공,porosity,2011,"[[909.46,86.05],[901.65,81.67],[893.05,96.24],[869.51,83.95],[862.69,89.57],[866.04,28.98],[918.36,55.0]]",862,28,919,97,2364.68,59.90,56.68,54.87,,,True,
aihub71761:data/raw/aihub71761/RT/ST/w00385_f1.png#0,aihub71761:data/raw/aihub71761/RT/ST/w00385_f1.png,기공,porosity,2011,"[[1197.72,533.29],[1181.61,538.08],[1170.81,533.48],[1154.87,520.14],[1151.13,518.81],[1150.1,515.94],[1155.7,506.59],[1182.64,473.97],[1188.9,479.11],[1212.57,496.58],[1216.32,497.25]]",1150,473,1217,539,2408.33,55.68,49.75,55.37,,,True,
aihub71761:data/raw/aihub71761/RT/ST/w00386_f0.png#0,aihub71761:data/raw/aihub71761/RT/ST/w00386_f0.png,기공,porosity,2011,"[[991.22,430.51],[923.69,437.21],[915.89,433.6],[916.81,416.43],[941.12,374.15],[985.37,379.7],[989.88,385.09],[996.51,389.67]]",915,374,997,438,3891.73,75.75,64.74,70.39,,,True,
aihub71761:data/raw/aihub71761/RT/ST/w00386_f1.png#0,aihub71761:data/raw/aihub71761/RT/ST/w00386_f1.png,기공,porosity,2011,"[[326.28,653.89],[310.59,687.28],[266.86,682.31],[254.09,649.29],[253.4,646.81],[261.83,626.12],[267.01,621.33],[279.64,616.53]]",253,616,327,688,3377.41,76.29,59.33,65.58,,,True,
aihub71761:data/raw/aihub71761/RT/ST/w00387_f0.png#0,aihub71761:data/raw/aihub71761/RT/ST/w00387_f0.png,기공,porosity,2011,"[[725.04,362.35],[730.27,382.98],[721.27,390.39],[660.91,369.75],[658.2,358.84],[655.87,343.73],[657.91,338.61],[675.51,325.02],[690.9,316.94],[720.8,335.75]]",655,316,731,391,3564.39,83.10,59.67,67.37,,,True,
aihub71761:data/raw/aihub71761/RT/ST/w00389_f0.png#0,aihub71761:data/raw/aihub71761/RT/ST/w00389_f0.png,기공,porosity,2011,"[[680.87,376.96],[672.82,376.01],[671.61,373.44],[678.06,355.3],[691.68,361.33],[691.29,362.78],[689.66,366.35]]",671,355,692,377,255.97,21.27,14.97,18.05,,,True,
aihub71761:data/raw/aihub71761/RT/ST/w00390_f0.png#0,aihub71761:data/raw/aihub71761/RT/ST/w00390_f0.png,슬래그혼입,slag_inclusion,301,"[[314.26,182.21],[292.41,168.54],[289.1,160.5],[290.07,159.79],[303.5,144.08],[311.1,131.49],[318.97,134.41],[322.88,135.25],[343.26,137.16],[348.8,146.93]]",289,131,349,183,1681.47,58.00,37.74,46.27,,,True,
aihub71761:data/raw/aihub71761/RT/ST/w00392_f0.png#0,aihub71761:data/raw/aihub71761/RT/ST/w00392_f0.png,기공,porosity,2011,"[[510.1,501.09],[508.93,501.67],[478.89,501.74],[487.22,473.34],[497.63,472.15],[501.4,469.74],[501.23,475.0]]",478,469,511,502,651.23,31.95,31.21,28.80,,,True,
aihub71761:data/raw/aihub71761/RT/ST/w00393_f0.png#0,aihub71761:data/raw/aihub71761/RT/ST/w00393_f0.png,기공,porosity,2011,"[[117.57,492.67],[103.85,503.79],[87.18,512.32],[78.82,514.13],[77.14,515.84],[62.25,518.9],[47.09,467.11],[69.11,450.64],[79.92,440.79],[100.56,450.28],[113.14,461.85]]",47,440,118,519,3668.31,71.25,64.87,68.34,,,True,
aihub71761:data/raw/aihub71761/RT/ST/w00395_f0.png#0,aihub71761:data/raw/aihub71761/RT/ST/w00395_f0.png,균열,crack,100,"[[1071.45,670.66],[1039.0,679.18],[1036.5,668.44],[1021.24,662.23],[1020.64,638.49],[1035.48,609.14],[1053.45,609.12],[1058.19,615.65]]",1020,609,1072,680,2494.49,68.91,46.84,56.36,,,True,
aihub71761:data/raw/aihub71761/RT/ST/w00395_f1.png#0,aihub71761:data/raw/aihub71761/RT/ST/w00395_f1.png,균열,crack,100,"[[1083.1,653.41],[1082.67,660.15],[1073.27,670.45],[1026.32,626.76],[1016.56,625.51],[1094.6,577.4],[1097.42,582.18],[1098.17,588.72]]",1016,577,1099,671,3447.12,91.68,68.01,66.25,,,True,
aihub71761:data/raw/aihub71761/RT/ST/w00395_f2.png#0,aihub71761:data/raw/aihub71761/RT/ST/w00395_f2.png,균열,crack,100,"[[1114.38,110.18],[1096.03,109.8],[1089.68,101.4],[1091.84,93.95],[1114.31,92.02],[1117.8,98.86]]",1089,92,1118,111,412.90,28.06,18.15,22.93,,,True,
aihub71761:data/raw/aihub71761/RT/ST/w00398_f0.png#0,aihub71761:data/raw/aihub71761/RT/ST/w00398_f0.png,기공,porosity,2011,"[[787.03,167.81],[786.0,168.98],[755.24,156.23],[761.32,150.68],[771.81,147.28],[789.04,154.95]]",755,147,790,169,400.03,33.80,14.61,22.57,,,True,
aihub71761:data/raw/aihub71761/RT/ST/w00398_f1.png#0,aihub71761:data/raw/aihub71761/RT/ST/w00398_f1.png,기공,porosity,2011,"[[1208.76,483.47],[1200.51,486.98],[1177.27,473.44],[1178.33,472.66],[1177.55,471.84],[1175.43,457.66],[1179.91,454.85],[1186.03,445.62],[1212.97,453.58]]",1175,445,1213,487,1076.18,39.28,35.56,37.02,,,True,
aihub71761:data/raw/aihub71761/RT/ST/w00398_f2.png#0,aihub71761:data/raw/aihub71761/RT/ST/w00398_f2.png,기공,porosity,2011,"[[273.73,375.99],[190.83,385.43],[187.22,388.17],[171.74,371.55],[169.9,361.82],[189.39,327.16],[230.25,307.81],[254.61,343.05],[266.74,352.0],[259.39,353.58]]",169,307,274,389,5044.63,100.84,73.58,80.14,,,True,
aihub71761:data/raw/aihub71761/RT/ST/w00398_f3.png#0,aihub71761:data/raw/aihub71761/RT/ST/w00398_f3.png,기공,porosity,2011,"[[1185.44,691.85],[1173.22,698.85],[1162.65,700.76],[1157.83,693.45],[1156.7,692.33],[1155.2,690.03],[1156.48,685.93],[1159.62,675.36],[1156.19,672.14],[1186.18,673.77]]",1155,672,1187,701,690.38,30.29,28.23,29.65,,,True,
aihub71761:data/raw/aihub71761/RT/ST/w00399_f0.png#0,aihub71761:data/raw/aihub71761/RT/ST/w00399_f0.png,기공,porosity,2011,"[[92.41,408.48],[64.1,409.37],[62.28,395.37],[59.59,390.12],[60.29,387.35],[68.49,383.87]]",59,383,93,410,454.84,37.54,20.92,24.06,,,True,
aihub71761:data/raw/aihub71761/RT/ST/w00400_f0.png#0,aihub71761:data/raw/aihub71761/RT/ST/w00400_f0.png,융합불량,lack_of_fusion,401,"[[657.14,256.64],[657.16,257.46],[655.99,258.74],[653.21,262.55],[648.06,260.72],[647.79,260.06],[644.91,252.07],[647.87,249.05],[652.94,247.19]]",644,247,658,263,118.95,14.51,9.95,12.31,,,True,
aihub71761:data/raw/aihub71761/RT/ST/w00406_f0.png#0,aihub71761:data/raw/aihub71761/RT/ST/w00406_f0.png,기공,porosity,2011,"[[1228.12,43.72],[1228.0,50.32],[1221.68,52.77],[1202.07,33.9],[1208.0,29.98],[1227.58,34.85],[1229.38,35.27],[1231.01,39.5]]",1202,29,1232,53,353.32,30.07,17.95,21.21,,,True,
aihub71761:data/raw/aihub71761/RT/ST/w00408_f0.png#0,aihub71761:data/raw/aihub71761/RT/ST/w00408_f0.png,기공,porosity,2011,"[[824.92,268.69],[771.4,251.58],[764.14,251.38],[762.82,219.5],[762.05,217.91],[776.65,199.91],[784.59,197.96],[830.85,202.45],[828.43,211.17],[829.74,216.21]]",762,197,831,269,3725.40,67.48,66.50,68.87,,,True,
aihub71761:data/raw/aihub71761/RT/ST/w00409_f0.png#0,aihub71761:data/raw/aihub71761/RT/ST/w00409_f0.png,기공,porosity,2011,"[[225.41,523.77],[179.84,537.77],[178.96,532.2],[180.98,505.06],[202.79,496.5],[220.45,498.04],[216.87,504.23]]",178,496,226,538,1311.05,50.49,32.71,40.86,,,True,
aihub71761:data/raw/aihub71761/RT/ST/w00412_f0.png#0,aihub71761:data/raw/aihub71761/RT/ST/w00412_f0.png,균열,crack,100,"[[1103.83,661.3],[1101.17,658.77],[1098.88,658.65],[1093.54,650.1],[1094.64,649.53],[1093.18,648.53],[1093.08,647.76],[1094.71,644.19],[1104.36,642.45]]",1093,642,1105,662,140.62,18.86,11.13,13.38,,,True,
aihub71761:data/raw/aihub71761/RT/ST/w00412_f0.png#1,aihub71761:data/raw/aihub71761/RT/ST/w00412_f0.png,기공,porosity,2011,"[[59.63,622.64],[59.93,624.78],[46.28,631.73],[45.81,640.33],[35.34,636.29],[23.75,631.99],[6.31,612.21],[8.51,610.46],[27.57,577.89],[61.65,599.32]]",6,577,62,641,2074.32,52.35,47.83,51.39,,,True,
aihub71761:data/raw/aihub71761/RT/ST/w00412_f1.png#0,aihub71761:data/raw/aihub71761/RT/ST/w00412_f1.png,균열,crack,100,"[[965.24,143.38],[952.31,141.45],[949.42,147.64],[934.27,138.97],[930.52,86.15],[961.45,87.26],[973.49,87.1],[976.57,84.49],[978.78,108.79]]",930,84,979,148,2350.27,62.67,46.54,54.70,,,True,
aihub71761:data/raw/aihub71761/RT/ST/w00412_f1.png#1,aihub71761:data/raw/aihub71761/RT/ST/w00412_f1.png,기공,porosity,2011,"[[46.17,511.43],[40.96,511.33],[41.85,512.32],[36.01,518.27],[37.79,521.32],[34.55,523.52],[11.33,511.6],[44.87,500.89]]",11,500,47,524,365.77,35.21,18.42,21.58,,,True,
aihub71761:data/raw/aihub71761/RT/ST/w00413_f0.png#0,aihub71761:data/raw/aihub71761/RT/ST/w00413_f0.png,균열,crack,100,"[[164.74,35.49],[156.44,36.41],[155.3,23.73],[161.23,22.23],[165.6,25.04],[165.41,26.54]]",155,22,166,37,118.79,13.69,10.14,12.30,,,True,
aihub71761:data/raw/aihub71761/RT/ST/w00413_f0.png#1,aihub71761:data/raw/aihub71761/RT/ST/w00413_f0.png,기공,porosity,2011,"[[1222.21,691.12],[1205.3,690.26],[1200.79,672.57],[1212.87,662.0],[1214.81,660.5],[1219.17,663.57],[1221.5,663.12],[1233.45,677.09]]",1200,660,1234,692,658.64,30.06,28.07,28.96,,,True,
aihub71761:data/raw/aihub71761/RT/ST/w00418_f0.png#0,aihub71761:data/raw/aihub71761/RT/ST/w00418_f0.png,기공,porosity,2011,"[[144.66,180.53],[138.98,188.56],[137.58,187.92],[135.25,169.33],[137.08,168.02],[141.25,168.38]]",135,168,145,189,122.99,20.62,7.94,12.51,,,True,
aihub71761:data/raw/aihub71761/RT/ST/w00419_f0.png#0,aihub71761:data/raw/aihub71761/RT/ST/w00419_f0.png,기공,porosity,2011,"[[928.4,555.3],[927.88,555.76],[927.33,558.45],[913.94,544.27],[916.21,536.32],[924.7,535.84],[926.39,533.89],[926.53,536.54],[933.73,537.76],[934.31,539.74],[934.33,540.62]]",913,533,935,559,280.00,22.52,18.44,18.88,,,True,
aihub71761:data/raw/aihub71761/RT/ST/w00420_f0.png#0,aihub71761:data/raw/aihub71761/RT/ST/w00420_f0.png,기공,porosity,2011,"[[602.29,524.82],[577.72,543.21],[530.32,508.09],[526.52,472.14],[546.4,462.6],[619.34,490.94]]",526,462,620,544,4491.43,93.33,63.79,75.62,,,True,
aihub71761:data/raw/aihub71761/RT/ST/w00420_f0.png#1,aihub71761:data/raw/aihub71761/RT/ST/w00420_f0.png,슬래그혼입,slag_inclusion,301,"[[1071.61,319.04],[1057.99,340.45],[1053.51,337.02],[1030.77,340.15],[1037.32,282.46],[1043.74,277.93],[1052.42,285.56]]",1030,277,1072,341,1623.50,63.29,38.20,45.47,,,True,
aihub71761:data/raw/aihub71761/RT/ST/w00421_f0.png#0,aihub71761:data/raw/aihub71761/RT/ST/w00421_f0.png,융합불량,lack_of_fusion,401,"[[615.53,445.41],[612.43,445.23],[613.9,438.36],[615.08,436.35],[621.52,430.14],[631.5,431.51],[632.89,434.65],[635.27,434.91],[635.93,437.25]]",612,430,636,446,203.80,25.04,11.95,16.11,,,True,
aihub71761:data/raw/aihub71761/RT/ST/w00421_f1.png#0,aihub71761:data/raw/aihub71761/RT/ST/w00421_f1.png,융합불량,lack_of_fusion,401,"[[88.35,401.63],[66.69,434.64],[42.02,430.75],[35.86,424.7],[32.22,412.77],[24.88,404.97],[26.6,378.37],[41.38,363.52],[64.07,353.51]]",24,353,89,435,3433.13,74.90,58.17,66.12,,,True,
aihub71761:data/raw/aihub71761/RT/ST/w00421_f2.png#0,aihub71761:data/raw/aihub71761/RT/ST/w00421_f2.png,융합불량,lack_of_fusion,401,"[[745.49,634.76],[726.83,649.64],[711.22,654.4],[694.7,648.77],[691.4,632.77],[684.79,631.34],[743.81,616.2]]",684,616,746,655,1352.38,60.93,28.90,41.50,,,True,
aihub71761:data/raw/aihub71761/RT/ST/w00421_f3.png#0,aihub71761:data/raw/aihub71761/RT/ST/w00421_f3.png,융합불량,lack_of_fusion,401,"[[325.46,462.62],[313.93,468.06],[296.96,450.92],[291.9,452.28],[295.45,434.35],[310.5,419.58],[326.69,417.31],[340.71,434.42]]",291,417,341,469,1543.10,48.69,40.86,44.33,,,True,
aihub71761:data/raw/aihub71761/RT/ST/w00422_f0.png#0,aihub71761:data/raw/aihub71761/RT/ST/w00422_f0.png,기공,porosity,2011,"[[511.16,412.21],[507.31,412.74],[503.07,408.4],[501.88,407.63],[502.47,404.8],[507.79,402.96],[507.88,401.62],[512.47,405.08]]",501,401,513,413,73.82,11.41,9.11,9.69,,,True,
aihub71761:data/raw/aihub71761/RT/ST/w00423_f0.png#0,aihub71761:data/raw/aihub71761/RT/ST/w00423_f0.png,기공,porosity,2011,"[[500.62,180.89],[458.09,198.58],[456.94,199.0],[450.67,172.26],[457.21,158.31],[480.5,157.41],[490.69,161.13],[494.67,168.38]]",450,157,501,199,1386.65,47.29,37.52,42.02,,,True,
aihub71761:data/raw/aihub71761/RT/ST/w00424_f0.png#0,aihub71761:data/raw/aihub71761/RT/ST/w00424_f0.png,기공,porosity,2011,"[[135.22,132.97],[134.01,119.08],[128.94,116.66],[133.73,105.98],[174.08,91.44],[185.33,104.69]]",128,91,186,133,1085.26,57.54,24.24,37.17,,,True,
aihub71761:data/raw/aihub71761/RT/ST/w00426_f0.png#0,aihub71761:data/raw/aihub71761/RT/ST/w00426_f0.png,기공,porosity,2011,"[[192.1,136.74],[161.16,144.14],[157.74,143.53],[152.07,143.49],[147.66,128.94],[136.42,103.72],[149.45,90.48],[159.68,78.76],[163.58,78.03],[200.35,92.87]]",136,78,201,145,2927.62,66.46,60.82,61.05,,,True,
aihub71761:data/raw/aihub71761/RT/ST/w00428_f0.png#0,aihub71761:data/raw/aihub71761/RT/ST/w00428_f0.png,융합불량,lack_of_fusion,401,"[[1043.06,262.82],[1039.72,279.01],[1031.31,285.2],[1002.89,272.66],[997.42,265.38],[1001.15,252.69],[1012.11,239.0],[1029.36,236.56],[1039.07,250.42],[1048.18,260.03]]",997,236,1049,286,1562.83,45.94,43.75,44.61,,,True,
aihub71761:data/raw/aihub71761/RT/ST/w00429_f0.png#0,aihub71761:data/raw/aihub71761/RT/ST/w00429_f0.png,기공,porosity,2011,"[[972.85,418.02],[969.47,418.59],[953.24,436.91],[949.31,431.65],[916.8,406.68],[929.88,395.98],[956.93,384.94],[964.03,396.81]]",916,384,973,437,1510.08,47.05,43.98,43.85,,,True,
aihub71761:data/raw/aihub71761/RT/ST/w00430_f0.png#0,aihub71761:data/raw/aihub71761/RT/ST/w00430_f0.png,기공,porosity,2011,"[[899.93,665.91],[896.38,660.93],[879.79,648.36],[881.2,643.73],[884.48,626.62],[889.48,608.1],[922.62,600.3],[946.65,597.34],[949.13,596.9],[953.64,613.4],[964.74,620.75]]",879,596,965,666,3356.37,86.31,53.41,65.37,,,True,
aihub71761:data/raw/aihub71761/RT/ST/w00431_f0.png#0,aihub71761:data/raw/aihub71761/RT/ST/w00431_f0.png,기공,porosity,2011,"[[435.23,489.42],[422.38,488.01],[411.7,491.26],[409.28,493.18],[396.24,480.58],[395.22,473.37],[397.29,471.16]]",395,471,436,494,336.10,43.01,14.64,20.69,,,True,
aihub71761:data/raw/aihub71761/RT/ST/w00433_f0.png#0,aihub71761:data/raw/aihub71761/RT/ST/w00433_f0.png,균열,crack,100,"[[747.92,93.11],[727.51,86.63],[724.25,79.58],[726.15,76.27],[728.54,71.52],[733.78,65.43],[736.21,67.34]]",724,65,748,94,320.94,31.05,15.95,20.21,,,True,
aihub71761:data/raw/aihub71761/RT/ST/w00434_f0.png#0,aihub71761:data/raw/aihub71761/RT/ST/w00434_f0.png,기공,porosity,2011,"[[192.83,150.69],[186.22,159.68],[189.8,162.37],[184.93,165.87],[186.94,169.23],[167.26,173.96],[137.42,154.68],[150.53,130.4],[183.61,131.46],[193.15,143.21]]",137,130,194,174,1729.07,50.49,45.16,46.92,,,True,
aihub71761:data/raw/aihub71761/RT/ST/w00435_f0.png#0,aihub71761:data/raw/aihub71761/RT/ST/w00435_f0.png,융합불량,lack_of_fusion,401,"[[1051.45,313.07],[1036.39,323.9],[1028.45,331.54],[1027.94,338.7],[1018.64,332.86],[1018.45,340.77],[1002.13,331.41],[984.97,316.28],[983.6,313.9],[977.79,280.14],[1021.03,258.12]]",977,258,1052,341,3630.69,75.52,59.76,67.99,,,True,
aihub71761:data/raw/aihub71761/RT/ST/w00435_f0.png#1,aihub71761:data/raw/aihub71761/RT/ST/w00435_f0.png,기공,porosity,2011,"[[836.69,566.66],[805.34,581.82],[783.28,503.83],[786.2,497.0],[805.86,501.02],[816.07,496.97],[816.27,499.21],[829.15,518.61],[837.27,534.42]]",783,496,838,582,3000.29,86.83,43.63,61.81,,,True,
aihub71761:data/raw/aihub71761/RT/ST/w00436_f0.png#0,aihub71761:data/raw/aihub71761/RT/ST/w00436_f0.png,기공,porosity,2011,"[[211.94,432.51],[214.37,434.63],[205.28,445.57],[199.37,447.76],[186.66,437.41],[180.69,436.07],[185.39,416.57],[192.54,417.63],[193.73,416.87],[204.95,414.28],[214.56,424.01]]",180,414,215,448,768.13,34.15,31.34,31.27,,,True,
aihub71761:data/raw/aihub71761/RT/ST/w00437_f0.png#0,aihub71761:data/raw/aihub71761/RT/ST/w00437_f0.png,기공,porosity,2011,"[[697.9,65.76],[662.03,83.63],[643.62,55.65],[648.38,50.72],[656.4,35.16],[660.26,33.29],[693.53,39.72],[697.18,53.89]]",643,33,698,84,1803.30,51.78,45.89,47.92,,,True,
aihub71761:data/raw/aihub71761/RT/ST/w00437_f1.png#0,aihub71761:data/raw/aihub71761/RT/ST/w00437_f1.png,기공,porosity,2011,"[[683.34,357.11],[624.31,373.44],[620.3,343.59],[657.52,316.99],[666.36,322.5],[677.11,319.06]]",620,316,684,374,2325.23,65.39,45.55,54.41,,,True,
aihub71761:data/raw/aihub71761/RT/ST/w00437_f2.png#0,aihub71761:data/raw/aihub71761/RT/ST/w00437_f2.png,기공,porosity,2011,"[[557.69,64.48],[549.93,71.67],[539.36,80.96],[550.05,30.45],[552.93,36.85],[555.27,44.49]]",539,30,558,81,415.49,51.63,14.52,23.00,,,True,
aihub71761:data/raw/aihub71761/RT/ST/w00437_f3.png#0,aihub71761:data/raw/aihub71761/RT/ST/w00437_f3.png,기공,porosity,2011,"[[840.84,547.62],[799.74,539.98],[789.33,531.37],[805.58,495.55],[811.59,495.05],[822.97,491.43],[849.52,502.02]]",789,491,850,548,2360.40,53.64,52.04,54.82,,,True,
aihub71761:data/raw/aihub71761/RT/ST/w00439_f0.png#0,aihub71761:data/raw/aihub71761/RT/ST/w00439_f0.png,기공,porosity,2011,"[[901.3,548.5],[897.92,552.54],[889.3,546.77],[891.09,534.88],[896.9,535.04],[897.68,533.47],[904.21,539.5]]",889,533,905,553,185.66,18.07,13.91,15.38,,,True,
aihub71761:data/raw/aihub71761/RT/ST/w00440_f0.png#0,aihub71761:data/raw/aihub71761/RT/ST/w00440_f0.png,기공,porosity,2011,"[[931.76,550.25],[884.62,561.88],[884.91,559.23],[873.3,529.38],[890.59,512.83],[903.24,502.39],[919.59,511.87],[925.89,524.72]]",873,502,932,562,2226.68,53.30,52.18,53.25,,,True,
aihub71761:data/raw/aihub71761/RT/ST/w00441_f0.png#0,aihub71761:data/raw/aihub71761/RT/ST/w00441_f0.png,융합불량,lack_of_fusion,401,"[[895.26,506.61],[898.31,508.42],[864.23,534.54],[829.11,531.53],[824.48,503.35],[822.18,469.78],[852.6,456.12]]",822,456,899,535,3841.18,76.98,68.98,69.93,,,True,
aihub71761:data/raw/aihub71761/RT/ST/w00441_f0.png#1,aihub71761:data/raw/aihub71761/RT/ST/w00441_f0.png,기공,porosity,2011,"[[169.74,476.64],[168.38,473.22],[166.93,471.87],[163.81,466.93],[167.06,460.45],[172.16,458.53],[181.0,463.79],[182.28,464.22],[182.62,464.75],[182.99,466.5]]",163,458,183,477,192.75,17.51,14.49,15.67,,,True,
aihub71761:data/raw/aihub71761/RT/ST/w00444_f0.png#0,aihub71761:data/raw/aihub71761/RT/ST/w00444_f0.png,기공,porosity,2011,"[[84.55,119.35],[69.61,130.79],[36.2,131.76],[34.95,128.57],[34.84,121.8],[23.29,115.36],[20.04,83.83],[52.94,55.97],[88.86,67.92],[88.89,74.92],[91.74,81.33]]",20,55,92,132,4096.07,75.27,71.74,72.22,,,True,
aihub71761:data/raw/aihub71761/RT/ST/w00445_f0.png#0,aihub71761:data/raw/aihub71761/RT/ST/w00445_f0.png,균열,crack,100,"[[717.51,316.81],[702.49,299.88],[707.54,278.74],[713.33,281.38],[715.51,275.04],[729.05,274.87]]",702,274,730,317,633.38,43.50,19.71,28.40,,,True,
aihub71761:data/raw/aihub71761/RT/ST/w00445_f0.png#1,aihub71761:data/raw/aihub71761/RT/ST/w00445_f0.png,융합불량,lack_of_fusion,401,"[[491.25,330.4],[476.78,346.81],[451.13,357.5],[443.67,360.89],[405.0,316.59],[468.59,290.23]]",405,290,492,361,3385.48,73.97,55.90,65.65,,,True,
aihub71761:data/raw/aihub71761/RT/ST/w00446_f0.png#0,aihub71761:data/raw/aihub71761/RT/ST/w00446_f0.png,기공,porosity,2011,"[[98.0,453.79],[95.11,452.01],[87.09,450.8],[68.73,425.0],[67.38,416.87],[85.68,402.09],[87.87,400.89],[88.85,404.18],[107.94,408.87],[108.52,410.84]]",67,400,109,454,1319.70,48.97,38.52,40.99,,,True,
aihub71761:data/raw/aihub71761/RT/ST/w00447_f0.png#0,aihub71761:data/raw/aihub71761/RT/ST/w00447_f0.png,기공,porosity,2011,"[[549.0,487.68],[515.21,500.37],[515.33,496.11],[492.69,483.54],[480.1,445.64],[488.03,422.66],[518.55,404.63],[524.34,404.92]]",480,404,549,501,4155.48,90.80,54.03,72.74,,,True,
aihub71761:data/raw/aihub71761/RT/ST/w00448_f0.png#0,aihub71761:data/raw/aihub71761/RT/ST/w00448_f0.png,기공,porosity,2011,"[[1043.81,396.01],[1034.6,403.4],[1025.15,403.01],[1014.61,394.89],[1016.71,390.23],[1016.01,388.91],[1014.17,384.29],[1047.02,377.21]]",1014,377,1048,404,589.55,35.41,22.99,27.40,,,True,
aihub71761:data/raw/aihub71761/RT/ST/w00449_f0.png#0,aihub71761:data/raw/aihub71761/RT/ST/w00449_f0.png,기공,porosity,2011,"[[951.1,122.54],[933.8,130.16],[923.03,122.63],[919.97,115.33],[916.66,112.41],[937.51,100.08],[939.01,98.9],[942.87,98.13],[949.51,104.21]]",916,98,952,131,691.37,32.35,26.49,29.67,,,True,
aihub71761:data/raw/aihub71761/RT/ST/w00450_f0.png#0,aihub71761:data/raw/aihub71761/RT/ST/w00450_f0.png,기공,porosity,2011,"[[1039.03,323.94],[993.51,335.84],[992.41,321.73],[994.73,311.82],[992.62,305.93],[995.71,307.63],[1007.68,301.27]]",992,301,1040,336,902.68,47.05,29.86,33.90,,,True,
aihub71761:data/raw/aihub71761/RT/ST/w00452_f0.png#0,aihub71761:data/raw/aihub71761/RT/ST/w00452_f0.png,기공,porosity,2011,"[[543.19,599.24],[539.3,606.15],[518.13,596.77],[519.71,586.27],[533.01,575.93],[541.63,583.15],[544.81,585.86]]",518,575,545,607,519.73,26.72,25.08,25.72,,,True,
aihub71761:data/raw/aihub71761/RT/ST/w00453_f0.png#0,aihub71761:data/raw/aihub71761/RT/ST/w00453_f0.png,기공,porosity,2011,"[[1165.92,264.26],[1123.96,246.17],[1121.42,247.53],[1108.53,209.61],[1135.3,186.86],[1185.68,206.02],[1193.42,208.09]]",1108,186,1194,265,3970.90,78.93,62.25,71.10,,,True,
aihub71761:data/raw/aihub71761/RT/ST/w00454_f0.png#0,aihub71761:data/raw/aihub71761/RT/ST/w00454_f0.png,기공,porosity,2011,"[[884.28,156.56],[826.77,126.88],[825.54,120.2],[838.23,104.35],[875.92,70.55],[884.79,78.26],[892.68,79.75],[905.61,96.09],[913.72,98.73],[914.86,103.62]]",825,70,915,157,4234.20,73.78,69.05,73.42,,,True,
aihub71761:data/raw/aihub71761/RT/ST/w00454_f0.png#1,aihub71761:data/raw/aihub71761/RT/ST/w00454_f0.png,슬래그혼입,slag_inclusion,301,"[[359.2,389.17],[361.24,391.14],[362.65,401.06],[320.29,426.19],[301.34,354.73],[344.02,349.12],[367.42,367.61],[365.28,368.85],[359.87,376.72]]",301,349,368,427,3221.41,73.93,60.57,64.04,,,True,
aihub71761:data/raw/aihub71761/RT/ST/w00460_f0.png#0,aihub71761:data/raw/aihub71761/RT/ST/w00460_f0.png,기공,porosity,2011,"[[1135.48,450.02],[1072.69,456.51],[1069.42,453.36],[1103.94,391.62],[1119.08,396.34],[1129.19,395.45],[1144.79,426.64]]",1069,391,1145,457,3064.99,80.87,56.03,62.47,,,True,
aihub71761:data/raw/aihub71761/RT/ST/w00461_f0.png#0,aihub71761:data/raw/aihub71761/RT/ST/w00461_f0.png,기공,porosity,2011,"[[685.85,79.87],[660.05,82.97],[660.56,79.7],[661.07,73.48],[663.95,71.11],[671.85,65.32],[679.66,67.2],[681.77,71.96]]",660,65,686,83,298.95,25.99,16.12,19.51,,,True,
aihub71761:data/raw/aihub71761/RT/ST/w00462_f0.png#0,aihub71761:data/raw/aihub71761/RT/ST/w00462_f0.png,기공,porosity,2011,"[[441.27,541.66],[452.74,515.61],[458.25,512.14],[461.17,515.15],[467.93,517.65],[476.83,528.77]]",441,512,477,542,490.07,37.82,21.97,24.98,,,True,
aihub71761:data/raw/aihub71761/RT/ST/w00465_f0.png#0,aihub71761:data/raw/aihub71761/RT/ST/w00465_f0.png,융합불량,lack_of_fusion,401,"[[708.05,381.72],[694.47,392.15],[693.35,391.27],[672.42,360.86],[693.99,345.58],[696.13,344.98],[715.49,363.15]]",672,344,716,393,1122.70,38.28,34.32,37.81,,,True,
aihub71761:data/raw/aihub71761/RT/ST/w00467_f0.png#0,aihub71761:data/raw/aihub71761/RT/ST/w00467_f0.png,기공,porosity,2011,"[[483.21,672.13],[464.87,695.51],[458.4,690.89],[455.24,687.01],[437.84,659.46],[480.37,652.78],[486.36,653.71],[490.38,662.13],[490.61,663.48]]",437,652,491,696,1244.39,44.91,44.09,39.80,,,True,
aihub71761:data/raw/aihub71761/RT/ST/w00468_f0.png#0,aihub71761:data/raw/aihub71761/RT/ST/w00468_f0.png,기공,porosity,2011,"[[481.63,618.69],[478.75,620.5],[478.77,620.82],[478.18,620.05],[474.6,618.66],[473.1,612.16],[473.81,611.54],[479.37,611.56]]",473,611,482,621,53.67,10.34,6.69,8.27,,,True,
aihub71761:data/raw/aihub71761/RT/ST/w00469_f0.png#0,aihub71761:data/raw/aihub71761/RT/ST/w00469_f0.png,슬래그혼입,slag_inclusion,301,"[[746.75,466.95],[746.68,467.57],[744.6,469.75],[740.22,471.45],[735.23,469.11],[735.97,467.61],[734.64,467.37],[734.52,461.84],[750.36,459.01],[749.01,459.87],[748.94,460.16]]",734,459,751,472,120.87,16.95,10.46,12.41,,,True,
aihub71761:data/raw/aihub71761/RT/ST/w00470_f0.png#0,aihub71761:data/raw/aihub71761/RT/ST/w00470_f0.png,기공,porosity,2011,"[[558.69,460.36],[553.63,485.47],[533.77,492.84],[532.45,489.6],[483.92,475.55],[528.27,405.69],[546.79,423.08]]",483,405,559,493,3702.97,82.75,64.17,68.66,,,True,
aihub71761:data/raw/aihub71761/RT/ST/w00471_f0.png#0,aihub71761:data/raw/aihub71761/RT/ST/w00471_f0.png,기공,porosity,2011,"[[308.81,508.12],[310.51,512.17],[284.59,518.2],[281.97,527.76],[244.37,491.95],[245.5,489.17],[255.69,459.39],[261.09,456.9]]",244,456,311,528,2140.50,75.99,36.13,52.21,,,True,
aihub71761:data/raw/aihub71761/RT/ST/w00472_f0.png#0,aihub71761:data/raw/aihub71761/RT/ST/w00472_f0.png,융합불량,lack_of_fusion,401,"[[1022.7,237.32],[1014.15,241.73],[1010.95,235.36],[1008.88,235.71],[994.99,230.75],[985.9,217.9],[983.57,217.86],[983.44,213.97],[986.38,194.23],[1023.38,192.26],[1032.0,202.89]]",983,192,1032,242,1707.01,50.17,46.30,46.62,,,True,
aihub71761:data/raw/aihub71761/RT/ST/w00472_f1.png#0,aihub71761:data/raw/aihub71761/RT/ST/w00472_f1.png,융합불량,lack_of_fusion,401,"[[154.21,689.44],[130.58,687.53],[93.67,683.96],[92.99,676.68],[88.37,662.92],[98.06,622.02],[103.14,621.43],[98.93,614.65],[118.9,608.5],[126.75,611.38]]",88,608,155,690,3493.45,88.90,55.29,66.69,,,True,
aihub71761:data/raw/aihub71761/RT/ST/w00472_f2.png#0,aihub71761:data/raw/aihub71761/RT/ST/w00472_f2.png,융합불량,lack_of_fusion,401,"[[324.5,462.1],[245.14,434.05],[253.95,419.19],[247.82,399.11],[273.45,382.39],[295.03,378.29],[305.39,387.17]]",245,378,325,463,4006.28,89.85,69.97,71.42,,,True,
aihub71761:data/raw/aihub71761/RT/ST/w00472_f3.png#0,aihub71761:data/raw/aihub71761/RT/ST/w00472_f3.png,융합불량,lack_of_fusion,401,"[[953.61,361.75],[945.52,366.58],[945.26,366.63],[945.17,366.63],[941.58,364.61],[938.9,356.18],[952.64,352.51]]",938,352,954,367,137.73,14.22,11.76,13.24,,,True,
aihub71761:data/raw/aihub71761/RT/ST/w00473_f0.png#0,aihub71761:data/raw/aihub71761/RT/ST/w00473_f0.png,융합불량,lack_of_fusion,401,"[[625.24,393.6],[624.53,392.94],[630.29,393.93],[631.42,383.07],[638.92,383.62],[665.68,393.92]]",630,383,666,394,218.30,35.36,10.58,16.67,,,True,self_intersect;multipart_largest_kept
aihub71761:data/raw/aihub71761/RT/ST/w00473_f0.png#1,aihub71761:data/raw/aihub71761/RT/ST/w00473_f0.png,기공,porosity,2011,"[[537.67,250.62],[530.72,262.12],[527.44,261.51],[513.34,265.95],[501.68,252.36],[514.29,235.86],[531.3,236.87]]",501,235,538,266,729.41,34.01,29.00,30.47,,,True,
aihub71761:data/raw/aihub71761/RT/ST/w00474_f0.png#0,aihub71761:data/raw/aihub71761/RT/ST/w00474_f0.png,기공,porosity,2011,"[[217.3,346.01],[216.43,346.38],[212.9,345.77],[210.54,345.01],[214.22,336.59],[219.86,338.86]]",210,336,220,347,55.68,9.19,6.64,8.42,,,True,
aihub71761:data/raw/aihub71761/RT/ST/w00475_f0.png#0,aihub71761:data/raw/aihub71761/RT/ST/w00475_f0.png,융합불량,lack_of_fusion,401,"[[656.54,446.88],[641.53,431.4],[643.64,391.96],[675.28,368.66],[689.49,368.46],[710.66,384.6],[724.03,398.36]]",641,368,725,447,3770.00,86.27,52.57,69.28,,,True,
aihub71761:data/raw/aihub71761/RT/ST/w00476_f0.png#0,aihub71761:data/raw/aihub71761/RT/ST/w00476_f0.png,슬래그혼입,slag_inclusion,301,"[[1087.51,238.76],[1058.82,242.02],[1053.56,239.31],[1049.33,231.74],[1040.9,212.19],[1057.09,194.38],[1080.1,187.09],[1082.34,183.68],[1094.62,194.38],[1104.31,190.81],[1106.3,202.46]]",1040,183,1107,243,2501.29,66.73,52.73,56.43,,,True,
aihub71761:data/raw/aihub71761/RT/ST/w00477_f0.png#0,aihub71761:data/raw/aihub71761/RT/ST/w00477_f0.png,기공,porosity,2011,"[[558.8,289.03],[554.74,285.82],[516.85,247.55],[523.63,244.63],[526.97,230.51],[542.67,222.36],[543.19,211.86],[596.58,222.97],[598.51,230.44],[604.55,237.59],[595.68,247.0]]",516,211,605,290,3716.51,74.77,62.95,68.79,,,True,
aihub71761:data/raw/aihub71761/RT/ST/w00478_f0.png#0,aihub71761:data/raw/aihub71761/RT/ST/w00478_f0.png,균열,crack,100,"[[900.32,46.06],[900.76,47.18],[894.91,52.7],[889.92,51.48],[888.67,49.49],[887.76,45.37],[894.83,38.83],[895.06,40.28],[895.84,40.18]]",887,38,901,53,106.53,12.19,10.24,11.65,,,True,
aihub71761:data/raw/aihub71761/RT/ST/w00480_f0.png#0,aihub71761:data/raw/aihub71761/RT/ST/w00480_f0.png,기공,porosity,2011,"[[170.5,240.66],[172.33,243.39],[167.57,241.75],[162.11,246.95],[156.49,249.69],[141.54,235.33],[140.77,233.18],[147.88,222.61],[149.08,220.1],[169.09,226.11],[170.93,231.02]]",140,220,173,250,577.90,32.90,25.73,27.13,,,True,
aihub71761:data/raw/aihub71761/RT/ST/w00480_f1.png#0,aihub71761:data/raw/aihub71761/RT/ST/w00480_f1.png,기공,porosity,2011,"[[876.22,42.91],[867.5,50.62],[855.97,42.76],[850.82,36.83],[867.74,21.89],[874.42,23.59],[883.06,34.21]]",850,21,884,51,516.45,26.52,21.38,25.64,,,True,
aihub71761:data/raw/aihub71761/RT/ST/w00480_f2.png#0,aihub71761:data/raw/aihub71761/RT/ST/w00480_f2.png,기공,porosity,2011,"[[629.88,360.31],[626.8,380.33],[608.49,372.73],[582.27,385.07],[559.01,326.29],[556.57,307.98],[586.56,284.75],[634.77,306.47]]",556,284,635,386,5507.47,99.30,77.92,83.74,,,True,
aihub71761:data/raw/aihub71761/RT/ST/w00480_f3.png#0,aihub71761:data/raw/aihub71761/RT/ST/w00480_f3.png,기공,porosity,2011,"[[115.19,172.64],[101.83,189.49],[77.45,177.89],[75.26,174.87],[81.35,160.67],[90.36,147.0]]",75,147,116,190,907.56,35.39,32.23,33.99,,,True,
aihub71761:data/raw/aihub71761/RT/ST/w00481_f0.png#0,aihub71761:data/raw/aihub71761/RT/ST/w00481_f0.png,균열,crack,100,"[[205.85,98.66],[199.91,102.34],[195.95,104.57],[188.59,105.26],[184.23,107.96],[182.27,111.6],[166.3,99.37],[164.74,98.66],[160.64,94.38],[149.39,73.66],[151.6,69.47]]",149,69,206,112,920.15,61.60,22.57,34.23,,,True,
aihub71761:data/raw/aihub71761/RT/ST/w00481_f0.png#1,aihub71761:data/raw/aihub71761/RT/ST/w00481_f0.png,기공,porosity,2011,"[[62.07,447.28],[52.7,450.59],[55.08,456.1],[27.92,437.22],[31.08,427.76],[31.26,423.91],[38.2,420.39],[46.06,414.83],[46.88,415.91],[67.38,436.37]]",27,414,68,457,873.01,38.64,28.74,33.34,,,True,
aihub71761:data/raw/aihub71761/RT/ST/w00483_f0.png#0,aihub71761:data/raw/aihub71761/RT/ST/w00483_f0.png,기공,porosity,2011,"[[1171.84,468.41],[1170.35,466.89],[1161.27,460.71],[1151.59,453.99],[1147.97,448.45],[1146.75,447.98],[1163.31,424.4],[1165.55,426.62],[1188.18,433.62],[1190.83,442.74]]",1146,424,1191,469,1095.62,37.82,33.06,37.35,,,True,
aihub71761:data/raw/aihub71761/RT/ST/w00484_f0.png#0,aihub71761:data/raw/aihub71761/RT/ST/w00484_f0.png,기공,porosity,2011,"[[939.81,404.8],[939.43,405.58],[938.35,406.37],[935.29,410.15],[930.99,410.29],[926.03,402.58],[926.51,402.56],[930.22,397.71],[936.9,399.08],[937.72,400.77]]",926,397,940,411,112.79,13.21,11.04,11.98,,,True,
aihub71761:data/raw/aihub71761/RT/ST/w00484_f1.png#0,aihub71761:data/raw/aihub71761/RT/ST/w00484_f1.png,기공,porosity,2011,"[[598.24,613.19],[595.95,631.19],[581.55,635.89],[559.96,641.89],[530.86,606.41],[598.2,600.17],[604.63,601.83]]",530,600,605,642,1896.20,73.88,38.01,49.14,,,True,
aihub71761:data/raw/aihub71761/RT/ST/w00484_f2.png#0,aihub71761:data/raw/aihub71761/RT/ST/w00484_f2.png,기공,porosity,2011,"[[413.7,669.68],[406.88,684.46],[338.27,676.12],[344.57,666.6],[343.83,661.54],[345.26,647.73],[370.22,627.49],[391.59,629.61]]",338,627,414,685,2907.52,74.10,52.60,60.84,,,True,
aihub71761:data/raw/aihub71761/RT/ST/w00484_f3.png#0,aihub71761:data/raw/aihub71761/RT/ST/w00484_f3.png,기공,porosity,2011,"[[767.07,173.64],[764.88,176.63],[754.66,174.69],[754.15,166.91],[763.85,163.58],[765.6,161.63],[765.74,162.77],[768.16,164.62],[769.48,165.63]]",754,161,770,177,150.47,14.87,14.82,13.84,,,True,
aihub71761:data/raw/aihub71761/RT/ST/w00485_f0.png#0,aihub71761:data/raw/aihub71761/RT/ST/w00485_f0.png,기공,porosity,2011,"[[182.09,96.94],[173.63,108.83],[170.32,114.06],[127.75,71.72],[136.45,56.26],[148.44,53.93],[150.51,51.57],[153.27,44.06],[190.73,76.6]]",127,44,191,115,2224.88,63.47,41.66,53.22,,,True,
aihub71761:data/raw/aihub71761/RT/ST/w00485_f1.png#0,aihub71761:data/raw/aihub71761/RT/ST/w00485_f1.png,기공,porosity,2011,"[[748.1,452.88],[687.37,473.53],[661.37,435.8],[657.7,428.63],[692.63,391.92],[706.13,382.59],[714.01,392.07]]",657,382,749,474,4524.78,81.84,67.30,75.90,,,True,
aihub71761:data/raw/aihub71761/RT/ST/w00486_f0.png#0,aihub71761:data/raw/aihub71761/RT/ST/w00486_f0.png,기공,porosity,2011,"[[944.0,147.15],[942.63,147.56],[930.17,146.59],[926.75,135.42],[941.27,128.38],[941.56,129.03]]",926,128,944,148,227.22,19.19,15.53,17.01,,,True,
aihub71761:data/raw/aihub71761/RT/ST/w00487_f0.png#0,aihub71761:data/raw/aihub71761/RT/ST/w00487_f0.png,기공,porosity,2011,"[[1072.23,620.01],[1064.74,629.76],[1059.96,632.14],[1059.12,633.45],[1047.29,636.3],[1046.54,629.0],[1045.6,628.1],[1040.15,600.08],[1042.83,600.89],[1047.66,598.35],[1048.99,598.04]]",1040,598,1073,637,695.76,37.13,27.71,29.76,,,True,
aihub71761:data/raw/aihub71761/RT/ST/w00488_f0.png#0,aihub71761:data/raw/aihub71761/RT/ST/w00488_f0.png,기공,porosity,2011,"[[580.64,684.3],[563.35,680.84],[536.41,667.42],[530.72,665.16],[531.55,654.06],[524.63,648.91],[557.14,622.65],[562.15,619.2],[580.15,619.55],[581.84,619.45]]",524,619,582,685,2521.19,64.86,56.66,56.66,,,True,
aihub71761:data/raw/aihub71761/RT/ST/w00488_f1.png#0,aihub71761:data/raw/aihub71761/RT/ST/w00488_f1.png,기공,porosity,2011,"[[345.07,211.05],[288.9,243.18],[268.65,234.42],[269.73,232.0],[266.14,207.72],[286.66,175.05],[291.97,172.2],[346.37,176.68],[342.79,191.5]]",266,172,347,244,3991.61,78.94,70.99,71.29,,,True,
aihub71761:data/raw/aihub71761/RT/ST/w00488_f2.png#0,aihub71761:data/raw/aihub71761/RT/ST/w00488_f2.png,기공,porosity,2011,"[[1076.58,499.92],[1061.7,487.01],[1055.68,476.82],[1063.4,450.25],[1063.97,448.63],[1061.63,445.24],[1102.77,432.83],[1119.43,444.17]]",1055,432,1120,500,2314.86,70.31,45.18,54.29,,,True,
aihub71761:data/raw/aihub71761/RT/ST/w00489_f0.png#0,aihub71761:data/raw/aihub71761/RT/ST/w00489_f0.png,기공,porosity,2011,"[[325.5,472.58],[321.25,492.49],[319.98,500.78],[284.18,513.38],[260.27,492.1],[279.35,430.73],[299.43,435.0],[318.19,459.47]]",260,430,326,514,3562.98,79.37,59.59,67.35,,,True,
aihub71761:data/raw/aihub71761/RT/ST/w00491_f0.png#0,aihub71761:data/raw/aihub71761/RT/ST/w00491_f0.png,기공,porosity,2011,"[[772.68,100.78],[740.9,102.73],[742.8,101.05],[745.12,88.51],[752.76,79.25],[758.22,83.89],[767.4,83.24]]",740,79,773,103,481.14,31.84,22.71,24.75,,,True,
aihub71761:data/raw/aihub71761/RT/ST/w00492_f0.png#0,aihub71761:data/raw/aihub71761/RT/ST/w00492_f0.png,기공,porosity,2011,"[[733.54,358.78],[729.34,361.69],[704.82,349.41],[701.14,346.58],[704.87,335.92],[711.05,327.43],[720.05,324.11],[728.12,321.83],[731.93,323.36],[745.03,333.98],[741.88,341.25]]",701,321,746,362,1098.73,35.87,35.43,37.40,,,True,
aihub71761:data/raw/aihub71761/RT/ST/w00492_f1.png#0,aihub71761:data/raw/aihub71761/RT/ST/w00492_f1.png,기공,porosity,2011,"[[1108.53,436.57],[1092.54,437.23],[1085.04,439.51],[1069.46,400.42],[1083.09,390.19],[1099.45,385.07],[1112.03,382.96],[1122.03,396.92]]",1069,382,1123,440,1982.98,52.50,50.13,50.25,,,True,
aihub71761:data/raw/aihub71761/RT/ST/w00492_f2.png#0,aihub71761:data/raw/aihub71761/RT/ST/w00492_f2.png,기공,porosity,2011,"[[939.83,453.24],[910.34,464.84],[892.17,459.38],[886.33,443.34],[901.55,421.96],[902.45,422.1],[912.13,416.62],[912.18,414.71],[932.9,416.73],[937.93,422.95]]",886,414,940,465,1966.73,55.92,45.98,50.04,,,True,
aihub71761:data/raw/aihub71761/RT/ST/w00492_f3.png#0,aihub71761:data/raw/aihub71761/RT/ST/w00492_f3.png,기공,porosity,2011,"[[426.94,372.5],[421.3,378.52],[407.79,382.52],[402.56,375.7],[381.76,352.69],[408.06,322.33],[425.96,336.77]]",381,322,427,383,1693.70,47.12,46.48,46.44,,,True,
aihub71761:data/raw/aihub71761/RT/ST/w00493_f0.png#0,aihub71761:data/raw/aihub71761/RT/ST/w00493_f0.png,융합불량,lack_of_fusion,401,"[[619.35,292.03],[618.94,294.14],[620.58,300.79],[611.98,311.69],[589.51,324.53],[561.57,314.31],[573.82,250.74],[576.37,243.55],[592.07,248.69],[617.06,251.9]]",561,243,621,325,3505.61,77.03,55.39,66.81,,,True,
aihub71761:data/raw/aihub71761/RT/ST/w00494_f0.png#0,aihub71761:data/raw/aihub71761/RT/ST/w00494_f0.png,기공,porosity,2011,"[[1048.17,511.25],[1047.42,514.58],[1031.07,529.16],[1031.02,526.85],[1016.67,521.86],[1015.99,506.8],[1048.44,505.15]]",1015,505,1049,530,536.22,32.58,23.10,26.13,,,True,
aihub71761:data/raw/aihub71761/RT/ST/w00495_f0.png#0,aihub71761:data/raw/aihub71761/RT/ST/w00495_f0.png,기공,porosity,2011,"[[1114.44,498.58],[1096.61,521.99],[1071.8,521.98],[1071.13,522.94],[1056.75,512.16],[1052.06,495.68],[1075.26,456.59],[1082.92,458.57],[1085.56,458.86],[1109.95,487.95]]",1052,456,1115,523,2681.12,59.93,56.54,58.43,,,True,
aihub71761:data/raw/aihub71761/RT/ST/w00496_f0.png#0,aihub71761:data/raw/aihub71761/RT/ST/w00496_f0.png,기공,porosity,2011,"[[366.79,706.49],[363.13,711.23],[359.27,714.67],[358.07,713.22],[354.16,713.04],[352.54,705.44],[351.37,703.85],[357.74,700.25],[361.26,699.66],[366.04,702.95]]",351,699,367,715,148.21,14.30,14.24,13.74,,,True,
aihub71761:data/raw/aihub71761/RT/ST/w00497_f0.png#0,aihub71761:data/raw/aihub71761/RT/ST/w00497_f0.png,기공,porosity,2011,"[[832.23,246.49],[827.48,259.54],[810.79,276.29],[807.5,278.41],[784.66,286.58],[759.36,265.08],[750.21,271.02],[742.94,258.22],[811.14,206.22]]",742,206,833,287,3781.70,87.74,55.51,69.39,,,True,
aihub71761:data/raw/aihub71761/RT/ST/w00498_f0.png#0,aihub71761:data/raw/aihub71761/RT/ST/w00498_f0.png,기공,porosity,2011,"[[138.95,234.45],[113.13,242.01],[112.82,254.48],[99.55,241.74],[72.71,240.48],[65.6,239.84],[61.06,223.0],[98.85,150.42],[126.72,156.49],[141.15,163.89],[140.51,182.66]]",61,150,142,255,5542.19,97.71,77.79,84.00,,,True,
aihub71761:data/raw/aihub71761/RT/ST/w00499_f0.png#0,aihub71761:data/raw/aihub71761/RT/ST/w00499_f0.png,기공,porosity,2011,"[[295.4,203.05],[247.45,202.93],[233.54,174.71],[239.79,163.46],[248.76,147.2],[293.81,150.44]]",233,147,296,204,2924.40,61.93,55.73,61.02,,,True,
aihub71761:data/raw/aihub71761/RT/ST/w00501_f0.png#0,aihub71761:data/raw/aihub71761/RT/ST/w00501_f0.png,기공,porosity,2011,"[[722.15,417.48],[667.65,434.8],[643.66,419.38],[645.65,365.28],[654.18,366.22],[661.8,356.97],[687.82,353.89],[714.45,363.21],[727.4,360.36],[741.59,382.97],[741.19,383.59]]",643,353,742,435,5838.56,96.53,81.60,86.22,,,True,
aihub71761:data/raw/aihub71761/RT/ST/w00501_f1.png#0,aihub71761:data/raw/aihub71761/RT/ST/w00501_f1.png,기공,porosity,2011,"[[955.18,141.41],[948.11,138.26],[942.59,138.79],[940.32,134.29],[931.2,118.41],[929.84,117.4],[941.25,107.51],[944.43,101.13]]",929,101,956,142,457.40,41.69,18.29,24.13,,,True,
aihub71761:data/raw/aihub71761/RT/ST/w00501_f2.png#0,aihub71761:data/raw/aihub71761/RT/ST/w00501_f2.png,기공,porosity,2011,"[[210.6,377.91],[206.46,380.44],[204.79,379.51],[204.67,387.12],[167.25,369.76],[172.2,358.19],[170.06,347.46],[191.31,339.73],[192.19,342.3]]",167,339,211,388,1133.91,51.01,35.02,38.00,,,True,
aihub71761:data/raw/aihub71761/RT/ST/w00504_f0.png#0,aihub71761:data/raw/aihub71761/RT/ST/w00504_f0.png,기공,porosity,2011,"[[621.14,347.28],[605.81,368.28],[584.41,365.08],[584.09,356.45],[578.61,352.29],[580.46,349.62],[576.13,337.04],[577.44,336.09],[580.88,329.87],[598.75,326.3],[614.99,339.17]]",576,326,622,369,1262.78,42.78,39.78,40.10,,,True,
aihub71761:data/raw/aihub71761/RT/ST/w00505_f0.png#0,aihub71761:data/raw/aihub71761/RT/ST/w00505_f0.png,슬래그혼입,slag_inclusion,301,"[[569.97,232.52],[569.62,232.6],[565.08,214.69],[572.73,206.16],[581.26,212.05],[582.24,211.64]]",565,206,583,233,220.64,24.46,13.25,16.76,,,True,
aihub71761:data/raw/aihub71761/RT/ST/w00505_f1.png#0,aihub71761:data/raw/aihub71761/RT/ST/w00505_f1.png,슬래그혼입,slag_inclusion,301,"[[548.81,183.14],[521.85,150.36],[516.97,141.66],[572.77,90.96],[598.86,112.22],[597.99,114.24],[601.56,116.78],[599.73,126.16]]",516,90,602,184,3850.74,84.73,52.11,70.02,,,True,
aihub71761:data/raw/aihub71761/RT/ST/w00506_f0.png#0,aihub71761:data/raw/aihub71761/RT/ST/w00506_f0.png,기공,porosity,2011,"[[955.65,415.07],[926.05,418.12],[925.26,404.81],[934.15,386.06],[959.44,389.81],[959.91,401.55],[962.59,402.4]]",925,386,963,419,903.33,37.96,31.06,33.91,,,True,
aihub71761:data/raw/aihub71761/RT/ST/w00508_f0.png#0,aihub71761:data/raw/aihub71761/RT/ST/w00508_f0.png,기공,porosity,2011,"[[649.63,193.17],[649.0,198.4],[639.6,201.6],[631.89,174.52],[636.03,169.36],[649.9,178.98],[655.33,181.54]]",631,169,656,202,414.83,31.99,20.62,22.98,,,True,
aihub71761:data/raw/aihub71761/RT/ST/w00509_f0.png#0,aihub71761:data/raw/aihub71761/RT/ST/w00509_f0.png,융합불량,lack_of_fusion,401,"[[1204.52,613.32],[1191.44,620.31],[1171.41,617.04],[1170.33,615.58],[1152.71,596.29],[1150.72,590.6],[1148.65,578.69],[1169.74,563.63],[1206.9,563.81],[1213.02,584.88],[1218.51,585.17]]",1148,563,1219,621,2856.42,63.12,60.27,60.31,,,True,
aihub71761:data/raw/aihub71761/RT/ST/w00512_f0.png#0,aihub71761:data/raw/aihub71761/RT/ST/w00512_f0.png,융합불량,lack_of_fusion,401,"[[1141.84,78.37],[1104.36,97.31],[1096.39,92.97],[1092.28,90.52],[1082.41,71.82],[1087.53,66.97],[1086.18,59.44],[1087.8,47.98],[1130.05,55.11],[1144.54,71.02]]",1082,47,1145,98,1981.83,61.13,45.89,50.23,,,True,
aihub71761:data/raw/aihub71761/RT/ST/w00512_f1.png#0,aihub71761:data/raw/aihub71761/RT/ST/w00512_f1.png,융합불량,lack_of_fusion,401,"[[639.8,341.08],[597.12,309.18],[599.18,301.51],[620.52,288.55],[627.21,283.8],[637.34,294.16]]",597,283,640,342,1328.37,56.23,38.34,41.13,,,True,
aihub71761:data/raw/aihub71761/RT/ST/w00512_f2.png#0,aihub71761:data/raw/aihub71761/RT/ST/w00512_f2.png,융합불량,lack_of_fusion,401,"[[377.69,483.48],[336.18,508.92],[312.31,485.01],[306.64,477.44],[325.44,418.84],[364.59,419.82],[374.39,430.18],[377.58,439.94]]",306,418,378,509,4742.93,89.78,71.18,77.71,,,True,
aihub71761:data/raw/aihub71761/RT/ST/w00514_f0.png#0,aihub71761:data/raw/aihub71761/RT/ST/w00514_f0.png,기공,porosity,2011,"[[256.35,278.98],[256.41,284.18],[217.72,287.78],[212.04,280.15],[213.19,268.03],[221.68,262.07],[232.96,256.07],[242.49,255.13],[245.15,257.83]]",212,255,257,288,1048.56,44.23,30.21,36.54,,,True,
aihub71761:data/raw/aihub71761/RT/ST/w00519_f0.png#0,aihub71761:data/raw/aihub71761/RT/ST/w00519_f0.png,융합불량,lack_of_fusion,401,"[[329.56,48.48],[315.47,54.37],[312.96,52.6],[313.35,43.05],[317.5,38.59],[319.5,38.75],[325.62,40.44],[328.74,41.79],[327.62,42.78]]",312,38,330,55,181.67,18.73,13.78,15.21,,,True,
aihub71761:data/raw/aihub71761/RT/ST/w00519_f0.png#1,aihub71761:data/raw/aihub71761/RT/ST/w00519_f0.png,기공,porosity,2011,"[[1120.52,154.21],[1118.27,171.1],[1102.36,183.79],[1099.08,183.8],[1091.99,125.55],[1106.48,132.67]]",1091,125,1121,184,1003.92,59.07,24.86,35.75,,,True,
aihub71761:data/raw/aihub71761/RT/ST/w00522_f0.png#0,aihub71761:data/raw/aihub71761/RT/ST/w00522_f0.png,융합불량,lack_of_fusion,401,"[[945.97,141.34],[916.94,173.6],[903.15,178.08],[898.74,176.16],[887.71,171.84],[879.89,164.56],[866.43,108.51],[873.91,110.16],[868.81,105.7],[875.87,91.94],[942.6,125.55]]",866,91,946,179,4178.28,85.81,66.03,72.94,,,True,
aihub71761:data/raw/aihub71761/RT/ST/w00523_f0.png#0,aihub71761:data/raw/aihub71761/RT/ST/w00523_f0.png,기공,porosity,2011,"[[277.85,397.8],[276.34,397.99],[260.2,392.32],[262.53,388.59],[263.52,387.75],[270.33,386.94],[273.32,390.44],[276.15,389.9],[278.26,395.78]]",260,386,279,398,114.18,18.47,8.43,12.06,,,True,
aihub71761:data/raw/aihub71761/RT/ST/w00524_f0.png#0,aihub71761:data/raw/aihub71761/RT/ST/w00524_f0.png,기공,porosity,2011,"[[1261.23,577.65],[1258.88,579.14],[1238.38,572.76],[1236.19,566.0],[1238.52,561.19],[1248.35,554.12]]",1236,554,1262,580,329.62,27.00,17.70,20.49,,,True,
aihub71761:data/raw/aihub71761/RT/ST/w00526_f0.png#0,aihub71761:data/raw/aihub71761/RT/ST/w00526_f0.png,슬래그혼입,slag_inclusion,301,"[[238.08,75.16],[231.99,85.02],[230.1,83.38],[212.73,67.38],[213.54,66.31],[217.24,60.69],[221.2,59.63],[223.71,63.05],[226.49,59.69],[232.54,68.19]]",212,59,239,86,320.42,27.33,14.98,20.20,,,True,
aihub71761:data/raw/aihub71761/RT/ST/w00527_f0.png#0,aihub71761:data/raw/aihub71761/RT/ST/w00527_f0.png,기공,porosity,2011,"[[70.39,432.71],[50.76,454.23],[47.37,451.05],[44.14,451.1],[15.75,436.36],[17.08,434.48],[14.59,434.15],[15.38,417.99],[32.62,401.4],[33.66,398.99],[72.88,427.15]]",14,398,73,455,1850.55,53.27,40.80,48.54,,,True,
aihub71761:data/raw/aihub71761/RT/ST/w00527_f1.png#0,aihub71761:data/raw/aihub71761/RT/ST/w00527_f1.png,기공,porosity,2011,"[[465.71,484.9],[466.93,486.85],[454.37,502.53],[427.71,499.73],[421.39,496.28],[439.95,446.05],[458.74,456.59],[466.34,466.47],[466.34,468.95]]",421,446,467,503,1695.77,54.59,39.45,46.47,,,True,
aihub71761:data/raw/aihub71761/RT/ST/w00527_f2.png#0,aihub71761:data/raw/aihub71761/RT/ST/w00527_f2.png,기공,porosity,2011,"[[1002.43,199.51],[972.63,211.87],[969.52,210.42],[964.86,171.29],[969.92,162.08],[974.98,159.92],[989.83,164.5],[1003.17,173.14]]",964,159,1004,212,1494.52,51.31,37.82,43.62,,,True,
aihub71761:data/raw/aihub71761/RT/ST/w00531_f0.png#0,aihub71761:data/raw/aihub71761/RT/ST/w00531_f0.png,기공,porosity,2011,"[[639.36,170.02],[638.31,171.09],[622.08,186.7],[611.05,187.19],[597.09,166.88],[597.45,153.16],[596.53,150.78]]",596,150,640,188,828.23,46.95,27.26,32.47,,,True,
aihub71761:data/raw/aihub71761/RT/ST/w00535_f0.png#0,aihub71761:data/raw/aihub71761/RT/ST/w00535_f0.png,슬래그혼입,slag_inclusion,301,"[[522.63,248.76],[512.98,248.52],[502.77,263.83],[496.41,273.78],[490.65,268.52],[448.12,256.17],[425.54,244.18],[432.73,209.43],[439.32,209.34],[452.07,180.09],[523.33,203.96]]",425,180,524,274,6074.39,97.74,74.75,87.94,,,True,
aihub71761:data/raw/aihub71761/RT/ST/w00536_f0.png#0,aihub71761:data/raw/aihub71761/RT/ST/w00536_f0.png,기공,porosity,2011,"[[514.37,204.17],[507.45,216.47],[506.1,214.48],[499.19,210.59],[495.66,212.6],[491.9,213.9],[483.53,204.51],[478.11,206.29],[482.55,171.32],[520.06,180.83]]",478,171,521,217,1280.44,39.15,38.70,40.38,,,True,
aihub71761:data/raw/aihub71761/RT/ST/w00539_f0.png#0,aihub71761:data/raw/aihub71761/RT/ST/w00539_f0.png,기공,porosity,2011,"[[211.81,268.02],[167.93,271.33],[150.41,230.81],[156.2,218.78],[183.5,188.38],[185.94,195.71],[185.48,184.85],[218.9,200.46],[233.35,223.81],[235.1,224.01]]",150,184,236,272,4825.69,86.48,72.18,78.39,,,True,
aihub71761:data/raw/aihub71761/RT/ST/w00540_f0.png#0,aihub71761:data/raw/aihub71761/RT/ST/w00540_f0.png,기공,porosity,2011,"[[312.3,234.13],[309.46,255.21],[282.57,269.11],[223.11,230.81],[261.14,186.18],[262.23,191.85],[266.65,193.32],[270.96,191.25],[303.3,219.84],[310.07,229.44]]",223,186,313,270,4106.88,81.55,61.15,72.31,,,True,
aihub71761:data/raw/aihub71761/RT/ST/w00542_f0.png#0,aihub71761:data/raw/aihub71761/RT/ST/w00542_f0.png,기공,porosity,2011,"[[289.98,511.28],[284.28,518.9],[282.87,522.76],[267.57,528.72],[257.58,543.07],[252.39,540.98],[217.62,472.84],[267.42,462.65]]",217,462,290,544,3226.54,80.72,48.99,64.09,,,True,
aihub71761:data/raw/aihub71761/RT/ST/w00542_f1.png#0,aihub71761:data/raw/aihub71761/RT/ST/w00542_f1.png,기공,porosity,2011,"[[556.48,557.64],[526.78,575.5],[495.0,559.25],[489.61,523.68],[488.86,522.19],[519.09,502.73],[547.47,500.59],[562.67,512.08]]",488,500,563,576,4054.72,74.36,73.14,71.85,,,True,
aihub71761:data/raw/aihub71761/RT/ST/w00545_f0.png#0,aihub71761:data/raw/aihub71761/RT/ST/w00545_f0.png,기공,porosity,2011,"[[1016.19,583.52],[1009.99,591.4],[997.98,588.63],[971.33,557.8],[974.4,555.4],[1027.77,506.08],[1047.99,541.37],[1058.37,543.28]]",971,506,1059,592,3515.32,77.73,50.89,66.90,,,True,
aihub71761:data/raw/aihub71761/RT/ST/w00546_f0.png#0,aihub71761:data/raw/aihub71761/RT/ST/w00546_f0.png,균열,crack,100,"[[245.49,287.37],[234.95,278.5],[205.9,247.88],[247.37,193.34],[272.6,197.69],[305.68,226.26]]",205,193,306,288,4991.83,86.85,64.64,79.72,,,True,
aihub71761:data/raw/aihub71761/RT/ST/w00546_f0.png#1,aihub71761:data/raw/aihub71761/RT/ST/w00546_f0.png,융합불량,lack_of_fusion,401,"[[761.98,647.31],[748.13,628.66],[755.74,599.55],[783.73,586.54],[792.82,583.66],[810.29,588.04],[825.3,601.15]]",748,583,826,648,2611.44,78.56,42.27,57.66,,,True,
aihub71761:data/raw/aihub71761/RT/ST/w00547_f0.png#0,aihub71761:data/raw/aihub71761/RT/ST/w00547_f0.png,기공,porosity,2011,"[[72.29,664.39],[72.62,666.41],[61.68,670.21],[56.0,663.45],[57.42,655.89],[61.81,655.25],[62.61,654.08],[64.01,654.93]]",56,654,73,671,162.62,17.83,11.87,14.39,,,True,
aihub71761:data/raw/aihub71761/RT/ST/w00549_f0.png#0,aihub71761:data/raw/aihub71761/RT/ST/w00549_f0.png,기공,porosity,2011,"[[450.9,75.6],[430.23,61.4],[423.73,57.84],[421.81,56.64],[426.2,40.23],[447.02,31.24],[471.96,42.7]]",421,31,472,76,1280.36,39.87,39.06,40.38,,,True,
aihub71761:data/raw/aihub71761/RT/ST/w00551_f0.png#0,aihub71761:data/raw/aihub71761/RT/ST/w00551_f0.png,기공,porosity,2011,"[[688.6,312.48],[683.15,317.51],[671.37,319.73],[662.54,315.57],[668.86,290.11],[670.89,293.17]]",662,290,689,320,405.91,30.00,21.58,22.73,,,True,
aihub71761:data/raw/aihub71761/RT/ST/w00554_f0.png#0,aihub71761:data/raw/aihub71761/RT/ST/w00554_f0.png,균열,crack,100,"[[293.32,167.62],[289.35,172.76],[282.77,178.12],[260.43,166.45],[263.94,150.98],[275.2,148.71],[288.26,148.42],[290.85,154.12],[293.62,160.48],[292.4,160.67]]",260,148,294,179,711.67,33.75,28.87,30.10,,,True,
aihub71761:data/raw/aihub71761/RT/ST/w00554_f0.png#1,aihub71761:data/raw/aihub71761/RT/ST/w00554_f0.png,기공,porosity,2011,"[[319.45,135.46],[302.87,167.65],[290.17,169.89],[261.77,105.12],[287.9,105.29],[300.8,103.78],[304.53,113.95]]",261,103,320,170,2197.13,73.77,40.64,52.89,,,True,
aihub71761:data/raw/aihub71761/RT/ST/w00555_f0.png#0,aihub71761:data/raw/aihub71761/RT/ST/w00555_f0.png,기공,porosity,2011,"[[527.66,537.79],[533.71,538.34],[501.94,574.27],[473.64,575.9],[448.53,543.77],[479.03,500.85],[498.53,497.59],[499.26,494.2]]",448,494,534,576,4069.37,71.96,70.50,71.98,,,True,
aihub71761:data/raw/aihub71761/RT/ST/w00556_f0.png#0,aihub71761:data/raw/aihub71761/RT/ST/w00556_f0.png,균열,crack,100,"[[491.38,454.13],[462.85,454.04],[461.75,451.9],[462.77,383.35],[472.67,385.28],[493.35,387.67],[506.21,399.58],[514.09,414.42],[518.98,413.87]]",461,383,519,455,2914.37,70.68,56.66,60.92,,,True,
aihub71761:data/raw/aihub71761/RT/ST/w00558_f0.png#0,aihub71761:data/raw/aihub71761/RT/ST/w00558_f0.png,기공,porosity,2011,"[[120.81,578.96],[103.49,584.14],[83.47,583.76],[61.33,555.96],[75.9,536.82],[87.49,526.32],[120.93,526.37],[125.79,537.32]]",61,526,126,585,2851.82,64.09,58.09,60.26,,,True,
aihub71761:data/raw/aihub71761/RT/ST/w00558_f0.png#1,aihub71761:data/raw/aihub71761/RT/ST/w00558_f0.png,슬래그혼입,slag_inclusion,301,"[[1091.49,84.28],[1072.49,93.83],[1059.84,71.38],[1059.47,69.1],[1080.85,61.56],[1090.42,73.04]]",1059,61,1092,94,638.00,27.94,26.58,28.50,,,True,
aihub71761:data/raw/aihub71761/RT/ST/w00559_f0.png#0,aihub71761:data/raw/aihub71761/RT/ST/w00559_f0.png,기공,porosity,2011,"[[944.79,271.06],[943.0,273.63],[939.97,272.27],[949.35,250.05],[950.98,251.52],[950.49,255.36]]",939,250,951,274,80.56,24.19,3.97,10.13,,,True,
aihub71761:data/raw/aihub71761/RT/ST/w00560_f0.png#0,aihub71761:data/raw/aihub71761/RT/ST/w00560_f0.png,균열,crack,100,"[[69.19,373.39],[67.62,372.19],[65.42,373.13],[63.51,366.14],[68.77,361.72],[75.9,363.67]]",63,361,76,374,83.68,13.74,8.79,10.32,,,True,
aihub71761:data/raw/aihub71761/RT/ST/w00560_f0.png#1,aihub71761:data/raw/aihub71761/RT/ST/w00560_f0.png,기공,porosity,2011,"[[681.33,130.77],[659.17,118.6],[660.32,114.08],[659.54,113.39],[659.78,102.7],[665.33,104.67],[666.41,96.04],[669.43,95.58],[691.22,103.32],[694.37,112.67]]",659,95,695,131,798.86,35.12,28.82,31.89,,,True,
aihub71761:data/raw/aihub71761/RT/ST/w00561_f0.png#0,aihub71761:data/raw/aihub71761/RT/ST/w00561_f0.png,균열,crack,100,"[[94.16,202.75],[82.08,194.48],[83.12,171.7],[80.47,163.7],[101.85,156.27],[133.62,180.81]]",80,156,134,203,1445.90,51.69,40.78,42.91,,,True,
aihub71761:data/raw/aihub71761/RT/ST/w00565_f0.png#0,aihub71761:data/raw/aihub71761/RT/ST/w00565_f0.png,기공,porosity,2011,"[[827.89,708.04],[823.12,710.89],[815.09,714.02],[810.28,708.95],[804.27,703.53],[805.99,693.91],[810.8,690.63],[816.65,685.62],[817.95,686.99],[824.03,690.23]]",804,685,828,715,437.15,24.60,23.76,23.59,,,True,
aihub71761:data/raw/aihub71761/RT/ST/w00565_f0.png#1,aihub71761:data/raw/aihub71761/RT/ST/w00565_f0.png,슬래그혼입,slag_inclusion,301,"[[1271.93,224.99],[1270.21,224.86],[1267.27,225.4],[1264.1,219.0],[1264.62,217.49],[1272.83,215.02]]",1264,215,1273,226,62.19,9.51,9.29,8.90,,,True,
aihub71761:data/raw/aihub71761/RT/ST/w00568_f0.png#0,aihub71761:data/raw/aihub71761/RT/ST/w00568_f0.png,기공,porosity,2011,"[[914.81,465.49],[894.93,468.57],[892.75,467.31],[887.54,465.68],[885.0,462.47],[875.74,454.01],[881.39,434.73],[888.47,429.67],[889.26,428.81],[892.0,428.72]]",875,428,915,469,874.11,44.64,27.15,33.36,,,True,
aihub71761:data/raw/aihub71761/RT/ST/w00569_f0.png#0,aihub71761:data/raw/aihub71761/RT/ST/w00569_f0.png,기공,porosity,2011,"[[305.03,282.19],[282.82,205.56],[328.36,195.35],[340.04,199.67],[372.15,214.6],[370.78,230.76]]",282,195,373,283,4498.02,83.28,79.78,75.68,,,True,
aihub71761:data/raw/aihub71761/RT/ST/w00570_f0.png#0,aihub71761:data/raw/aihub71761/RT/ST/w00570_f0.png,융합불량,lack_of_fusion,401,"[[774.28,255.25],[768.68,249.62],[767.97,247.7],[766.74,248.33],[774.11,230.77],[781.95,230.46],[783.53,231.55],[789.99,235.74]]",766,230,790,256,304.13,25.05,15.49,19.68,,,True,
aihub71761:data/raw/aihub71761/RT/ST/w00570_f0.png#1,aihub71761:data/raw/aihub71761/RT/ST/w00570_f0.png,기공,porosity,2011,"[[557.11,156.17],[553.45,148.9],[523.65,117.71],[525.93,112.38],[533.46,109.05],[545.43,100.79],[564.56,106.25]]",523,100,565,157,1176.07,53.50,38.39,38.70,,,True,
aihub71761:data/raw/aihub71761/RT/ST/w00571_f0.png#0,aihub71761:data/raw/aihub71761/RT/ST/w00571_f0.png,기공,porosity,2011,"[[632.77,615.54],[631.36,622.6],[627.06,619.58],[622.04,620.87],[593.5,586.29],[602.67,580.4],[603.41,580.0],[610.49,576.43],[615.53,568.35]]",593,568,633,623,920.92,52.06,28.41,34.24,,,True,
aihub71761:data/raw/aihub71761/RT/ST/w00571_f1.png#0,aihub71761:data/raw/aihub71761/RT/ST/w00571_f1.png,기공,porosity,2011,"[[218.11,584.44],[186.78,610.12],[187.05,607.46],[186.51,607.33],[183.63,606.6],[164.61,589.14],[179.72,556.9],[204.89,559.63],[224.12,575.0]]",164,556,225,611,1860.74,50.75,47.18,48.67,,,True,
aihub71761:data/raw/aihub71761/RT/ST/w00571_f2.png#0,aihub71761:data/raw/aihub71761/RT/ST/w00571_f2.png,기공,porosity,2011,"[[280.54,414.28],[272.61,439.18],[267.4,441.9],[225.1,454.99],[179.84,426.8],[178.71,410.75],[206.44,367.86],[274.38,382.55],[274.88,406.16]]",178,367,281,455,6270.65,100.28,81.22,89.35,,,True,
aihub71761:data/raw/aihub71761/RT/ST/w00571_f3.png#0,aihub71761:data/raw/aihub71761/RT/ST/w00571_f3.png,기공,porosity,2011,"[[805.91,305.06],[809.09,317.04],[776.34,338.14],[734.28,312.2],[713.46,295.05],[712.42,275.67],[768.53,229.19],[776.43,244.52],[786.07,237.63],[814.07,273.28]]",712,229,815,339,6882.25,93.53,92.55,93.61,,,True,
aihub71761:data/raw/aihub71761/RT/ST/w00572_f0.png#0,aihub71761:data/raw/aihub71761/RT/ST/w00572_f0.png,융합불량,lack_of_fusion,401,"[[856.58,477.24],[853.99,476.74],[863.76,436.01],[858.85,430.27],[862.94,426.51],[872.65,429.3],[887.82,420.56],[899.12,421.54],[907.25,432.91]]",853,420,908,478,1377.52,70.31,33.99,41.88,,,True,
aihub71761:data/raw/aihub71761/RT/ST/w00573_f0.png#0,aihub71761:data/raw/aihub71761/RT/ST/w00573_f0.png,슬래그혼입,slag_inclusion,301,"[[101.23,354.58],[85.53,368.79],[85.99,370.57],[65.76,364.63],[59.58,340.1],[84.29,322.69],[89.44,329.33],[97.14,339.44],[99.94,346.65]]",59,322,102,371,1267.26,40.16,40.12,40.17,,,True,
aihub71761:data/raw/aihub71761/RT/ST/w00574_f0.png#0,aihub71761:data/raw/aihub71761/RT/ST/w00574_f0.png,융합불량,lack_of_fusion,401,"[[380.9,104.8],[361.43,114.17],[357.6,116.59],[345.91,102.75],[348.54,96.58],[356.23,83.26],[361.01,86.98],[364.55,83.4],[367.19,82.68],[382.28,91.83]]",345,82,383,117,793.34,33.97,32.26,31.78,,,True,
aihub71761:data/raw/aihub71761/RT/ST/w00575_f0.png#0,aihub71761:data/raw/aihub71761/RT/ST/w00575_f0.png,기공,porosity,2011,"[[1053.32,277.75],[1036.08,287.94],[1029.63,287.02],[1002.74,278.69],[1000.04,275.6],[985.62,253.65],[990.74,238.79],[1008.72,224.72],[1016.19,217.63],[1024.63,220.83]]",985,217,1054,288,2818.44,70.65,50.28,59.90,,,True,
aihub71761:data/raw/aihub71761/RT/ST/w00575_f1.png#0,aihub71761:data/raw/aihub71761/RT/ST/w00575_f1.png,기공,porosity,2011,"[[355.83,173.52],[355.72,175.62],[345.88,171.97],[343.63,174.1],[342.96,157.95],[346.65,155.63],[349.53,154.89],[359.04,156.23],[359.92,160.37]]",342,154,360,176,268.33,19.80,17.13,18.48,,,True,
aihub71761:data/raw/aihub71761/RT/ST/w00575_f2.png#0,aihub71761:data/raw/aihub71761/RT/ST/w00575_f2.png,기공,porosity,2011,"[[944.99,336.89],[919.94,357.17],[892.11,342.02],[887.46,341.62],[882.55,305.07],[903.25,287.59],[950.4,303.37],[946.16,318.06],[954.15,316.77],[951.02,318.96],[955.32,321.05]]",882,287,956,358,3331.95,72.54,61.68,65.13,,,True,
aihub71761:data/raw/aihub71761/RT/ST/w00576_f0.png#0,aihub71761:data/raw/aihub71761/RT/ST/w00576_f0.png,슬래그혼입,slag_inclusion,301,"[[301.38,450.63],[293.9,460.47],[263.25,482.3],[261.41,486.75],[259.8,489.45],[257.41,401.24],[269.86,410.89],[298.81,440.37]]",257,401,302,490,2074.77,88.24,42.62,51.40,,,True,
aihub71761:data/raw/aihub71761/RT/ST/w00576_f1.png#0,aihub71761:data/raw/aihub71761/RT/ST/w00576_f1.png,슬래그혼입,slag_inclusion,301,"[[1099.99,689.97],[1084.27,702.87],[1083.76,703.09],[1076.3,702.89],[1065.29,695.68],[1062.71,693.49],[1062.54,678.2],[1062.4,674.99]]",1062,674,1100,704,598.60,40.46,20.77,27.61,,,True,
aihub71761:data/raw/aihub71761/RT/ST/w00577_f0.png#0,aihub71761:data/raw/aihub71761/RT/ST/w00577_f0.png,기공,porosity,2011,"[[1249.94,544.91],[1251.75,560.32],[1237.92,565.55],[1239.84,576.11],[1192.56,570.02],[1187.93,574.01],[1182.6,511.44],[1199.99,497.24],[1212.41,503.36],[1237.85,512.42]]",1182,497,1252,577,4028.35,81.97,64.75,71.62,,,True,
aihub71761:data/raw/aihub71761/RT/ST/w00578_f0.png#0,aihub71761:data/raw/aihub71761/RT/ST/w00578_f0.png,균열,crack,100,"[[555.04,646.43],[517.22,669.41],[472.6,624.43],[526.44,577.17],[532.95,590.75],[564.79,615.29]]",472,577,565,670,4550.18,73.68,71.89,76.11,,,True,
aihub71761:data/raw/aihub71761/RT/ST/w00578_f0.png#1,aihub71761:data/raw/aihub71761/RT/ST/w00578_f0.png,기공,porosity,2011,"[[965.05,511.75],[972.11,518.9],[945.63,530.72],[920.11,544.65],[909.99,446.12],[924.87,453.13],[944.78,454.83],[965.2,478.05]]",909,446,973,545,3814.16,99.05,54.36,69.69,,,True,
aihub71761:data/raw/aihub71761/RT/ST/w00580_f0.png#0,aihub71761:data/raw/aihub71761/RT/ST/w00580_f0.png,기공,porosity,2011,"[[1083.68,374.46],[1079.23,373.71],[1074.06,381.02],[1069.42,382.7],[1024.82,353.72],[1025.16,348.64],[1042.74,336.69],[1077.67,352.2],[1076.07,354.44],[1086.49,358.49]]",1024,336,1087,383,1515.48,63.14,30.07,43.93,,,True,
aihub71761:data/raw/aihub71761/RT/ST/w00582_f0.png#0,aihub71761:data/raw/aihub71761/RT/ST/w00582_f0.png,기공,porosity,2011,"[[1231.73,214.05],[1216.54,220.82],[1135.86,194.87],[1132.53,176.3],[1150.52,170.19],[1177.3,152.29],[1189.69,148.37],[1228.45,166.85],[1233.91,188.88]]",1132,148,1234,221,4751.58,105.99,60.75,77.78,,,True,
aihub71761:data/raw/aihub71761/RT/ST/w00584_f0.png#0,aihub71761:data/raw/aihub71761/RT/ST/w00584_f0.png,균열,crack,100,"[[307.13,350.49],[287.88,354.85],[280.51,356.99],[278.0,351.63],[274.04,325.36],[272.98,322.51],[281.54,324.21],[294.21,321.0]]",272,321,308,357,791.96,35.28,28.57,31.75,,,True,
aihub71761:data/raw/aihub71761/RT/ST/w00584_f1.png#0,aihub71761:data/raw/aihub71761/RT/ST/w00584_f1.png,균열,crack,100,"[[198.06,530.73],[188.84,540.31],[176.71,547.73],[168.73,544.59],[154.48,509.84],[160.29,503.04],[167.86,498.36],[175.72,500.64],[194.81,504.8],[194.79,506.06]]",154,498,199,548,1466.87,49.04,39.23,43.22,,,True,
aihub71761:data/raw/aihub71761/RT/ST/w00584_f2.png#0,aihub71761:data/raw/aihub71761/RT/ST/w00584_f2.png,균열,crack,100,"[[522.22,182.6],[514.91,185.21],[514.47,185.8],[514.58,185.33],[511.84,180.49],[511.69,174.94],[514.3,173.86],[515.79,174.47],[521.5,174.16],[524.3,177.22]]",511,173,525,186,105.64,12.76,11.10,11.60,,,True,
aihub71761:data/raw/aihub71761/RT/ST/w00588_f0.png#0,aihub71761:data/raw/aihub71761/RT/ST/w00588_f0.png,기공,porosity,2011,"[[1206.38,190.89],[1202.12,193.3],[1197.64,198.16],[1157.43,209.72],[1146.39,201.08],[1146.95,192.24],[1150.9,180.37],[1153.54,175.31],[1157.33,170.51],[1157.34,168.98],[1176.45,157.11]]",1146,157,1207,210,1867.07,51.66,48.92,48.76,,,True,
aihub71761:data/raw/aihub71761/RT/ST/w00594_f0.png#0,aihub71761:data/raw/aihub71761/RT/ST/w00594_f0.png,균열,crack,100,"[[1092.97,454.57],[1087.17,469.5],[1064.94,470.76],[1048.66,473.8],[1038.19,445.37],[1042.69,441.36],[1077.81,415.76]]",1038,415,1093,474,1988.10,53.46,48.27,50.31,,,True,
aihub71761:data/raw/aihub71761/RT/ST/w00594_f0.png#1,aihub71761:data/raw/aihub71761/RT/ST/w00594_f0.png,기공,porosity,2011,"[[272.32,102.45],[273.03,104.88],[272.39,105.56],[267.77,106.55],[266.31,112.39],[260.1,117.2],[239.43,105.63],[248.98,86.56],[273.75,97.01]]",239,86,274,118,610.76,29.71,24.16,27.89,,,True,
aihub71761:data/raw/aihub71761/RT/ST/w00596_f0.png#0,aihub71761:data/raw/aihub71761/RT/ST/w00596_f0.png,기공,porosity,2011,"[[969.79,616.52],[968.74,618.25],[963.97,625.15],[951.14,613.07],[951.93,612.35],[950.54,610.96],[953.95,608.07],[957.97,605.29],[961.48,605.31],[966.78,611.23]]",950,605,970,626,209.61,19.51,12.74,16.34,,,True,
aihub71761:data/raw/aihub71761/RT/ST/w00600_f0.png#0,aihub71761:data/raw/aihub71761/RT/ST/w00600_f0.png,기공,porosity,2011,"[[234.72,314.51],[178.17,295.6],[175.97,257.81],[181.96,259.26],[189.49,257.73],[201.85,237.8],[218.93,226.6],[227.51,240.03],[252.7,241.07]]",175,226,253,315,4269.53,81.63,70.55,73.73,,,True,
aihub71761:data/raw/aihub71761/RT/ST/w00602_f0.png#0,aihub71761:data/raw/aihub71761/RT/ST/w00602_f0.png,기공,porosity,2011,"[[473.83,67.56],[462.6,79.04],[454.98,79.91],[444.24,76.4],[439.36,79.23],[439.67,72.39],[423.17,49.29],[466.15,38.96],[468.92,37.98],[472.95,38.69]]",423,37,474,80,1423.94,50.87,38.34,42.58,,,True,
aihub71761:data/raw/aihub71761/RT/ST/w00603_f0.png#0,aihub71761:data/raw/aihub71761/RT/ST/w00603_f0.png,기공,porosity,2011,"[[546.27,511.5],[530.18,519.58],[526.16,514.5],[527.01,512.76],[524.27,506.79],[524.05,505.5],[545.02,502.95],[548.08,502.24],[547.07,506.95],[546.26,507.11]]",524,502,549,520,248.79,24.25,14.78,17.80,,,True,
aihub71761:data/raw/aihub71761/RT/ST/w00603_f1.png#0,aihub71761:data/raw/aihub71761/RT/ST/w00603_f1.png,기공,porosity,2011,"[[658.66,193.93],[631.24,229.7],[593.55,226.15],[590.08,229.55],[562.95,218.56],[560.68,196.4],[601.59,137.14],[603.98,145.02],[618.89,146.63],[620.79,143.01],[648.93,182.79]]",560,137,659,230,5712.79,95.03,79.23,85.29,,,True,
aihub71761:data/raw/aihub71761/RT/ST/w00603_f2.png#0,aihub71761:data/raw/aihub71761/RT/ST/w00603_f2.png,기공,porosity,2011,"[[1160.01,199.77],[1159.37,205.69],[1150.66,207.36],[1145.43,203.75],[1145.39,201.12],[1142.65,195.43],[1144.69,192.74],[1146.41,191.5],[1156.35,189.98],[1158.26,190.75]]",1142,189,1161,208,227.37,16.38,16.23,17.01,,,True,
aihub71761:data/raw/aihub71761/RT/ST/w00606_f0.png#0,aihub71761:data/raw/aihub71761/RT/ST/w00606_f0.png,기공,porosity,2011,"[[1058.53,654.76],[1018.8,668.41],[1012.81,622.73],[1013.91,610.13],[1030.24,613.82],[1063.47,624.13],[1059.86,629.31],[1062.27,634.9]]",1012,610,1064,669,2062.32,57.38,50.81,51.24,,,True,
