image_id,source,rel_path,sha256,width_px,height_px,modality,material,has_defect,n_defects,defect_types,iso_codes,src_labels_raw,label_type,has_localization,phash_hex,group_id,group_size,strata_key,split,client,eval_subset,thickness_mm,thickness_source,px_per_mm,scale_source,quality_level,ingest_version,label_map_version,notes
aihub71761:data/raw/aihub71761/RT/ST/w00492_f0.png,aihub71761,data/raw/aihub71761/RT/ST/w00492_f0.png,001ac1c31ce34bad410ca80048a737187ce6fb9e916d02f3fbc9ab1d993ff9b0,1280,720,RT,ST,True,1,porosity,2011,기공,polygon,True,ebdcb2df5f2a14e1f49475e3504161ecec8cb92ff3ae425b909ae825a4f486ab,grp_ST_001ac1c31ce3,4,ST|porosity,train,C1,,,none,,none,,aihub-mock-v1,1,MOCK — 실이미지 없음. 스키마 검증·선행 개발 전용
aihub71761:data/raw/aihub71761/RT/AL/w00088_f0.png,aihub71761,data/raw/aihub71761/RT/AL/w00088_f0.png,00239bb9868816481179039eb19fc0bb76a46f3997b2241581d318f01e5afb51,1280,720,RT,AL,True,2,porosity;slag_inclusion,2011;301,기공;슬래그혼입,polygon,True,84eb0c560d56d2dc35b399c636adc23ac3a226eb39aefeb736f23bb45ee6e12c,grp_AL_00239bb98688,1,AL|slag_inclusion,val,C3,,,none,,none,,aihub-mock-v1,1,MOCK — 실이미지 없음. 스키마 검증·선행 개발 전용
aihub71761:data/raw/aihub71761/RT/AL/w00108_f0.png,aihub71761,data/raw/aihub71761/RT/AL/w00108_f0.png,00957e30b41cb6b7e0bb52420db1c01135bab5042a50e52719d2e0d19a0949af,1280,720,RT,AL,False,0,,,,polygon,True,1c6b03b2043fe60274d57edbadebd7857dd1227d8e468655a52c603a60083146,grp_AL_00957e30b41c,1,AL|__normal__,eval,,,,none,,none,,aihub-mock-v1,1,MOCK — 실이미지 없음. 스키마 검증·선행 개발 전용
aihub71761:data/raw/aihub71761/RT/AL/w00101_f0.png,aihub71761,data/raw/aihub71761/RT/AL/w00101_f0.png,00dc0566c25a20f71b68cc7f9e6a4f33c52d8432540e8c50a1f276932a241ce1,1280,720,RT,AL,True,1,porosity,2011,기공,polygon,True,e7b119b7ee3b2eb147ca69ca0310a41a33da1aaf6906236f7a6a01314fde9f18,grp_AL_00dc0566c25a,1,AL|porosity,train,C3,,,none,,none,,aihub-mock-v1,1,MOCK — 실이미지 없음. 스키마 검증·선행 개발 전용
aihub71761:data/raw/aihub71761/RT/ST/w00131_f1.png,aihub71761,data/raw/aihub71761/RT/ST/w00131_f1.png,00e46319d2a6c366aaeedfe1dc4aa19831e474ca8594d6867d0fc0bb50aa5a17,1280,720,RT,ST,False,0,,,,polygon,True,dcba5c8008a17cc34639d68cff0824e5b565491ebe936a9f7b620b34eb543bdf,grp_ST_00e46319d2a6,3,ST|__normal__,train,C2,,,none,,none,,aihub-mock-v1,1,MOCK — 실이미지 없음. 스키마 검증·선행 개발 전용
aihub71761:data/raw/aihub71761/RT/ST/w00333_f0.png,aihub71761,data/raw/aihub71761/RT/ST/w00333_f0.png,010ff1b9af16c3a7b90af6c9a82b1a1622a6e8a5edcf68eb0b977028db6468d3,1280,720,RT,ST,False,0,,,,polygon,True,978a809aa026984310edeeed2d26670b09e4d0a95d15fbf0528608577979a9c7,grp_ST_010ff1b9af16,1,ST|__normal__,train,C2,,,none,,none,,aihub-mock-v1,1,MOCK — 실이미지 없음. 스키마 검증·선행 개발 전용
aihub71761:data/raw/aihub71761/RT/ST/w00041_f2.png,aihub71761,data/raw/aihub71761/RT/ST/w00041_f2.png,01245700d531a83561ae6a362598554b1ac39edc3d1cb88c0fa652b328a0f849,1280,720,RT,ST,True,1,porosity,2011,기공,polygon,True,3c4d346ca683caabddb4eaad2b44808eb8242803981d07239f7ab2f4768da291,grp_ST_01245700d531,3,ST|porosity,train,C1,,,none,,none,,aihub-mock-v1,1,MOCK — 실이미지 없음. 스키마 검증·선행 개발 전용
aihub71761:data/raw/aihub71761/RT/ST/w00064_f0.png,aihub71761,data/raw/aihub71761/RT/ST/w00064_f0.png,0158ed821294303e063c3de7a18f4bb1eb7964dc0570ed2aa50a7846543d25e0,1280,720,RT,ST,True,2,porosity;slag_inclusion,2011;301,기공;슬래그혼입,polygon,True,e4f658fbb3935ae2d3ed4bba4344bfa76585f13dd8625c5bec19861dfd9ede52,grp_ST_0158ed821294,1,ST|slag_inclusion,eval,,,,none,,none,,aihub-mock-v1,1,MOCK — 실이미지 없음. 스키마 검증·선행 개발 전용
aihub71761:data/raw/aihub71761/RT/ST/w00090_f1.png,aihub71761,data/raw/aihub71761/RT/ST/w00090_f1.png,016a5a3602e4ee0cd0f3516073e27b0f468d39d19c6ed78e96f55ee60a0d4f8c,1280,720,RT,ST,True,1,porosity,2011,기공,polygon,True,486067d25a185660007cafa0e7cbf4cfc2ce901d3e018d8ae22728036265b464,grp_ST_016a5a3602e4,2,ST|porosity,train,C1,,,none,,none,,aihub-mock-v1,1,MOCK — 실이미지 없음. 스키마 검증·선행 개발 전용
aihub71761:data/raw/aihub71761/RT/ST/w00196_f1.png,aihub71761,data/raw/aihub71761/RT/ST/w00196_f1.png,018c075793e926de9fd870c3e12c33cd4f8c2fff9e64dc0f19ab41ed43e768ec,1280,720,RT,ST,True,1,lack_of_fusion,401,융합불량,polygon,True,962bc758705c867fb25c28638ac9151a9d650d10827128083f915304abeb22e5,grp_ST_018c075793e9,3,ST|lack_of_fusion,train,C1,,,none,,none,,aihub-mock-v1,1,MOCK — 실이미지 없음. 스키마 검증·선행 개발 전용
aihub71761:data/raw/aihub71761/RT/ST/w00600_f0.png,aihub71761,data/raw/aihub71761/RT/ST/w00600_f0.png,01e85567f37f4f2720dc424f334aaf4ac20cf743423f48ef342a6ae0a1e06efc,1280,720,RT,ST,True,1,porosity,2011,기공,polygon,True,69323cb482d0316c60ec7045d51aefde99840e8f06b2ec96aebdd3cf2bebae6b,grp_ST_01e85567f37f,1,ST|porosity,train,C1,,,none,,none,,aihub-mock-v1,1,MOCK — 실이미지 없음. 스키마 검증·선행 개발 전용
aihub71761:data/raw/aihub71761/RT/ST/w00365_f2.png,aihub71761,data/raw/aihub71761/RT/ST/w00365_f2.png,024387184e8b6788dfd3b61044a7e7e7f06a40e1ca16217ab8d5236ea0b4e126,1280,720,RT,ST,False,0,,,,polygon,True,8d38f83d12542d30d73c0725f9f8f002aba43b6ac1b121f806b5a7830bef0271,grp_ST_024387184e8b,3,ST|__normal__,train,C1,,,none,,none,,aihub-mock-v1,1,MOCK — 실이미지 없음. 스키마 검증·선행 개발 전용
aihub71761:data/raw/aihub71761/RT/AL/w00026_f0.png,aihub71761,data/raw/aihub71761/RT/AL/w00026_f0.png,0285009fad538fd63c199abd124d63c876b68c46544d417ea5f876d624a36f39,1280,720,RT,AL,True,1,slag_inclusion,301,슬래그혼입,polygon,True,6cf38259b4e7096e5b62820c9a4879edb2ca14d8a482130bb3f4b70201a6ca45,grp_AL_0285009fad53,1,AL|slag_inclusion,train,C3,,,none,,none,,aihub-mock-v1,1,MOCK — 실이미지 없음. 스키마 검증·선행 개발 전용
aihub71761:data/raw/aihub71761/RT/AL/w00047_f0.png,aihub71761,data/raw/aihub71761/RT/AL/w00047_f0.png,031f64de9d8cb2c0677a7794143cdd4b5232745334ce9819b51b52ed23b74929,1280,720,RT,AL,False,0,,,,polygon,True,4712634985e9e83322980dc0e81c5b0524e137cb93074ce6ef930fd8db325b84,grp_AL_031f64de9d8c,1,AL|__normal__,eval,,,,none,,none,,aihub-mock-v1,1,MOCK — 실이미지 없음. 스키마 검증·선행 개발 전용
aihub71761:data/raw/aihub71761/RT/ST/w00563_f0.png,aihub71761,data/raw/aihub71761/RT/ST/w00563_f0.png,03c5ea7e8398ac0f6cba5932dcc3486a5e1ff64fd0b513489f11949404dd213d,1280,720,RT,ST,False,0,,,,polygon,True,dffdbf1ccbfab0ed4d0a741e9a191c2359c065d296c55286245751a5d08c0526,grp_ST_03c5ea7e8398,1,ST|__normal__,train,C2,,,none,,none,,aihub-mock-v1,1,MOCK — 실이미지 없음. 스키마 검증·선행 개발 전용
aihub71761:data/raw/aihub71761/RT/ST/w00094_f1.png,aihub71761,data/raw/aihub71761/RT/ST/w00094_f1.png,03f26be9bb78e8d3cc5a3f3db0c3242293f7bde68f383798d03dc4a948ccfdd3,1280,720,RT,ST,True,1,porosity,2011,기공,polygon,True,ed061e91deae4a7f88eb3b882b43c1397999aa997f4546cacb4af999cf748b7a,grp_ST_03f26be9bb78,3,ST|porosity,eval,,judgment_2000,,none,,none,,aihub-mock-v1,1,MOCK — 실이미지 없음. 스키마 검증·선행 개발 전용
aihub71761:data/raw/aihub71761/RT/ST/w00348_f1.png,aihub71761,data/raw/aihub71761/RT/ST/w00348_f1.png,045d20a34ee9c2d57e09d3196792f98ca3a7701b259b2b0a6b9d8f4e9be0d2dd,1280,720,RT,ST,True,1,porosity,2011,기공,polygon,True,ba901422302161867fc89cc2f867c902459fb2d9b207418f01de9edfaa666298,grp_ST_045d20a34ee9,4,ST|porosity,train,C1,,,none,,none,,aihub-mock-v1,1,MOCK — 실이미지 없음. 스키마 검증·선행 개발 전용
aihub71761:data/raw/aihub71761/RT/ST/w00355_f0.png,aihub71761,data/raw/aihub71761/RT/ST/w00355_f0.png,048ffec799d03ef5cb8727f5d55a22869bac87f9a371563d0abead472e0a65ba,1280,720,RT,ST,False,0,,,,polygon,True,a5fcd2a16c95ea529de682bc48f93dc527b4d30b303f0a475bfc58a2ce1c4c61,grp_ST_048ffec799d0,1,ST|__normal__,eval,,,,none,,none,,aihub-mock-v1,1,MOCK — 실이미지 없음. 스키마 검증·선행 개발 전용
aihub71761:data/raw/aihub71761/RT/ST/w00317_f3.png,aihub71761,data/raw/aihub71761/RT/ST/w00317_f3.png,05270596ca8b90377d04960d6b40e343f706e47bc3206641e5dde475f735de68,1280,720,RT,ST,False,0,,,,polygon,True,16a38b5d6019bc55f41f18d7adf32d20598c33352aa8874a22d62b7e8221c06f,grp_ST_05270596ca8b,4,ST|__normal__,eval,,,,none,,none,,aihub-mock-v1,1,MOCK — 실이미지 없음. 스키마 검증·선행 개발 전용
aihub71761:data/raw/aihub71761/RT/ST/w00066_f0.png,aihub71761,data/raw/aihub71761/RT/ST/w00066_f0.png,05325b01cadbd6a7f36870febc21e1214d4c9141e7ab9b8fd9cb01b3a231845c,1280,720,RT,ST,True,2,crack;porosity,100;2011,균열;기공,polygon,True,52c5f5e7d88d56716b38f6b819f521a9c4c4a88d824938d872a2348ede5ff349,grp_ST_05325b01cadb,1,ST|crack,train,C1,,,none,,none,,aihub-mock-v1,1,MOCK — 실이미지 없음. 스키마 검증·선행 개발 전용
aihub71761:data/raw/aihub71761/RT/ST/w00007_f0.png,aihub71761,data/raw/aihub71761/RT/ST/w00007_f0.png,053788ddcb54fbdbc35e08d807433accec7d23c5bc4f31c3328d6d70b60671de,1280,720,RT,ST,False,0,,,,polygon,True,571459380b8f3bccb47d31442e6434d82d086cf537fc2ee2b61b87c982bfb23b,grp_ST_053788ddcb54,1,ST|__normal__,train,C1,,,none,,none,,aihub-mock-v1,1,MOCK — 실이미지 없음. 스키마 검증·선행 개발 전용
aihub71761:data/raw/aihub71761/RT/ST/w00091_f2.png,aihub71761,data/raw/aihub71761/RT/ST/w00091_f2.png,0545d74ba8e7dc3c8163d318536b20cd8b23386f22da0527615952f754fe39ef,1280,720,RT,ST,True,1,porosity,2011,기공,polygon,True,b94e665f6ec197d07d2024338e912a70ed38da55bb016a524bacc5aea32a7fb9,grp_ST_0545d74ba8e7,4,ST|porosity,train,C1,,,none,,none,,aihub-mock-v1,1,MOCK — 실이미지 없음. 스키마 검증·선행 개발 전용
aihub71761:data/raw/aihub71761/RT/ST/w00466_f0.png,aihub71761,data/raw/aihub71761/RT/ST/w00466_f0.png,05fd337a5066c0ac59b8def1ddd8302883efb6dbc3db36533e1336f5aff30cea,1280,720,RT,ST,False,0,,,,polygon,True,99b19ecdbb3086832280665fd0489bfc1292eca62680207d4c421b7160a3a12f,grp_ST_05fd337a5066,1,ST|__normal__,eval,,,,none,,none,,aihub-mock-v1,1,MOCK — 실이미지 없음. 스키마 검증·선행 개발 전용
aihub71761:data/raw/aihub71761/RT/ST/w00126_f0.png,aihub71761,data/raw/aihub71761/RT/ST/w00126_f0.png,06bca6f7307810de87f31c3096888712e9297723c39cb1a6c80a6cd6f24fe8d6,1280,720,RT,ST,True,1,porosity,2011,기공,polygon,True,80e886c91c55c0aace4636c8138bdb495f01d8796c3b8a6b59be9fcba1356259,grp_ST_06bca6f73078,1,ST|porosity,val,C1,,,none,,none,,aihub-mock-v1,1,MOCK — 실이미지 없음. 스키마 검증·선행 개발 전용
aihub71761:data/raw/aihub71761/RT/AL/w00006_f1.png,aihub71761,data/raw/aihub71761/RT/AL/w00006_f1.png,06c02934adf251e1d8958d08fdefd09b0ca554a133bd6433221a514d93a2298a,1280,720,RT,AL,True,1,slag_inclusion,301,슬래그혼입,polygon,True,1e9c29fc205caeabc373caf32e34579fc81815fca780285b8576710615a6c330,grp_AL_06c02934adf2,2,AL|slag_inclusion,train,C3,,,none,,none,,aihub-mock-v1,1,MOCK — 실이미지 없음. 스키마 검증·선행 개발 전용
aihub71761:data/raw/aihub71761/RT/ST/w00152_f0.png,aihub71761,data/raw/aihub71761/RT/ST/w00152_f0.png,06c3f12665cd729123b6604ea3aba33b4ca9195f0b3caaf29ea6621452d4931d,1280,720,RT,ST,False,0,,,,polygon,True,8f1ba6320a370951f6e99e3aac040ce200e27088909a7c0f80fa138602795674,grp_ST_06c3f12665cd,1,ST|__normal__,train,C1,,,none,,none,,aihub-mock-v1,1,MOCK — 실이미지 없음. 스키마 검증·선행 개발 전용
aihub71761:data/raw/aihub71761/RT/ST/w00292_f1.png,aihub71761,data/raw/aihub71761/RT/ST/w00292_f1.png,06c8460b68875276592ca95e7d03995633d42a91edfdd6d14dbac911cc9faeda,1280,720,RT,ST,True,1,porosity,2011,기공,polygon,True,095db37d856c23b4250cff51d62f59608dc98dcfd62b59f1f529dc52a0be6713,grp_ST_06c8460b6887,4,ST|porosity,val,C1,,,none,,none,,aihub-mock-v1,1,MOCK — 실이미지 없음. 스키마 검증·선행 개발 전용
aihub71761:data/raw/aihub71761/RT/ST/w00174_f0.png,aihub71761,data/raw/aihub71761/RT/ST/w00174_f0.png,06e2e4a8f60ca98bd7afddb8eb3d8837aaaa67679c60176c635b369372a9f9cb,1280,720,RT,ST,True,1,porosity,2011,기공,polygon,True,279c9f1911c1a678a9dd1f7afb8ac26274e902a28f2cfa0aa3e86aa1ba5cf0cf,grp_ST_06e2e4a8f60c,1,ST|porosity,train,C1,,,none,,none,,aihub-mock-v1,1,MOCK — 실이미지 없음. 스키마 검증·선행 개발 전용
aihub71761:data/raw/aihub71761/RT/ST/w00003_f3.png,aihub71761,data/raw/aihub71761/RT/ST/w00003_f3.png,07103b86895992fe0fcff97ce39bd62f09565dad8a0ec47aba9dfe4ff1558743,1280,720,RT,ST,True,2,lack_of_fusion;porosity,2011;401,기공;융합불량,polygon,True,bfab053859a591339edfd5c5a9d53d564b5b5285d5ef21cd615d810fca441d86,grp_ST_07103b868959,4,ST|lack_of_fusion,train,C1,,,none,,none,,aihub-mock-v1,1,MOCK — 실이미지 없음. 스키마 검증·선행 개발 전용
aihub71761:data/raw/aihub71761/RT/ST/w00356_f0.png,aihub71761,data/raw/aihub71761/RT/ST/w00356_f0.png,072e1ced3b2f26971b22029790ac280931902d240c161670678178f8d758f276,1280,720,RT,ST,False,0,,,,polygon,True,e1388fd508fb50273aea778ec994ff5493debe7c02af4683f34b9e20f1674786,grp_ST_072e1ced3b2f,1,ST|__normal__,train,C2,,,none,,none,,aihub-mock-v1,1,MOCK — 실이미지 없음. 스키마 검증·선행 개발 전용
aihub71761:data/raw/aihub71761/RT/ST/w00190_f0.png,aihub71761,data/raw/aihub71761/RT/ST/w00190_f0.png,075bb6ebde8f750d90d6c0dbbc4b5bcc67f3e53f1bb70dafbadd71a758699735,1280,720,RT,ST,False,0,,,,polygon,True,0569be8ed2b08354b2fb2e65e404f4bf94ef2c2c432ee5b076ad4156c5eee02f,grp_ST_075bb6ebde8f,1,ST|__normal__,train,C2,,,none,,none,,aihub-mock-v1,1,MOCK — 실이미지 없음. 스키마 검증·선행 개발 전용
aihub71761:data/raw/aihub71761/RT/ST/w00347_f0.png,aihub71761,data/raw/aihub71761/RT/ST/w00347_f0.png,076f573769406ba160990c7c72b5af6bb7dfda5d0db0b4b1f73746b7d6dbc523,1280,720,RT,ST,True,1,porosity,2011,기공,polygon,True,2cd08487cd233b25a6b7ce9da3309d0f4ec5cdf05861771bcbe4da73a8771227,grp_ST_076f57376940,1,ST|porosity,train,C1,,,none,,none,,aihub-mock-v1,1,MOCK — 실이미지 없음. 스키마 검증·선행 개발 전용
aihub71761:data/raw/aihub71761/RT/ST/w00423_f0.png,aihub71761,data/raw/aihub71761/RT/ST/w00423_f0.png,078bbafc65f2768a61a598c5b163cc87f6d374e31db65de9696916466ddd9899,1280,720,RT,ST,True,1,porosity,2011,기공,polygon,True,723b3029a6ff137b64027d197bcf8aaeaa08c0a85a366ac3c0ce19ab7c9c8db3,grp_ST_078bbafc65f2,1,ST|porosity,train,C1,,,none,,none,,aihub-mock-v1,1,MOCK — 실이미지 없음. 스키마 검증·선행 개발 전용
aihub71761:data/raw/aihub71761/RT/ST/w00260_f0.png,aihub71761,data/raw/aihub71761/RT/ST/w00260_f0.png,079ceb02863fa4be0e524daff2026480238393ae0c45a185bb9a5cb5e3839a88,1280,720,RT,ST,True,1,slag_inclusion,301,슬래그혼입,polygon,True,b977a62e9d490116bd968f62077762a04d6b0a8abd880f2ee1d4b2af989330a7,grp_ST_079ceb02863f,1,ST|slag_inclusion,train,C1,,,none,,none,,aihub-mock-v1,1,MOCK — 실이미지 없음. 스키마 검증·선행 개발 전용
aihub71761:data/raw/aihub71761/RT/ST/w00295_f0.png,aihub71761,data/raw/aihub71761/RT/ST/w00295_f0.png,07a921f0d5e78f68a6e35af8c83f89937fdc7f3eb49aa23ecbea16cb1133a5ec,1280,720,RT,ST,True,1,porosity,2011,기공,polygon,True,8310275d83797d4bdfd50f6f7b2606c8a63fbdb3700f5405b6b8732e2768d88f,grp_ST_07a921f0d5e7,1,ST|porosity,train,C1,,,none,,none,,aihub-mock-v1,1,MOCK — 실이미지 없음. 스키마 검증·선행 개발 전용
aihub71761:data/raw/aihub71761/RT/ST/w00156_f0.png,aihub71761,data/raw/aihub71761/RT/ST/w00156_f0.png,07ae53933bdcf7167af3361d9cce84cec99c6632c2fbaab3e2333c807344e5d9,1280,720,RT,ST,True,1,porosity,2011,기공,polygon,True,742303cca23fc6b8d5cc917ae8fd0bfb0e183a62b75a2a9756d1ba6c78b81fc4,grp_ST_07ae53933bdc,1,ST|porosity,train,C1,,,none,,none,,aihub-mock-v1,1,MOCK — 실이미지 없음. 스키마 검증·선행 개발 전용
aihub71761:data/raw/aihub71761/RT/ST/w00527_f2.png,aihub71761,data/raw/aihub71761/RT/ST/w00527_f2.png,07c1b4c7e0fd1747c3aeaa7f20c8335865a4537c2648434b4ad67ab673326a6c,1280,720,RT,ST,True,1,porosity,2011,기공,polygon,True,9a6203a1d40134093a767c4602763833d826720e5163591ea1727fc51ffec8ce,grp_ST_07c1b4c7e0fd,3,ST|porosity,val,C1,,,none,,none,,aihub-mock-v1,1,MOCK — 실이미지 없음. 스키마 검증·선행 개발 전용
aihub71761:data/raw/aihub71761/RT/ST/w00425_f0.png,aihub71761,data/raw/aihub71761/RT/ST/w00425_f0.png,07d4cd8142b6b5870da76629d4712b4889b190204ecd1728167298b89d6f8b4a,1280,720,RT,ST,False,0,,,,polygon,True,818d51f3f7cc15a1eade7f4ecbaea7869c1690b831a79f69a5db73d680020178,grp_ST_07d4cd8142b6,2,ST|__normal__,train,C1,,,none,,none,,aihub-mock-v1,1,MOCK — 실이미지 없음. 스키마 검증·선행 개발 전용
aihub71761:data/raw/aihub71761/RT/ST/w00335_f0.png,aihub71761,data/raw/aihub71761/RT/ST/w00335_f0.png,07f5d516b6970aa7f9a96d3f525fef902dd2453f98ab07454640a9420b8bc2ff,1280,720,RT,ST,True,2,crack;lack_of_fusion,100;401,균열;융합불량,polygon,True,ee7f43a5fb78488359fa534102b385a0bb845ee3b006f7deb4dc61840f23e0b3,grp_ST_07f5d516b697,1,ST|crack,val,C1,,,none,,none,,aihub-mock-v1,1,MOCK — 실이미지 없음. 스키마 검증·선행 개발 전용
aihub71761:data/raw/aihub71761/RT/ST/w00201_f2.png,aihub71761,data/raw/aihub71761/RT/ST/w00201_f2.png,089aaf8dcbd9e0dd4de8c589c69c32d3cd7d04bad636dfd55208ed8b4d168d64,1280,720,RT,ST,True,1,porosity,2011,기공,polygon,True,1b0cb9cabd8ccb53731945021190520e761ed2c10811df7d129b3be71e0f1888,grp_ST_089aaf8dcbd9,3,ST|porosity,train,C1,,,none,,none,,aihub-mock-v1,1,MOCK — 실이미지 없음. 스키마 검증·선행 개발 전용
aihub71761:data/raw/aihub71761/RT/ST/w00437_f3.png,aihub71761,data/raw/aihub71761/RT/ST/w00437_f3.png,0989fff910ffa0ab8a831079fd4fd34d91ed6232e794ffb0ff9387e7d6d5b821,1280,720,RT,ST,True,1,porosity,2011,기공,polygon,True,226c721412b8a6df50970e5dc2f0ecf76a43f9a905d0a3c0fc3b9292dbf06f6c,grp_ST_0989fff910ff,4,ST|porosity,train,C1,,,none,,none,,aihub-mock-v1,1,MOCK — 실이미지 없음. 스키마 검증·선행 개발 전용
aihub71761:data/raw/aihub71761/RT/AL/w00066_f0.png,aihub71761,data/raw/aihub71761/RT/AL/w00066_f0.png,0b3a3a9c9fac4475f4ded30071385c0c313f0610568d2846276ec98d8c27356c,1280,720,RT,AL,True,1,slag_inclusion,301,슬래그혼입,polygon,True,698a23519b36c9f481530b4373d90ee1b46db288ec02bd22d8b3b599d4bb0d8d,grp_AL_0b3a3a9c9fac,1,AL|slag_inclusion,train,C3,,,none,,none,,aihub-mock-v1,1,MOCK — 실이미지 없음. 스키마 검증·선행 개발 전용
aihub71761:data/raw/aihub71761/RT/AL/w00034_f0.png,aihub71761,data/raw/aihub71761/RT/AL/w00034_f0.png,0b4c38d538c2d83083d3eabeceed90c49fac7617cd92a660b7b0dfa92abf36c9,1280,720,RT,AL,False,0,,,,polygon,True,a40026d4e4ec4bff7e289dee014e596b164d63fa27af0dc68e13cc56dda547a1,grp_AL_0b4c38d538c2,1,AL|__normal__,train,C3,,,none,,none,,aihub-mock-v1,1,MOCK — 실이미지 없음. 스키마 검증·선행 개발 전용
aihub71761:data/raw/aihub71761/RT/ST/w00125_f0.png,aihub71761,data/raw/aihub71761/RT/ST/w00125_f0.png,0b70f8de01e4a1c65a48779b0f261835cc29f474dc6cca37a3b9206ff5725d4a,1280,720,RT,ST,True,1,porosity,2011,기공,polygon,True,538a44681f964d64f67b6431d2116555c6679a0dd3df9421d4d4ab253d3edbf9,grp_ST_0b70f8de01e4,2,ST|porosity,train,C1,,,none,,none,,aihub-mock-v1,1,MOCK — 실이미지 없음. 스키마 검증·선행 개발 전용
aihub71761:data/raw/aihub71761/RT/ST/w00395_f1.png,aihub71761,data/raw/aihub71761/RT/ST/w00395_f1.png,0bc5c40adadd03d9168baec1833e8c0650bc2acd49e02974e7ab7e66e745ebae,1280,720,RT,ST,True,1,crack,100,균열,polygon,True,5fdedcfa555e0a9d11441be6a527e322d0273cbdedabd2dac0a26f358cb5211e,grp_ST_0bc5c40adadd,3,ST|crack,eval,,,,none,,none,,aihub-mock-v1,1,MOCK — 실이미지 없음. 스키마 검증·선행 개발 전용
aihub71761:data/raw/aihub71761/RT/ST/w00325_f0.png,aihub71761,data/raw/aihub71761/RT/ST/w00325_f0.png,0beae6f3326995aaeb9608f327256bcbab3e6c8b3b6390b66557b9a6fad79c9c,1280,720,RT,ST,True,1,porosity,2011,기공,polygon,True,532ea4fa62a5d497813ed683d3ca8687fccef47a09a8389d3d99bfa47e4d89c9,grp_ST_0beae6f33269,1,ST|porosity,train,C1,,,none,,none,,aihub-mock-v1,1,MOCK — 실이미지 없음. 스키마 검증·선행 개발 전용
aihub71761:data/raw/aihub71761/RT/ST/w00490_f0.png,aihub71761,data/raw/aihub71761/RT/ST/w00490_f0.png,0bf2d404ddcd7f93d16d8e1267dce691dce3effd6792836d0738e84401e8e361,1280,720,RT,ST,False,0,,,,polygon,True,59f8d1fc6652fb0e53ab503ff355a6bf1e1478c5d34492f501573622192468f7,grp_ST_0bf2d404ddcd,1,ST|__normal__,train,C2,,,none,,none,,aihub-mock-v1,1,MOCK — 실이미지 없음. 스키마 검증·선행 개발 전용
aihub71761:data/raw/aihub71761/RT/ST/w00494_f0.png,aihub71761,data/raw/aihub71761/RT/ST/w00494_f0.png,0c8bfd4b3cc7ab6d33b4e93b695480b2d5d6d6712abc35ac00a453aea606f18a,1280,720,RT,ST,True,1,porosity,2011,기공,polygon,True,d000c366ea3a6c79609378b2f2eba2d8747d243ce9ad1cc3b896274cce1bfbf5,grp_ST_0c8bfd4b3cc7,1,ST|porosity,train,C1,,,none,,none,,aihub-mock-v1,1,MOCK — 실이미지 없음. 스키마 검증·선행 개발 전용
aihub71761:data/raw/aihub71761/RT/ST/w00208_f0.png,aihub71761,data/raw/aihub71761/RT/ST/w00208_f0.png,0cd50c7b02c5a85cb7cd2397bc1fde51fc6870769bc27009c30da05ec1baeb4d,1280,720,RT,ST,True,1,porosity,2011,기공,polygon,True,4e3858eb76d456ce6c3683a0ecca4a4632422a1ef2706369f4b91749bc6c5473,grp_ST_0cd50c7b02c5,1,ST|porosity,eval,,,,none,,none,,aihub-mock-v1,1,MOCK — 실이미지 없음. 스키마 검증·선행 개발 전용
aihub71761:data/raw/aihub71761/RT/ST/w00149_f0.png,aihub71761,data/raw/aihub71761/RT/ST/w00149_f0.png,0cd829be9e0c2c1c53ab1ccdaf4875aa540ea259b1bd4332b16ef9dd879ba378,1280,720,RT,ST,False,0,,,,polygon,True,1ed27c176e3ce0bbc6bac0b99e6abca19c9f7ecf52b27590fd83dc5222b5c502,grp_ST_0cd829be9e0c,4,ST|__normal__,train,C1,,,none,,none,,aihub-mock-v1,1,MOCK — 실이미지 없음. 스키마 검증·선행 개발 전용
aihub71761:data/raw/aihub71761/RT/AL/w00060_f0.png,aihub71761,data/raw/aihub71761/RT/AL/w00060_f0.png,0d2425f85f2d7b220792132515e385ac4ebb032023b5ebc42d231f8c6a412627,1280,720,RT,AL,False,0,,,,polygon,True,d48f9a17a508a619eb9606d093cde211eee3e3f6ceea0091431b988490594ec0,grp_AL_0d2425f85f2d,1,AL|__normal__,train,C3,,,none,,none,,aihub-mock-v1,1,MOCK — 실이미지 없음. 스키마 검증·선행 개발 전용
aihub71761:data/raw/aihub71761/RT/ST/w00151_f2.png,aihub71761,data/raw/aihub71761/RT/ST/w00151_f2.png,0d8968aecc05230b068f6dcca9728b1b6d73771cc6431bce23b53254e04bb324,1280,720,RT,ST,True,2,porosity;slag_inclusion,2011;301,기공;슬래그혼입,polygon,True,f8ee8ae84e131a332794a40bb875717b5c09856d63e8336f39899093d19a0cdc,grp_ST_0d8968aecc05,4,ST|slag_inclusion,train,C2,,,none,,none,,aihub-mock-v1,1,MOCK — 실이미지 없음. 스키마 검증·선행 개발 전용
aihub71761:data/raw/aihub71761/RT/AL/w00118_f2.png,aihub71761,data/raw/aihub71761/RT/AL/w00118_f2.png,0dd3ce60a37de33eaad2b35ceb90c8de670f6501d9f95e39b944e8bfb558ce64,1280,720,RT,AL,False,0,,,,polygon,True,ff36f3f8c906b4f13cc24c762f9323bacbdf85a48dc175df86ca9c79f4b6e62e,grp_AL_0dd3ce60a37d,3,AL|__normal__,train,C3,,,none,,none,,aihub-mock-v1,1,MOCK — 실이미지 없음. 스키마 검증·선행 개발 전용
aihub71761:data/raw/aihub71761/RT/ST/w00484_f2.png,aihub71761,data/raw/aihub71761/RT/ST/w00484_f2.png,0dd929e47d435be49f309ccfdcebb11f8fcb8d07e2bbae0cbe17ec2baad1258c,1280,720,RT,ST,True,1,porosity,2011,기공,polygon,True,0ff7dabd79dbeba7c0f5a580feeb66602e12477811d290d751abb957ee93c3ea,grp_ST_0dd929e47d43,4,ST|porosity,train,C1,,,none,,none,,aihub-mock-v1,1,MOCK — 실이미지 없음. 스키마 검증·선행 개발 전용
aihub71761:data/raw/aihub71761/RT/ST/w00085_f0.png,aihub71761,data/raw/aihub71761/RT/ST/w00085_f0.png,0dd92b536bf4d7eeb2b614db86f660bf0658555eabce48802b15c24a65c2278b,1280,720,RT,ST,True,1,porosity,2011,기공,polygon,True,5471253130304a7e3d46c90aad757b1671036d4898196a963f2df306ea34fd8f,grp_ST_0dd92b536bf4,1,ST|porosity,train,C1,,,none,,none,,aihub-mock-v1,1,MOCK — 실이미지 없음. 스키마 검증·선행 개발 전용
aihub71761:data/raw/aihub71761/RT/ST/w00053_f1.png,aihub71761,data/raw/aihub71761/RT/ST/w00053_f1.png,0e2792fef79a24ae25b5f045a70816323d5769e7166e653f4d4d2ec1dd012981,1280,720,RT,ST,False,0,,,,polygon,True,bea6570b872a0acdffb65a4f1f288f6fe579f1e59cd43d480427464284f66695,grp_ST_0e2792fef79a,4,ST|__normal__,eval,,judgment_2000,,none,,none,,aihub-mock-v1,1,MOCK — 실이미지 없음. 스키마 검증·선행 개발 전용
aihub71761:data/raw/aihub71761/RT/ST/w00288_f0.png,aihub71761,data/raw/aihub71761/RT/ST/w00288_f0.png,0e342a7b4c264fec8e58fb5ced7a26ef31790bda7bb59ec79318c9e03328d0e0,1280,720,RT,ST,True,1,porosity,2011,기공,polygon,True,dfd14ca9270dd77225c8be6ca5c7c54074cea76895302b4467ad01900a78c6df,grp_ST_0e342a7b4c26,1,ST|porosity,train,C1,,,none,,none,,aihub-mock-v1,1,MOCK — 실이미지 없음. 스키마 검증·선행 개발 전용
aihub71761:data/raw/aihub71761/RT/ST/w00308_f0.png,aihub71761,data/raw/aihub71761/RT/ST/w00308_f0.png,0e3842e6d5eefa720c3db030c76dc155b633efeb5629d8cf9ca4b0e4bbac5472,1280,720,RT,ST,True,1,porosity,2011,기공,polygon,True,cf34b0a966473d3d80f24104c16943b975901a5f28a01e565101ad83b2a9498b,grp_ST_0e3842e6d5ee,1,ST|porosity,train,C1,,,none,,none,,aihub-mock-v1,1,MOCK — 실이미지 없음. 스키마 검증·선행 개발 전용
aihub71761:data/raw/aihub71761/RT/ST/w00545_f0.png,aihub71761,data/raw/aihub71761/RT/ST/w00545_f0.png,0ef38efaf1c32ce1025932f96654212367b3135fb6f76cc6996b9f78eb3c7b5b,1280,720,RT,ST,True,1,porosity,2011,기공,polygon,True,daf2906d861a690c84d249aaa7fa6a280e9479f32c17603faf9574af61907629,grp_ST_0ef38efaf1c3,1,ST|porosity,train,C1,,,none,,none,,aihub-mock-v1,1,MOCK — 실이미지 없음. 스키마 검증·선행 개발 전용
aihub71761:data/raw/aihub71761/RT/ST/w00232_f0.png,aihub71761,data/raw/aihub71761/RT/ST/w00232_f0.png,0f2af7414e44e59697dc182573dd8101f52173dc3f915750a010d3bbaf2fef53,1280,720,RT,ST,True,1,porosity,2011,기공,polygon,True,c4e2ed926e4adf3aad925bf9fb9d3ead316b760c931a67f89b758139971a967b,grp_ST_0f2af7414e44,1,ST|porosity,train,C1,,,none,,none,,aihub-mock-v1,1,MOCK — 실이미지 없음. 스키마 검증·선행 개발 전용
aihub71761:data/raw/aihub71761/RT/ST/w00354_f2.png,aihub71761,data/raw/aihub71761/RT/ST/w00354_f2.png,0f4e1914f2a91fc5909926a4e85905ea13cc462ba504f3bb5bd1f603ed931cf6,1280,720,RT,ST,False,0,,,,polygon,True,2d243bafb36b4610a29dde89fdfa1a55780f1de9dd2281074ea87104b0f44161,grp_ST_0f4e1914f2a9,4,ST|__normal__,train,C2,,,none,,none,,aihub-mock-v1,1,MOCK — 실이미지 없음. 스키마 검증·선행 개발 전용
aihub71761:data/raw/aihub71761/RT/AL/w00082_f0.png,aihub71761,data/raw/aihub71761/RT/AL/w00082_f0.png,0f56b79e341f85f43d2e7cfbab23fa7501d23625fc7408b42d1dc31caa7f95f7,1280,720,RT,AL,True,1,slag_inclusion,301,슬래그혼입,polygon,True,514092abc99fc42839fbeb17abb1565337f8cd39623ef3e41a4a91b4a4ed5c81,grp_AL_0f56b79e341f,1,AL|slag_inclusion,train,C3,,,none,,none,,aihub-mock-v1,1,MOCK — 실이미지 없음. 스키마 검증·선행 개발 전용
aihub71761:data/raw/aihub71761/RT/ST/w00380_f0.png,aihub71761,data/raw/aihub71761/RT/ST/w00380_f0.png,0f848dab851ae8cab3f0f6f0b2f1f2e198d3907f51f5c56eea3b253361c76cf2,1280,720,RT,ST,False,0,,,,polygon,True,d20f1c1da3491e4286e3aaa0cb1cc578ca54ff0026ca350e16efe11c88b45a99,grp_ST_0f848dab851a,1,ST|__normal__,train,C2,,,none,,none,,aihub-mock-v1,1,MOCK — 실이미지 없음. 스키마 검증·선행 개발 전용
aihub71761:data/raw/aihub71761/RT/ST/w00271_f0.png,aihub71761,data/raw/aihub71761/RT/ST/w00271_f0.png,0fec50e57fd55e21e76ec90dd1e016fdab8a1c775e3299e20896ab5a207227d1,1280,720,RT,ST,False,0,,,,polygon,True,3f83d0937b28e515071dcfbe71b6a941ac46f8432ff46a4753d9c74c59655322,grp_ST_0fec50e57fd5,1,ST|__normal__,val,C2,,,none,,none,,aihub-mock-v1,1,MOCK — 실이미지 없음. 스키마 검증·선행 개발 전용
aihub71761:data/raw/aihub71761/RT/ST/w00164_f2.png,aihub71761,data/raw/aihub71761/RT/ST/w00164_f2.png,0ff7662cd864363ece61abe1b8a5d6a0495b8adb045d8d4ff4d0481bcfe1ae29,1280,720,RT,ST,False,0,,,,polygon,True,f9b07066a8d2bd305fdde1d6d182e11cf3fd6fee31615a306bad81b553818214,grp_ST_0ff7662cd864,4,ST|__normal__,train,C1,,,none,,none,,aihub-mock-v1,1,MOCK — 실이미지 없음. 스키마 검증·선행 개발 전용
aihub71761:data/raw/aihub71761/RT/ST/w00229_f3.png,aihub71761,data/raw/aihub71761/RT/ST/w00229_f3.png,101793266061f07396808c2c385503d23944e35a5f61d7bcceca94c2d7f00fa4,1280,720,RT,ST,True,1,lack_of_fusion,401,융합불량,polygon,True,f688323d8829fa5422e16c797f0004a83b9b4f9f72bad8c08540cf3e9f61e570,grp_ST_101793266061,4,ST|lack_of_fusion,eval,,,,none,,none,,aihub-mock-v1,1,MOCK — 실이미지 없음. 스키마 검증·선행 개발 전용
aihub71761:data/raw/aihub71761/RT/AL/w00098_f0.png,aihub71761,data/raw/aihub71761/RT/AL/w00098_f0.png,102a3f681ef98454f27565a6e6bf74ce9d60b3bd5e6c3b5b25aa18db91976cdf,1280,720,RT,AL,False,0,,,,polygon,True,10735b22469ca576111a201784677e2cbaee6818887155b1b09cef00c96bc3ce,grp_AL_102a3f681ef9,1,AL|__normal__,train,C3,,,none,,none,,aihub-mock-v1,1,MOCK — 실이미지 없음. 스키마 검증·선행 개발 전용
aihub71761:data/raw/aihub71761/RT/ST/w00170_f0.png,aihub71761,data/raw/aihub71761/RT/ST/w00170_f0.png,10642cd4e23cce76f3a8fad2664bc56f86b4848bfc298e87e1c635ef418752a1,1280,720,RT,ST,True,1,porosity,2011,기공,polygon,True,888ab651413496be87fc71ca9d2d7d528b16cb124d8b4ce5fa8f62c36845e04c,grp_ST_10642cd4e23c,1,ST|porosity,train,C1,,,none,,none,,aihub-mock-v1,1,MOCK — 실이미지 없음. 스키마 검증·선행 개발 전용
aihub71761:data/raw/aihub71761/RT/ST/w00500_f0.png,aihub71761,data/raw/aihub71761/RT/ST/w00500_f0.png,109ada4631c8b1554723f3144681d3e462330d6641667cc10207701dbd5e3171,1280,720,RT,ST,False,0,,,,polygon,True,7f98e59779fee49fd9126d1f82e31901c5d52bc1559647e85ebc9792be5307e4,grp_ST_109ada4631c8,1,ST|__normal__,train,C1,,,none,,none,,aihub-mock-v1,1,MOCK — 실이미지 없음. 스키마 검증·선행 개발 전용
aihub71761:data/raw/aihub71761/RT/ST/w00196_f0.png,aihub71761,data/raw/aihub71761/RT/ST/w00196_f0.png,109d17079aa63445317373a6422ed6c9696cb3fdf41ae70571ba88ebe47fda7a,1280,720,RT,ST,True,1,lack_of_fusion,401,융합불량,polygon,True,962bc758705c867fb25c28638ac9151a9d650d10827128083f915304abeb22e5,grp_ST_018c075793e9,3,ST|lack_of_fusion,train,C1,,,none,,none,,aihub-mock-v1,1,MOCK — 실이미지 없음. 스키마 검증·선행 개발 전용
aihub71761:data/raw/aihub71761/RT/ST/w00376_f0.png,aihub71761,data/raw/aihub71761/RT/ST/w00376_f0.png,11222b36277434c14dbb41943c53f0fdd12c1be2f7fc1a520eb450e61f71e427,1280,720,RT,ST,True,1,slag_inclusion,301,슬래그혼입,polygon,True,b269bd4577f4ec7284c08877aaafafe9bbaab5b9114fb01a4b70cb44efd00159,grp_ST_11222b362774,1,ST|slag_inclusion,train,C1,,,none,,none,,aihub-mock-v1,1,MOCK — 실이미지 없음. 스키마 검증·선행 개발 전용
aihub71761:data/raw/aihub71761/RT/ST/w00491_f0.png,aihub71761,data/raw/aihub71761/RT/ST/w00491_f0.png,114bf9566e28bd75f68437663361cca12e3ff9a3b926481dcecaf36b80634370,1280,720,RT,ST,True,1,porosity,2011,기공,polygon,True,37b764f0c9f688be66b6b316bd4626043887a8b26e14915810d77e800f8852f7,grp_ST_114bf9566e28,1,ST|porosity,train,C1,,,none,,none,,aihub-mock-v1,1,MOCK — 실이미지 없음. 스키마 검증·선행 개발 전용
aihub71761:data/raw/aihub71761/RT/ST/w00532_f2.png,aihub71761,data/raw/aihub71761/RT/ST/w00532_f2.png,1171d3f43764866f0ce68febe2a2893adebd401a6fcf80703627630114f1905a,1280,720,RT,ST,False,0,,,,polygon,True,6ec27bf9e69ab2997c794098924c94bfe5ff1d31f54bba0dab7043218b577228,grp_ST_1171d3f43764,3,ST|__normal__,train,C1,,,none,,none,,aihub-mock-v1,1,MOCK — 실이미지 없음. 스키마 검증·선행 개발 전용
aihub71761:data/raw/aihub71761/RT/ST/w00221_f0.png,aihub71761,data/raw/aihub71761/RT/ST/w00221_f0.png,11fb57aa6a74e0a6aed936efee608ffd475d92282570d7f070b23222a27dadb4,1280,720,RT,ST,False,0,,,,polygon,True,e8376cfb03bc753c84c50a767562a0d6b1e49c93f1ef91f396c0beb13ad2d66d,grp_ST_11fb57aa6a74,1,ST|__normal__,eval,,,,none,,none,,aihub-mock-v1,1,MOCK — 실이미지 없음. 스키마 검증·선행 개발 전용
aihub71761:data/raw/aihub71761/RT/ST/w00414_f2.png,aihub71761,data/raw/aihub71761/RT/ST/w00414_f2.png,12cdc66b29e972c4f44ecf7085f2b1d805a0e7dacf362f87ef2e495f63f304a0,1280,720,RT,ST,False,0,,,,polygon,True,b2218a734fc3b475a6676f1fd726e06791739d9f7c2ef56128ff1bbb1011d7ef,grp_ST_12cdc66b29e9,3,ST|__normal__,train,C2,,,none,,none,,aihub-mock-v1,1,MOCK — 실이미지 없음. 스키마 검증·선행 개발 전용
aihub71761:data/raw/aihub71761/RT/ST/w00388_f0.png,aihub71761,data/raw/aihub71761/RT/ST/w00388_f0.png,12fe33ec1f3aa7ff7e20270833678709c5758d17981743b5789af38fce67c549,1280,720,RT,ST,False,0,,,,polygon,True,a67e77a6ae291d003d2958202720929690d2b833c5406750d322f14cd7591db8,grp_ST_12fe33ec1f3a,1,ST|__normal__,train,C1,,,none,,none,,aihub-mock-v1,1,MOCK — 실이미지 없음. 스키마 검증·선행 개발 전용
aihub71761:data/raw/aihub71761/RT/ST/w00364_f0.png,aihub71761,data/raw/aihub71761/RT/ST/w00364_f0.png,135993f7bcbb533c4e6f353e6b6a167930facccc2265a0ea3609e2937f003ca7,1280,720,RT,ST,False,0,,,,polygon,True,42429c17136bcabe37a01dd8c4353a6dd38500adcac0d39f78d92b4b93acf39d,grp_ST_135993f7bcbb,1,ST|__normal__,train,C1,,,none,,none,,aihub-mock-v1,1,MOCK — 실이미지 없음. 스키마 검증·선행 개발 전용
aihub71761:data/raw/aihub71761/RT/AL/w00071_f1.png,aihub71761,data/raw/aihub71761/RT/AL/w00071_f1.png,1371a2c1c8c4da78ef02a2a473aef55bef61feab7870cd4e43b4887061e665d3,1280,720,RT,AL,False,0,,,,polygon,True,4243e7d70a66e22af735727aa3c593013ccc4acf8e275c21174836bb8eba5b68,grp_AL_1371a2c1c8c4,4,AL|__normal__,eval,,,,none,,none,,aihub-mock-v1,1,MOCK — 실이미지 없음. 스키마 검증·선행 개발 전용
aihub71761:data/raw/aihub71761/RT/ST/w00148_f0.png,aihub71761,data/raw/aihub71761/RT/ST/w00148_f0.png,137a34294aea39910ef252ca45efad4fb694f0bac58757b418dc2d863d729066,1280,720,RT,ST,False,0,,,,polygon,True,2bc767a3f58c1f228b09206dfd7515abc93b077602db3100014cb4f21ce21480,grp_ST_137a34294aea,1,ST|__normal__,eval,,judgment_2000,,none,,none,,aihub-mock-v1,1,MOCK — 실이미지 없음. 스키마 검증·선행 개발 전용
aihub71761:data/raw/aihub71761/RT/AL/w00038_f0.png,aihub71761,data/raw/aihub71761/RT/AL/w00038_f0.png,1384b3e4cf2397b11043ecf168ee63f10bad0c7446897d39157d021436c53b5d,1280,720,RT,AL,True,1,porosity,2011,기공,polygon,True,987332bbc82a19e12ad50fbdd02c50a9878adae81d6f88407ee9e2359af2d517,grp_AL_1384b3e4cf23,1,AL|porosity,train,C3,,,none,,none,,aihub-mock-v1,1,MOCK — 실이미지 없음. 스키마 검증·선행 개발 전용
aihub71761:data/raw/aihub71761/RT/ST/w00489_f0.png,aihub71761,data/raw/aihub71761/RT/ST/w00489_f0.png,13954c032caeaa7678edc9a1f207383c72fd0dc77afead9751220c50c1d654fd,1280,720,RT,ST,True,1,porosity,2011,기공,polygon,True,543774673cbc4cc3805c2e604fc9d094b3a1e812f5fbad2d41a0ac3c66be01a0,grp_ST_13954c032cae,1,ST|porosity,train,C1,,,none,,none,,aihub-mock-v1,1,MOCK — 실이미지 없음. 스키마 검증·선행 개발 전용
aihub71761:data/raw/aihub71761/RT/ST/w00464_f1.png,aihub71761,data/raw/aihub71761/RT/ST/w00464_f1.png,13cf7887e9ab8d6d2cfa732b6cb7a467c0f599c2ea5bb0ea352e83572844b848,1280,720,RT,ST,False,0,,,,polygon,True,865a77f4ccda1e9bde6018dde4e466787f5997c618912636b30196579b4c1bbf,grp_ST_13cf7887e9ab,2,ST|__normal__,eval,,,,none,,none,,aihub-mock-v1,1,MOCK — 실이미지 없음. 스키마 검증·선행 개발 전용
aihub71761:data/raw/aihub71761/RT/ST/w00434_f0.png,aihub71761,data/raw/aihub71761/RT/ST/w00434_f0.png,1411db44fca919889aa1c918e545af5827228b9f9011b5395f35b1ae94d5998c,1280,720,RT,ST,True,1,porosity,2011,기공,polygon,True,b16fed9ec2c65c96e6fdfebfe6aca0230757e19da2a71112a505c8a79070e92b,grp_ST_1411db44fca9,1,ST|porosity,train,C1,,,none,,none,,aihub-mock-v1,1,MOCK — 실이미지 없음. 스키마 검증·선행 개발 전용
aihub71761:data/raw/aihub71761/RT/ST/w00274_f0.png,aihub71761,data/raw/aihub71761/RT/ST/w00274_f0.png,14d17c4a63fdccd5d0ad19b0b56e2631425aedb9a50e83660e83f7ff47309776,1280,720,RT,ST,True,1,porosity,2011,기공,polygon,True,3499f94e58ea236f25d595b3775df1a5f9ee11ae3f421fef24784b3c559c98cf,grp_ST_14d17c4a63fd,1,ST|porosity,eval,,,,none,,none,,aihub-mock-v1,1,MOCK — 실이미지 없음. 스키마 검증·선행 개발 전용
aihub71761:data/raw/aihub71761/RT/ST/w00603_f2.png,aihub71761,data/raw/aihub71761/RT/ST/w00603_f2.png,15e39d5d61f24cea051a220b6cbeede08f26cdbd8f67718ebf979d4e7bb60b55,1280,720,RT,ST,True,1,porosity,2011,기공,polygon,True,02b6053711ebbe9f526099e748278cd148a5f557068ed7b844f16ef099ea6edd,grp_ST_15e39d5d61f2,3,ST|porosity,train,C1,,,none,,none,,aihub-mock-v1,1,MOCK — 실이미지 없음. 스키마 검증·선행 개발 전용
aihub71761:data/raw/aihub71761/RT/ST/w00510_f0.png,aihub71761,data/raw/aihub71761/RT/ST/w00510_f0.png,161179af205b145a775a487029f25c016a19842e8973a799ad98a9db7c5a467b,1280,720,RT,ST,False,0,,,,polygon,True,0d1d079b41a8f05d8dd1347d35386f3cd6006d8e38f27de692b9e2e73e43a206,grp_ST_161179af205b,1,ST|__normal__,train,C2,,,none,,none,,aihub-mock-v1,1,MOCK — 실이미지 없음. 스키마 검증·선행 개발 전용
aihub71761:data/raw/aihub71761/RT/AL/w00104_f0.png,aihub71761,data/raw/aihub71761/RT/AL/w00104_f0.png,162f7b790bf82e4b8ccdda89723168df8c29bf9c48c8e565ce78bb1cb0e4b600,1280,720,RT,AL,False,0,,,,polygon,True,e51d40f76f5606e3c77c5839fec53a71f0b44e8d395440dba4d40e1010f7e074,grp_AL_162f7b790bf8,1,AL|__normal__,train,C3,,,none,,none,,aihub-mock-v1,1,MOCK — 실이미지 없음. 스키마 검증·선행 개발 전용
aihub71761:data/raw/aihub71761/RT/ST/w00044_f0.png,aihub71761,data/raw/aihub71761/RT/ST/w00044_f0.png,163fb43b31af4b5f56d172481dbf2b443cc712e700d4fecc46bd4cc8f5caecf5,1280,720,RT,ST,False,0,,,,polygon,True,737e75a440bb59b39accecf27a64e07fe63f60deaeb3c41b568a00a18d12eaef,grp_ST_163fb43b31af,1,ST|__normal__,train,C2,,,none,,none,,aihub-mock-v1,1,MOCK — 실이미지 없음. 스키마 검증·선행 개발 전용
aihub71761:data/raw/aihub71761/RT/AL/w00049_f0.png,aihub71761,data/raw/aihub71761/RT/AL/w00049_f0.png,16c588b079ceae33c5efd1d69ce4fb8336e88511ba278a0e3e3892aac4223b04,1280,720,RT,AL,False,0,,,,polygon,True,954b7839f994b6efb7ce12a769f232b678e481eec5b520ec21f42349e9ad754f,grp_AL_16c588b079ce,1,AL|__normal__,train,C3,,,none,,none,,aihub-mock-v1,1,MOCK — 실이미지 없음. 스키마 검증·선행 개발 전용
aihub71761:data/raw/aihub71761/RT/ST/w00204_f2.png,aihub71761,data/raw/aihub71761/RT/ST/w00204_f2.png,16cda05223eb43ba35f6e1f564a9102671fbfa152fa95a207bcc604b079f03a5,1280,720,RT,ST,True,2,crack;porosity,100;2011,균열;기공,polygon,True,dd221eef7dc8d4e9443e1d9a9df2a78e6de9a1de1a829d80ccedb51bbb088d8f,grp_ST_16cda05223eb,3,ST|crack,val,C2,,,none,,none,,aihub-mock-v1,1,MOCK — 실이미지 없음. 스키마 검증·선행 개발 전용
aihub71761:data/raw/aihub71761/RT/AL/w00115_f0.png,aihub71761,data/raw/aihub71761/RT/AL/w00115_f0.png,172c9b30930aefa8e46bead269beb27079a415e01f734c70a428c2ad956e2b9d,1280,720,RT,AL,False,0,,,,polygon,True,46fed2448a11097a6f619b57a9e59b6c4029f2cde9a002fac67261dfea1ef1a5,grp_AL_172c9b30930a,1,AL|__normal__,eval,,,,none,,none,,aihub-mock-v1,1,MOCK — 실이미지 없음. 스키마 검증·선행 개발 전용
aihub71761:data/raw/aihub71761/RT/ST/w00188_f0.png,aihub71761,data/raw/aihub71761/RT/ST/w00188_f0.png,1748ba2dd10f0bc6e17bbeb6d60b88165b8b9483d491c03aee586acd3b46f31d,1280,720,RT,ST,False,0,,,,polygon,True,33df675e9da077da77e30fc4a04e7c6f67b001356c9faf7f43f983c1b44dc14b,grp_ST_1748ba2dd10f,1,ST|__normal__,train,C2,,,none,,none,,aihub-mock-v1,1,MOCK — 실이미지 없음. 스키마 검증·선행 개발 전용
aihub71761:data/raw/aihub71761/RT/ST/w00598_f0.png,aihub71761,data/raw/aihub71761/RT/ST/w00598_f0.png,176043b2389f44f80bd90dd57b32dbfb89030f7a32d6bef86a74a0aecab325f6,1280,720,RT,ST,False,0,,,,polygon,True,d839ff5a3bf8d5cbe9799de45e01e5858c035375a08534bd21bdbe98ce3a515d,grp_ST_176043b2389f,2,ST|__normal__,train,C1,,,none,,none,,aihub-mock-v1,1,MOCK — 실이미지 없음. 스키마 검증·선행 개발 전용
aihub71761:data/raw/aihub71761/RT/ST/w00108_f0.png,aihub71761,data/raw/aihub71761/RT/ST/w00108_f0.png,183f44af724da068d0a89506bf7d47f655cfa9928d22ff3b0a99aa0cfa57b70f,1280,720,RT,ST,False,0,,,,polygon,True,9b4568ff9daca33bf0cb6f7219e20ce71b7381e0c94723ca442f7a0f62e355da,grp_ST_183f44af724d,1,ST|__normal__,train,C2,,,none,,none,,aihub-mock-v1,1,MOCK — 실이미지 없음. 스키마 검증·선행 개발 전용
aihub71761:data/raw/aihub71761/RT/ST/w00481_f0.png,aihub71761,data/raw/aihub71761/RT/ST/w00481_f0.png,184adc0d8c829d91af9ae383ac6eada4b1fab6f8221985db509071631139191f,1280,720,RT,ST,True,2,crack;porosity,100;2011,균열;기공,polygon,True,f704d7b67a8746c8bd7d02693bcf526a40ccaa0cd3f6cbbb5b991950cfd4bd44,grp_ST_184adc0d8c82,1,ST|crack,train,C1,,,none,,none,,aihub-mock-v1,1,MOCK — 실이미지 없음. 스키마 검증·선행 개발 전용
aihub71761:data/raw/aihub71761/RT/ST/w00022_f3.png,aihub71761,data/raw/aihub71761/RT/ST/w00022_f3.png,18b01e2c16c52604bdfb648cca803617fd4cf7d40a1b792ad88b9da77014ac75,1280,720,RT,ST,False,0,,,,polygon,True,8f29942486282f20a23ff9a855d9077620600667007c1bb8ecfdd46e52c71544,grp_ST_18b01e2c16c5,4,ST|__normal__,train,C2,,,none,,none,,aihub-mock-v1,1,MOCK — 실이미지 없음. 스키마 검증·선행 개발 전용
aihub71761:data/raw/aihub71761/RT/ST/w00485_f1.png,aihub71761,data/raw/aihub71761/RT/ST/w00485_f1.png,18b60e5cc7fedeac2af7a312ea6e6da63b2cb8c1c9955ac50b4fcdfeed1ee2e6,1280,720,RT,ST,True,1,porosity,2011,기공,polygon,True,c4b00fa6e080068e5431d3cc2f722042db1e29f508617b308d744b1daef82271,grp_ST_18b60e5cc7fe,2,ST|porosity,eval,,,,none,,none,,aihub-mock-v1,1,MOCK — 실이미지 없음. 스키마 검증·선행 개발 전용
aihub71761:data/raw/aihub71761/RT/ST/w00314_f0.png,aihub71761,data/raw/aihub71761/RT/ST/w00314_f0.png,194ca0ea5d78f7a7dd05b41f40d49b74572b1b0e8d1d32c26b69ebb38d8515c2,1280,720,RT,ST,True,2,crack;porosity,100;2011,균열;기공,polygon,True,e30ccf7599bdac3498e509e898b11c9ccec135cb7acf35fa591778c443d9d9fd,grp_ST_194ca0ea5d78,1,ST|crack,val,C1,,,none,,none,,aihub-mock-v1,1,MOCK — 실이미지 없음. 스키마 검증·선행 개발 전용
aihub71761:data/raw/aihub71761/RT/ST/w00339_f0.png,aihub71761,data/raw/aihub71761/RT/ST/w00339_f0.png,1a02f295d32b3f3181bcb6699ba41310e636313042880abbee2612a320a844e7,1280,720,RT,ST,True,1,porosity,2011,기공,polygon,True,60e0e7cf6a96247380afe449f10f3b5ae7c546b1637d1d7ab235048347f5e49e,grp_ST_1a02f295d32b,1,ST|porosity,train,C1,,,none,,none,,aihub-mock-v1,1,MOCK — 실이미지 없음. 스키마 검증·선행 개발 전용
aihub71761:data/raw/aihub71761/RT/AL/w00085_f0.png,aihub71761,data/raw/aihub71761/RT/AL/w00085_f0.png,1a33649b9408c97aca231d9969dbbd7e4b9e34b160711fbb20d325623c531626,1280,720,RT,AL,False,0,,,,polygon,True,d565dc23728110347e5bba29d0c2fe3c1dc8bca300ae8fb836b55c9a3e2c250b,grp_AL_1a33649b9408,1,AL|__normal__,train,C3,,,none,,none,,aihub-mock-v1,1,MOCK — 실이미지 없음. 스키마 검증·선행 개발 전용
aihub71761:data/raw/aihub71761/RT/ST/w00343_f1.png,aihub71761,data/raw/aihub71761/RT/ST/w00343_f1.png,1a7734cee3bdc8582793f64bc51c0823232f83e3df94dc40e10a51ab1c4c4848,1280,720,RT,ST,False,0,,,,polygon,True,2489984f1de7ac6d1599bedb83add4c788a7b3715fbecde22c0a307b5b5d3fb4,grp_ST_1a7734cee3bd,4,ST|__normal__,train,C2,,,none,,none,,aihub-mock-v1,1,MOCK — 실이미지 없음. 스키마 검증·선행 개발 전용
aihub71761:data/raw/aihub71761/RT/ST/w00201_f0.png,aihub71761,data/raw/aihub71761/RT/ST/w00201_f0.png,1a826ac1f060314d989b1078583de3681ac2e49b3074f99c715eec68bce662a8,1280,720,RT,ST,True,1,porosity,2011,기공,polygon,True,1b0cb9cabd8ccb53731945021190520e761ed2c10811df7d129b3be71e0f1888,grp_ST_089aaf8dcbd9,3,ST|porosity,train,C1,,,none,,none,,aihub-mock-v1,1,MOCK — 실이미지 없음. 스키마 검증·선행 개발 전용
aihub71761:data/raw/aihub71761/RT/ST/w00046_f0.png,aihub71761,data/raw/aihub71761/RT/ST/w00046_f0.png,1aa1939e5c2ed8c339cc45ba612cdb3c321be567fec8880b6fa3e65ad3de5fba,1280,720,RT,ST,True,2,lack_of_fusion;porosity,2011;401,기공;융합불량,polygon,True,19ae8db1204d30a55a3eebf5dde09fc14054c853f69beb96b62387e95a3373eb,grp_ST_1aa1939e5c2e,1,ST|lack_of_fusion,eval,,,,none,,none,,aihub-mock-v1,1,MOCK — 실이미지 없음. 스키마 검증·선행 개발 전용
aihub71761:data/raw/aihub71761/RT/ST/w00292_f2.png,aihub71761,data/raw/aihub71761/RT/ST/w00292_f2.png,1aa201090de708ae43319554e4b7c3029e91c18e495964b2ffa3e275699da328,1280,720,RT,ST,True,1,porosity,2011,기공,polygon,True,095db37d856c23b4250cff51d62f59608dc98dcfd62b59f1f529dc52a0be6713,grp_ST_06c8460b6887,4,ST|porosity,val,C1,,,none,,none,,aihub-mock-v1,1,MOCK — 실이미지 없음. 스키마 검증·선행 개발 전용
aihub71761:data/raw/aihub71761/RT/ST/w00062_f0.png,aihub71761,data/raw/aihub71761/RT/ST/w00062_f0.png,1aec398872e49c3dc6c30d73574b75573553fb69d2109fea2ec88298b4dfd8bd,1280,720,RT,ST,True,1,porosity,2011,기공,polygon,True,0473f248d3ab0eabdcb985dcb079f8299862338a676903d5d72b12a183e89fed,grp_ST_1aec398872e4,1,ST|porosity,eval,,judgment_2000,,none,,none,,aihub-mock-v1,1,MOCK — 실이미지 없음. 스키마 검증·선행 개발 전용
aihub71761:data/raw/aihub71761/RT/ST/w00393_f0.png,aihub71761,data/raw/aihub71761/RT/ST/w00393_f0.png,1b4114877da9f7ec1d7cc57e71cf5694d9e0820105e29eb1444f47369791d432,1280,720,RT,ST,True,1,porosity,2011,기공,polygon,True,5b423cf2628c9e3fcab19ebc62ec3e5b270dc0a3d4e092210eec97e5e8b5f1d3,grp_ST_1b4114877da9,1,ST|porosity,train,C1,,,none,,none,,aihub-mock-v1,1,MOCK — 실이미지 없음. 스키마 검증·선행 개발 전용
aihub71761:data/raw/aihub71761/RT/ST/w00241_f1.png,aihub71761,data/raw/aihub71761/RT/ST/w00241_f1.png,1b6689d1667f8d8e209a202fc713b7356ccd54e77a1c3c662ca94b5ef720e9e9,1280,720,RT,ST,False,0,,,,polygon,True,50eed4d642bf10326f077da528aa01c82b54e6c4a0f3329890d2ba53d356ebb2,grp_ST_1b6689d1667f,3,ST|__normal__,train,C2,,,none,,none,,aihub-mock-v1,1,MOCK — 실이미지 없음. 스키마 검증·선행 개발 전용
aihub71761:data/raw/aihub71761/RT/ST/w00034_f0.png,aihub71761,data/raw/aihub71761/RT/ST/w00034_f0.png,1b67e9533445a514c456bd02584d8182361a8ab0f1232c56d82387b79ac6f898,1280,720,RT,ST,False,0,,,,polygon,True,fa6d21e29d46c08a6875cc59568aa4aacfa3ddd6d76533d97ea36afaa943caa5,grp_ST_1b67e9533445,1,ST|__normal__,train,C2,,,none,,none,,aihub-mock-v1,1,MOCK — 실이미지 없음. 스키마 검증·선행 개발 전용
aihub71761:data/raw/aihub71761/RT/ST/w00580_f0.png,aihub71761,data/raw/aihub71761/RT/ST/w00580_f0.png,1b97838423f3213fccad5b7d5306c1e275bcafe28ab385ebec26b50fc27a657e,1280,720,RT,ST,True,1,porosity,2011,기공,polygon,True,b2a44180d2034e35440f8ff334483bc0cab000b1cedcbdd2e733a3eccf34c086,grp_ST_1b97838423f3,1,ST|porosity,train,C1,,,none,,none,,aihub-mock-v1,1,MOCK — 실이미지 없음. 스키마 검증·선행 개발 전용
aihub71761:data/raw/aihub71761/RT/AL/w00074_f0.png,aihub71761,data/raw/aihub71761/RT/AL/w00074_f0.png,1bd6a970bf08f83a231e3135300b1d05a95daf4aa72b5a21f53df7b076df33c3,1280,720,RT,AL,True,1,porosity,2011,기공,polygon,True,64d3f9935efbf77847cb2f1a3bd4b044c99c73e65520e400cf1a62bf8b7609e2,grp_AL_1bd6a970bf08,1,AL|porosity,train,C3,,,none,,none,,aihub-mock-v1,1,MOCK — 실이미지 없음. 스키마 검증·선행 개발 전용
aihub71761:data/raw/aihub71761/RT/AL/w00024_f0.png,aihub71761,data/raw/aihub71761/RT/AL/w00024_f0.png,1bf3081ac8e810b1649449411a2dd4ede6b9fd53addc2a410f462174fb50951a,1280,720,RT,AL,True,1,porosity,2011,기공,polygon,True,71725e1fad72bb3e826ea8bc33518ae1b58ffdbb22971b35344ca68c262fbc96,grp_AL_1bf3081ac8e8,1,AL|porosity,train,C3,,,none,,none,,aihub-mock-v1,1,MOCK — 실이미지 없음. 스키마 검증·선행 개발 전용
aihub71761:data/raw/aihub71761/RT/AL/w00057_f0.png,aihub71761,data/raw/aihub71761/RT/AL/w00057_f0.png,1c06b2fa8bdd7895a62245a8a1cf00b5d0ecd884dfbbd7d44b05107be65af3d5,1280,720,RT,AL,False,0,,,,polygon,True,8bcb507ff8457f0cd8fdb36d0e1d93157a27fbc3bd3792320463661f0558ff0d,grp_AL_1c06b2fa8bdd,1,AL|__normal__,train,C3,,,none,,none,,aihub-mock-v1,1,MOCK — 실이미지 없음. 스키마 검증·선행 개발 전용
aihub71761:data/raw/aihub71761/RT/ST/w00043_f0.png,aihub71761,data/raw/aihub71761/RT/ST/w00043_f0.png,1c09e6bfea6f8814a77ee7d91d1908fcf71480b92f0707572ca9a63e1ed4fc41,1280,720,RT,ST,True,1,lack_of_fusion,401,융합불량,polygon,True,71bf9c7852d3a89ce5f5505f4e7b80c5db7747058fdb5105959561a15dcdec15,grp_ST_1c09e6bfea6f,1,ST|lack_of_fusion,train,C1,,,none,,none,,aihub-mock-v1,1,MOCK — 실이미지 없음. 스키마 검증·선행 개발 전용
aihub71761:data/raw/aihub71761/RT/ST/w00375_f0.png,aihub71761,data/raw/aihub71761/RT/ST/w00375_f0.png,1c733aad2e21ba96dbce626383c2eafa85976993bfcf4eba675bf67e4537659a,1280,720,RT,ST,False,0,,,,polygon,True,412d14e8dffd110bb19fdadc56d3c098a936ec18ae64fe2a5271c0f2935da3cd,grp_ST_1c733aad2e21,1,ST|__normal__,train,C1,,,none,,none,,aihub-mock-v1,1,MOCK — 실이미지 없음. 스키마 검증·선행 개발 전용
aihub71761:data/raw/aihub71761/RT/AL/w00116_f1.png,aihub71761,data/raw/aihub71761/RT/AL/w00116_f1.png,1ca44bb3e02e8d27e3eea8a6b29c1535f3d0c3fd29974325935c219a201e21ff,1280,720,RT,AL,True,1,porosity,2011,기공,polygon,True,0566cf6d561b17517da3d7b76698a0b8324188c1b2bd223054bfaee3e2e549f2,grp_AL_1ca44bb3e02e,3,AL|porosity,eval,,,,none,,none,,aihub-mock-v1,1,MOCK — 실이미지 없음. 스키마 검증·선행 개발 전용
aihub71761:data/raw/aihub71761/RT/ST/w00360_f0.png,aihub71761,data/raw/aihub71761/RT/ST/w00360_f0.png,1cfaf76226806839e717a00b24f80f33caafb1866915036a39b67929c9cb1b77,1280,720,RT,ST,True,2,crack;porosity,100;2011,균열;기공,polygon,True,e9d615fc2978aada3e7379e7b351175e9a90878ea186aa29dbd4590250fa3a55,grp_ST_1cfaf7622680,1,ST|crack,train,C1,,,none,,none,,aihub-mock-v1,1,MOCK — 실이미지 없음. 스키마 검증·선행 개발 전용
aihub71761:data/raw/aihub71761/RT/ST/w00251_f1.png,aihub71761,data/raw/aihub71761/RT/ST/w00251_f1.png,1d49b1e89f73411218894854b2806d3ed2a7539a0f2397437a771866ddb4c32f,1280,720,RT,ST,True,1,slag_inclusion,301,슬래그혼입,polygon,True,16dee6bc49a64a84fd4ecbb46d91269558bc8e41e818703ee2623579f4b02852,grp_ST_1d49b1e89f73,3,ST|slag_inclusion,train,C1,,,none,,none,,aihub-mock-v1,1,MOCK — 실이미지 없음. 스키마 검증·선행 개발 전용
aihub71761:data/raw/aihub71761/RT/ST/w00338_f0.png,aihub71761,data/raw/aihub71761/RT/ST/w00338_f0.png,1d5e92dea3ba7cb728c9fb486d231e457246b275512bf46435d8838cfce8fd9f,1280,720,RT,ST,True,1,porosity,2011,기공,polygon,True,abc3eb390096a42a61e71dfb6216151adc497dfd99a76fb90e78c48e53e84024,grp_ST_1d5e92dea3ba,1,ST|porosity,eval,,judgment_2000,,none,,none,,aihub-mock-v1,1,MOCK — 실이미지 없음. 스키마 검증·선행 개발 전용
aihub71761:data/raw/aihub71761/RT/ST/w00040_f3.png,aihub71761,data/raw/aihub71761/RT/ST/w00040_f3.png,1daaa0a2940eb28c38422a2c6766af736d49301f999a1f270961a905756db4fc,1280,720,RT,ST,False,0,,,,polygon,True,c28365f2951dc9a90c4aac0565fcc9d8a849f9f5020d9855bf1404fb162807d3,grp_ST_1daaa0a2940e,4,ST|__normal__,eval,,,,none,,none,,aihub-mock-v1,1,MOCK — 실이미지 없음. 스키마 검증·선행 개발 전용
aihub71761:data/raw/aihub71761/RT/ST/w00502_f0.png,aihub71761,data/raw/aihub71761/RT/ST/w00502_f0.png,1db3575c1e652b495b38b0a7682fb0f137c87cf5bc5f6e0cb986f229136ff465,1280,720,RT,ST,False,0,,,,polygon,True,26496b1b3412ffcc5c47fa35c7a7c6fd4eecad3f8474baead96d6921f15bcfd3,grp_ST_1db3575c1e65,1,ST|__normal__,train,C1,,,none,,none,,aihub-mock-v1,1,MOCK — 실이미지 없음. 스키마 검증·선행 개발 전용
aihub71761:data/raw/aihub71761/RT/ST/w00040_f0.png,aihub71761,data/raw/aihub71761/RT/ST/w00040_f0.png,1de1204b79f4c2f94c13373354c8a1e2c33189119fe56e87d0c4d696a5dac5f6,1280,720,RT,ST,False,0,,,,polygon,True,c28365f2951dc9a90c4aac0565fcc9d8a849f9f5020d9855bf1404fb162807d3,grp_ST_1daaa0a2940e,4,ST|__normal__,eval,,,,none,,none,,aihub-mock-v1,1,MOCK — 실이미지 없음. 스키마 검증·선행 개발 전용
aihub71761:data/raw/aihub71761/RT/AL/w00011_f0.png,aihub71761,data/raw/aihub71761/RT/AL/w00011_f0.png,1df22ce90218f2d65cd16c082a102242223fa18bf1f03abcea57b22f5233aef7,1280,720,RT,AL,True,1,slag_inclusion,301,슬래그혼입,polygon,True,02254a5a6229d885226424233afe0348bef4b371e3d26987aa5520b5081a3521,grp_AL_1df22ce90218,1,AL|slag_inclusion,train,C3,,,none,,none,,aihub-mock-v1,1,MOCK — 실이미지 없음. 스키마 검증·선행 개발 전용
aihub71761:data/raw/aihub71761/RT/ST/w00512_f2.png,aihub71761,data/raw/aihub71761/RT/ST/w00512_f2.png,1fa19c773d3f05e4ffd335ad0b3860f97211c26d9ef36bf1275da563b6d522b9,1280,720,RT,ST,True,1,lack_of_fusion,401,융합불량,polygon,True,9e4b88324259596eaa31c05df69e8a8ca2860696934eb69803ba08b317df22e0,grp_ST_1fa19c773d3f,3,ST|lack_of_fusion,eval,,,,none,,none,,aihub-mock-v1,1,MOCK — 실이미지 없음. 스키마 검증·선행 개발 전용
aihub71761:data/raw/aihub71761/RT/ST/w00210_f0.png,aihub71761,data/raw/aihub71761/RT/ST/w00210_f0.png,1fa1aef9080ad973d8a8d2f23152322e4d755a85e4e09d8253130f4f08fe6841,1280,720,RT,ST,True,1,porosity,2011,기공,polygon,True,075637464093cd4fa79606f5aa1ba077330f6d17afa023a03308471131545892,grp_ST_1fa1aef9080a,1,ST|porosity,train,C1,,,none,,none,,aihub-mock-v1,1,MOCK — 실이미지 없음. 스키마 검증·선행 개발 전용
aihub71761:data/raw/aihub71761/RT/ST/w00431_f0.png,aihub71761,data/raw/aihub71761/RT/ST/w00431_f0.png,1fabf619cfb98ff7169aca4acd22bf507da994dc87ba391b986068b0ad69350f,1280,720,RT,ST,True,1,porosity,2011,기공,polygon,True,eed2a323895cd1ea09680fb517b0e03ff4c4c60316e99001c9751557ee9d75f0,grp_ST_1fabf619cfb9,1,ST|porosity,train,C1,,,none,,none,,aihub-mock-v1,1,MOCK — 실이미지 없음. 스키마 검증·선행 개발 전용
aihub71761:data/raw/aihub71761/RT/ST/w00169_f1.png,aihub71761,data/raw/aihub71761/RT/ST/w00169_f1.png,1fc82824525a428e56478074a731589154cd4aad6557a42167e50aecf484eb39,1280,720,RT,ST,True,1,porosity,2011,기공,polygon,True,8a349c1cbeb10454e0a21855a9a900eb9ff52e759f77434eab253b9f75bba086,grp_ST_1fc82824525a,2,ST|porosity,train,C1,,,none,,none,,aihub-mock-v1,1,MOCK — 실이미지 없음. 스키마 검증·선행 개발 전용
aihub71761:data/raw/aihub71761/RT/ST/w00110_f3.png,aihub71761,data/raw/aihub71761/RT/ST/w00110_f3.png,1ff85f0c5a0e9abb6824d6659ea2c78d689501d0eafa931b10209eb16ad821d9,1280,720,RT,ST,True,1,porosity,2011,기공,polygon,True,069dc0fb0061a349a33ddff04ad45a3fdba61ea347856978f955bb9f56579d4d,grp_ST_1ff85f0c5a0e,4,ST|porosity,train,C1,,,none,,none,,aihub-mock-v1,1,MOCK — 실이미지 없음. 스키마 검증·선행 개발 전용
aihub71761:data/raw/aihub71761/RT/ST/w00525_f2.png,aihub71761,data/raw/aihub71761/RT/ST/w00525_f2.png,202809c3497eecc0f8dbd835d528d95283acc8e37dbaccd4a66fdbd7aba785ea,1280,720,RT,ST,False,0,,,,polygon,True,2785aac4c9aa272fe8631dfd650dcee5492ce959820e92d1b55d2d23435fdce0,grp_ST_202809c3497e,4,ST|__normal__,train,C2,,,none,,none,,aihub-mock-v1,1,MOCK — 실이미지 없음. 스키마 검증·선행 개발 전용
aihub71761:data/raw/aihub71761/RT/ST/w00322_f1.png,aihub71761,data/raw/aihub71761/RT/ST/w00322_f1.png,204bc97ed7bb43aaa36881d4c34771f7de99ba51dfe59342ebfd9d7183e68f54,1280,720,RT,ST,True,1,porosity,2011,기공,polygon,True,627e424c4698735e1a42a5c9393a61935c3f61c2768c9c09656deabb1a60dd64,grp_ST_204bc97ed7bb,4,ST|porosity,train,C1,,,none,,none,,aihub-mock-v1,1,MOCK — 실이미지 없음. 스키마 검증·선행 개발 전용
aihub71761:data/raw/aihub71761/RT/ST/w00023_f0.png,aihub71761,data/raw/aihub71761/RT/ST/w00023_f0.png,205c0207c7898f5c368230af013cb578c3606a6cc9719773062827139aa067e6,1280,720,RT,ST,True,1,porosity,2011,기공,polygon,True,17e2acda34fbd413e0b1b0c756825df7b3053d34e0424d507b7cb89a05a1e3ca,grp_ST_205c0207c789,1,ST|porosity,train,C1,,,none,,none,,aihub-mock-v1,1,MOCK — 실이미지 없음. 스키마 검증·선행 개발 전용
aihub71761:data/raw/aihub71761/RT/ST/w00465_f0.png,aihub71761,data/raw/aihub71761/RT/ST/w00465_f0.png,206edfe045f1833fa50553925350a1e1f988e0601953af1d5716bec237638603,1280,720,RT,ST,True,1,lack_of_fusion,401,융합불량,polygon,True,a0c3920f1836bfa638df341bef3c60108f50f3ff040bd881342f706bc3114020,grp_ST_206edfe045f1,1,ST|lack_of_fusion,train,C1,,,none,,none,,aihub-mock-v1,1,MOCK — 실이미지 없음. 스키마 검증·선행 개발 전용
aihub71761:data/raw/aihub71761/RT/ST/w00542_f0.png,aihub71761,data/raw/aihub71761/RT/ST/w00542_f0.png,2085a5b5cf3d6e9b29ddc51a4587917a5fab5109c2d3b62397b20e5d5e87f109,1280,720,RT,ST,True,1,porosity,2011,기공,polygon,True,9463bd5618709b67eca198d890292c4809879a9ed9beef11ed72568987e2c859,grp_ST_2085a5b5cf3d,2,ST|porosity,train,C1,,,none,,none,,aihub-mock-v1,1,MOCK — 실이미지 없음. 스키마 검증·선행 개발 전용
aihub71761:data/raw/aihub71761/RT/ST/w00092_f0.png,aihub71761,data/raw/aihub71761/RT/ST/w00092_f0.png,208744af3bc1162f82211b9ab4a14f86c7c95e4d989b36c36cac09b898aafd3f,1280,720,RT,ST,True,1,porosity,2011,기공,polygon,True,bcb30b2aa0d704da6c60c331d7b8784e5c9ac4a8d04460c2454393758a877ae9,grp_ST_208744af3bc1,1,ST|porosity,train,C1,,,none,,none,,aihub-mock-v1,1,MOCK — 실이미지 없음. 스키마 검증·선행 개발 전용
aihub71761:data/raw/aihub71761/RT/ST/w00593_f0.png,aihub71761,data/raw/aihub71761/RT/ST/w00593_f0.png,2098e5297112ad03bb233fff574aacb254d7b32663b4f52b63d782731c6fa3fb,1280,720,RT,ST,False,0,,,,polygon,True,fee67c7435cffa3736881eab03da328e5b20d1b7ee2849c46b4720d30191d382,grp_ST_2098e5297112,1,ST|__normal__,train,C2,,,none,,none,,aihub-mock-v1,1,MOCK — 실이미지 없음. 스키마 검증·선행 개발 전용
aihub71761:data/raw/aihub71761/RT/ST/w00116_f0.png,aihub71761,data/raw/aihub71761/RT/ST/w00116_f0.png,20b33389c94da53145cbfc9935827a7f507c7a87fbc239630061469a04b39f31,1280,720,RT,ST,True,1,porosity,2011,기공,polygon,True,8e713932862bf3b191a21208d961afae0ca56ac87a63f6fbabdb7866b7c7b876,grp_ST_20b33389c94d,1,ST|porosity,eval,,,,none,,none,,aihub-mock-v1,1,MOCK — 실이미지 없음. 스키마 검증·선행 개발 전용
aihub71761:data/raw/aihub71761/RT/AL/w00004_f1.png,aihub71761,data/raw/aihub71761/RT/AL/w00004_f1.png,20be7a35deb9a837944d6f30a5d346c73c34ead129b6c005190d1964510ee1d6,1280,720,RT,AL,False,0,,,,polygon,True,e4ff809a3dc8babdad8192d992925932f5222473445e2d5ace42c93d1f5473be,grp_AL_20be7a35deb9,2,AL|__normal__,train,C3,,,none,,none,,aihub-mock-v1,1,MOCK — 실이미지 없음. 스키마 검증·선행 개발 전용
aihub71761:data/raw/aihub71761/RT/ST/w00214_f0.png,aihub71761,data/raw/aihub71761/RT/ST/w00214_f0.png,20fa453db747c3eba4a9da7fa891b416f6afa683c41e5bfff34d3e31c575475c,1280,720,RT,ST,False,0,,,,polygon,True,a32d9bbc1c020e37f023ec50bd82bb1a3937cd40c20e407736ccba29a4b48200,grp_ST_20fa453db747,1,ST|__normal__,train,C2,,,none,,none,,aihub-mock-v1,1,MOCK — 실이미지 없음. 스키마 검증·선행 개발 전용
aihub71761:data/raw/aihub71761/RT/ST/w00130_f0.png,aihub71761,data/raw/aihub71761/RT/ST/w00130_f0.png,20fa48a29d2e4fec622ece794047c8892114023fa3984e2600ab91b8d1706619,1280,720,RT,ST,True,1,porosity,2011,기공,polygon,True,6b58d05b8fdc7c7f061b4899380ac19e47ef4e0ac189b47b53a79f5c84d1114d,grp_ST_20fa48a29d2e,2,ST|porosity,train,C1,,,none,,none,,aihub-mock-v1,1,MOCK — 실이미지 없음. 스키마 검증·선행 개발 전용
aihub71761:data/raw/aihub71761/RT/ST/w00150_f1.png,aihub71761,data/raw/aihub71761/RT/ST/w00150_f1.png,21240fbbed36ce5b45dab19d26b25ec0d2c56eab78fc8f4bcd207ccf3947ef24,1280,720,RT,ST,False,0,,,,polygon,True,5346042475942ae9d9e43d0ffb795b0f00ac9aede36ad9dd0ac9eedcd19b1e50,grp_ST_21240fbbed36,4,ST|__normal__,eval,,judgment_2000,,none,,none,,aihub-mock-v1,1,MOCK — 실이미지 없음. 스키마 검증·선행 개발 전용
aihub71761:data/raw/aihub71761/RT/ST/w00569_f0.png,aihub71761,data/raw/aihub71761/RT/ST/w00569_f0.png,2176452b536aa444e8aace44d288c9fcf207f5022634073094fcb681efed433c,1280,720,RT,ST,True,1,porosity,2011,기공,polygon,True,48911bf915d9dc3e678631887b25d3337c8bdf2caad3ef28a65b17794a7a4e40,grp_ST_2176452b536a,1,ST|porosity,train,C1,,,none,,none,,aihub-mock-v1,1,MOCK — 실이미지 없음. 스키마 검증·선행 개발 전용
aihub71761:data/raw/aihub71761/RT/ST/w00110_f0.png,aihub71761,data/raw/aihub71761/RT/ST/w00110_f0.png,21da95f37c1a43c19d04c3d624193ccb8281d8b13c8a14914604689f8e34e0be,1280,720,RT,ST,True,1,porosity,2011,기공,polygon,True,069dc0fb0061a349a33ddff04ad45a3fdba61ea347856978f955bb9f56579d4d,grp_ST_1ff85f0c5a0e,4,ST|porosity,train,C1,,,none,,none,,aihub-mock-v1,1,MOCK — 실이미지 없음. 스키마 검증·선행 개발 전용
aihub71761:data/raw/aihub71761/RT/ST/w00392_f0.png,aihub71761,data/raw/aihub71761/RT/ST/w00392_f0.png,22738356caf6d9401e72c461c29b066e7fca86bd49b33471d892201e0c112525,1280,720,RT,ST,True,1,porosity,2011,기공,polygon,True,b642425ed54de131ba0fd0be1d96ccb72d9eceb24c72d93c74d9b6a919670c34,grp_ST_22738356caf6,1,ST|porosity,eval,,,,none,,none,,aihub-mock-v1,1,MOCK — 실이미지 없음. 스키마 검증·선행 개발 전용
aihub71761:data/raw/aihub71761/RT/ST/w00480_f3.png,aihub71761,data/raw/aihub71761/RT/ST/w00480_f3.png,22a0684c272c2e7e78be8ffcb38ccc674ee43e75c7497c83260751fd548979ab,1280,720,RT,ST,True,1,porosity,2011,기공,polygon,True,1ca4bd5a511adfa6805b70263ea3874ae25a83a29711139adb336377dd09942b,grp_ST_22a0684c272c,4,ST|porosity,eval,,,,none,,none,,aihub-mock-v1,1,MOCK — 실이미지 없음. 스키마 검증·선행 개발 전용
aihub71761:data/raw/aihub71761/RT/ST/w00297_f0.png,aihub71761,data/raw/aihub71761/RT/ST/w00297_f0.png,22a58446b9e662d7ac20dc0d4a913e8a972557d2746941c74b54910e614c5a5b,1280,720,RT,ST,True,1,porosity,2011,기공,polygon,True,34451e6853ee7b67e1c0a644aa3a601dacddd4cbd5f2e92b475537e99c7c5270,grp_ST_22a58446b9e6,1,ST|porosity,eval,,,,none,,none,,aihub-mock-v1,1,MOCK — 실이미지 없음. 스키마 검증·선행 개발 전용
aihub71761:data/raw/aihub71761/RT/ST/w00323_f1.png,aihub71761,data/raw/aihub71761/RT/ST/w00323_f1.png,22a8ea0cfae05fe6da44653413db2adba688a01a05295607492fe4679b8b6542,1280,720,RT,ST,True,1,porosity,2011,기공,polygon,True,e099583aba4fa8ac9ecbdc08d91287216cd7a0e595f435e73ad8cb898b851ecc,grp_ST_22a8ea0cfae0,2,ST|porosity,train,C1,,,none,,none,,aihub-mock-v1,1,MOCK — 실이미지 없음. 스키마 검증·선행 개발 전용
aihub71761:data/raw/aihub71761/RT/ST/w00421_f1.png,aihub71761,data/raw/aihub71761/RT/ST/w00421_f1.png,22f02f12bd11960cc238294fa934996b600013a7b3e61b82b1d2b08f82e09865,1280,720,RT,ST,True,1,lack_of_fusion,401,융합불량,polygon,True,285b52a5cbe6170e3ebe1c46e567a095f2d8ca325c0f33c6c4418ace1a7e7f0d,grp_ST_22f02f12bd11,4,ST|lack_of_fusion,train,C1,,,none,,none,,aihub-mock-v1,1,MOCK — 실이미지 없음. 스키마 검증·선행 개발 전용
aihub71761:data/raw/aihub71761/RT/ST/w00253_f2.png,aihub71761,data/raw/aihub71761/RT/ST/w00253_f2.png,23434bb3dd33175a08d564663b3ba8c8fbad8cfade57665a5f598cd48a1e6556,1280,720,RT,ST,True,1,porosity,2011,기공,polygon,True,fe36a339b2b451e7daf5f2eb89fed66b761d068b3d27a8924348768d67ad5ba8,grp_ST_23434bb3dd33,4,ST|porosity,train,C1,,,none,,none,,aihub-mock-v1,1,MOCK — 실이미지 없음. 스키마 검증·선행 개발 전용
aihub71761:data/raw/aihub71761/RT/ST/w00003_f1.png,aihub71761,data/raw/aihub71761/RT/ST/w00003_f1.png,2371e4a16b7727935ea15c654d03c19748eec71e80e9851f41134e67d1554e94,1280,720,RT,ST,True,2,lack_of_fusion;porosity,2011;401,기공;융합불량,polygon,True,bfab053859a591339edfd5c5a9d53d564b5b5285d5ef21cd615d810fca441d86,grp_ST_07103b868959,4,ST|lack_of_fusion,train,C1,,,none,,none,,aihub-mock-v1,1,MOCK — 실이미지 없음. 스키마 검증·선행 개발 전용
aihub71761:data/raw/aihub71761/RT/ST/w00577_f0.png,aihub71761,data/raw/aihub71761/RT/ST/w00577_f0.png,23c5d1fceffb803d54963446df58df21a4c6e1ca3c8c1739c739d2bff8184e4f,1280,720,RT,ST,True,1,porosity,2011,기공,polygon,True,da8630eb30263816bb0e9b01c37de1f7c261b579b44ba68db09034560e4a2b3e,grp_ST_23c5d1fceffb,1,ST|porosity,train,C1,,,none,,none,,aihub-mock-v1,1,MOCK — 실이미지 없음. 스키마 검증·선행 개발 전용
aihub71761:data/raw/aihub71761/RT/ST/w00571_f1.png,aihub71761,data/raw/aihub71761/RT/ST/w00571_f1.png,24061026433b5cf6013a2e75c12a0f5410e9d79a1ba9dc1c63c86eb0c269d901,1280,720,RT,ST,True,1,porosity,2011,기공,polygon,True,1c47909a3a7132850d01a7968cc7dc54713a522868b79e8bde833133c6d38bf0,grp_ST_24061026433b,4,ST|porosity,eval,,,,none,,none,,aihub-mock-v1,1,MOCK — 실이미지 없음. 스키마 검증·선행 개발 전용
aihub71761:data/raw/aihub71761/RT/ST/w00534_f0.png,aihub71761,data/raw/aihub71761/RT/ST/w00534_f0.png,240a002190aa032ed1dc2ca65df92c13584aa0ae5d6a12693bfffeaea5ac026f,1280,720,RT,ST,False,0,,,,polygon,True,5fd4cb5a30de84c31e82e4a84d6b5ba018e990347c92248e8641ca6c0aef1242,grp_ST_240a002190aa,1,ST|__normal__,train,C2,,,none,,none,,aihub-mock-v1,1,MOCK — 실이미지 없음. 스키마 검증·선행 개발 전용
aihub71761:data/raw/aihub71761/RT/ST/w00038_f0.png,aihub71761,data/raw/aihub71761/RT/ST/w00038_f0.png,2412c882e4b3485ec2ac400aa5068d7b18b47ea686345a0d626d3c21f1357a0c,1280,720,RT,ST,False,0,,,,polygon,True,676bd59d7a3e3d7af956d29ff8c1c3f81affab72576dc0d65293db6321946979,grp_ST_2412c882e4b3,1,ST|__normal__,train,C2,,,none,,none,,aihub-mock-v1,1,MOCK — 실이미지 없음. 스키마 검증·선행 개발 전용
aihub71761:data/raw/aihub71761/RT/ST/w00071_f2.png,aihub71761,data/raw/aihub71761/RT/ST/w00071_f2.png,2438fd20a41d829f02a570703032ff1ec3aa57026a08a8d7fbd1725fa4f7ebaf,1280,720,RT,ST,False,0,,,,polygon,True,083efc1b2d172bc288033d4cb916bda17d3b735af986ac20b9eb934b8a9f244e,grp_ST_2438fd20a41d,4,ST|__normal__,train,C1,,,none,,none,,aihub-mock-v1,1,MOCK — 실이미지 없음. 스키마 검증·선행 개발 전용
aihub71761:data/raw/aihub71761/RT/ST/w00525_f1.png,aihub71761,data/raw/aihub71761/RT/ST/w00525_f1.png,2520ff19c8d133a455c88e921e9af24a21f4715c01c68986636824ae552630f5,1280,720,RT,ST,False,0,,,,polygon,True,2785aac4c9aa272fe8631dfd650dcee5492ce959820e92d1b55d2d23435fdce0,grp_ST_202809c3497e,4,ST|__normal__,train,C2,,,none,,none,,aihub-mock-v1,1,MOCK — 실이미지 없음. 스키마 검증·선행 개발 전용
aihub71761:data/raw/aihub71761/RT/ST/w00057_f0.png,aihub71761,data/raw/aihub71761/RT/ST/w00057_f0.png,25308c598cecc90aba48401ec459707da55854d390cab579d889a24ec179791d,1280,720,RT,ST,False,0,,,,polygon,True,cb77be257e50ed6d78cbe45ef9309e7aba9c590743f9567062f8a87cfc69506c,grp_ST_25308c598cec,1,ST|__normal__,train,C2,,,none,,none,,aihub-mock-v1,1,MOCK — 실이미지 없음. 스키마 검증·선행 개발 전용
aihub71761:data/raw/aihub71761/RT/ST/w00418_f0.png,aihub71761,data/raw/aihub71761/RT/ST/w00418_f0.png,2546e6b649ac34769474f5a43ccd37372c318417fd25b81c35a786e9ceacc4e7,1280,720,RT,ST,True,1,porosity,2011,기공,polygon,True,ba9898f6a47ef0d55ba3d904f0f673cc922b67cf525a0ec090819d823e55b191,grp_ST_2546e6b649ac,1,ST|porosity,train,C1,,,none,,none,,aihub-mock-v1,1,MOCK — 실이미지 없음. 스키마 검증·선행 개발 전용
aihub71761:data/raw/aihub71761/RT/ST/w00239_f0.png,aihub71761,data/raw/aihub71761/RT/ST/w00239_f0.png,25549cce88c9d492e4e0425670d6e0394e81d81b875ff3b654077408c9e608f8,1280,720,RT,ST,False,0,,,,polygon,True,f53e3f138e98d246fb201d23cadeb0cd1e98e57f8af8d4b1bf16460d39296d54,grp_ST_25549cce88c9,1,ST|__normal__,val,C2,,,none,,none,,aihub-mock-v1,1,MOCK — 실이미지 없음. 스키마 검증·선행 개발 전용
aihub71761:data/raw/aihub71761/RT/ST/w00403_f0.png,aihub71761,data/raw/aihub71761/RT/ST/w00403_f0.png,26041d09e2e7e6f3f91218eff256666a787c7e26418b1a343fd754386d2b4dd4,1280,720,RT,ST,False,0,,,,polygon,True,ab43e0530790a931962ab314cb40ba66f763e26a1457f9349f9ea976499e5718,grp_ST_26041d09e2e7,1,ST|__normal__,train,C2,,,none,,none,,aihub-mock-v1,1,MOCK — 실이미지 없음. 스키마 검증·선행 개발 전용
aihub71761:data/raw/aihub71761/RT/ST/w00398_f0.png,aihub71761,data/raw/aihub71761/RT/ST/w00398_f0.png,2609e61df8aaa9a0a7c0a2b184959422bca327bed8e08e64caf9daa4f1919d12,1280,720,RT,ST,True,1,porosity,2011,기공,polygon,True,a7538e699974a15f9c5dded700113ec7820aab33fe021b6d386b67303218beab,grp_ST_2609e61df8aa,4,ST|porosity,eval,,,,none,,none,,aihub-mock-v1,1,MOCK — 실이미지 없음. 스키마 검증·선행 개발 전용
aihub71761:data/raw/aihub71761/RT/ST/w00368_f0.png,aihub71761,data/raw/aihub71761/RT/ST/w00368_f0.png,260a46778f0da5305fe267f6590783b2acedc9ceab03fa0e827f42d060e97006,1280,720,RT,ST,True,1,lack_of_fusion,401,융합불량,polygon,True,aee4a90eba9d25f22011b587976d609273cc286ab2623f5d03057cab87b4c319,grp_ST_260a46778f0d,1,ST|lack_of_fusion,train,C1,,,none,,none,,aihub-mock-v1,1,MOCK — 실이미지 없음. 스키마 검증·선행 개발 전용
aihub71761:data/raw/aihub71761/RT/ST/w00128_f0.png,aihub71761,data/raw/aihub71761/RT/ST/w00128_f0.png,264ed00bb25329c2e9f849d7dde6acb86ae337e35499890f745f0572ddea7a25,1280,720,RT,ST,False,0,,,,polygon,True,681c43f22ba84e71c8fa86cac16120cbb7b597ced53211077a0ebc40f9cf8fd0,grp_ST_264ed00bb253,1,ST|__normal__,train,C2,,,none,,none,,aihub-mock-v1,1,MOCK — 실이미지 없음. 스키마 검증·선행 개발 전용
aihub71761:data/raw/aihub71761/RT/ST/w00493_f0.png,aihub71761,data/raw/aihub71761/RT/ST/w00493_f0.png,2650cf9484ea93a10d0c77b242caaaf2dd664054414e040e035a8acb8667f286,1280,720,RT,ST,True,1,lack_of_fusion,401,융합불량,polygon,True,49664b2afce3815265742171047c2187489771ed934f8b4684095313cc81fa36,grp_ST_2650cf9484ea,1,ST|lack_of_fusion,train,C1,,,none,,none,,aihub-mock-v1,1,MOCK — 실이미지 없음. 스키마 검증·선행 개발 전용
aihub71761:data/raw/aihub71761/RT/ST/w00361_f1.png,aihub71761,data/raw/aihub71761/RT/ST/w00361_f1.png,2662a319194f9e12770a89227711903c55f795d949946c50b7506a801bed8a71,1280,720,RT,ST,False,0,,,,polygon,True,8e08759a8dda9a58b0b4296802bd5a9e7d37a9366fdbc9c6fb6b550e166e6e76,grp_ST_2662a319194f,2,ST|__normal__,eval,,judgment_2000,,none,,none,,aihub-mock-v1,1,MOCK — 실이미지 없음. 스키마 검증·선행 개발 전용
aihub71761:data/raw/aihub71761/RT/ST/w00111_f0.png,aihub71761,data/raw/aihub71761/RT/ST/w00111_f0.png,2669c17f5bb4cfd237721d4f6e47e1b4ff713471882ed974ef08a40f16eec708,1280,720,RT,ST,True,1,porosity,2011,기공,polygon,True,982fef8628a1f84a8f74facec6bc70136bc3304ff534260490fba2de27d22dad,grp_ST_2669c17f5bb4,1,ST|porosity,val,C1,,,none,,none,,aihub-mock-v1,1,MOCK — 실이미지 없음. 스키마 검증·선행 개발 전용
aihub71761:data/raw/aihub71761/RT/ST/w00541_f0.png,aihub71761,data/raw/aihub71761/RT/ST/w00541_f0.png,2694331ecb588f579fdb256eceb7509489114f7644a163278fa2a0f4e4549144,1280,720,RT,ST,False,0,,,,polygon,True,a9499ad8a9b88361fee95bd5cd70b50af1c7208c2a0075930e906b9f98e74183,grp_ST_2694331ecb58,1,ST|__normal__,train,C2,,,none,,none,,aihub-mock-v1,1,MOCK — 실이미지 없음. 스키마 검증·선행 개발 전용
aihub71761:data/raw/aihub71761/RT/ST/w00020_f0.png,aihub71761,data/raw/aihub71761/RT/ST/w00020_f0.png,26eb3e576836f07c1e614cd23af7a533316214bbf273e1839ea5b2f58c846351,1280,720,RT,ST,True,1,porosity,2011,기공,polygon,True,5d0612023ba66daf85d78aa8851128f97be85a0505bd9476cae2b5523ce7b5b6,grp_ST_26eb3e576836,1,ST|porosity,val,C1,,,none,,none,,aihub-mock-v1,1,MOCK — 실이미지 없음. 스키마 검증·선행 개발 전용
aihub71761:data/raw/aihub71761/RT/ST/w00058_f0.png,aihub71761,data/raw/aihub71761/RT/ST/w00058_f0.png,26fafc9dd17209efa588dde27eb062332bd23376aee2db4724245db7d6b73f41,1280,720,RT,ST,True,1,porosity,2011,기공,polygon,True,eed52b67a3ac299a83979ac4ccd438898ca7a4911533c7cbba62db5c8e255931,grp_ST_26fafc9dd172,1,ST|porosity,eval,,,,none,,none,,aihub-mock-v1,1,MOCK — 실이미지 없음. 스키마 검증·선행 개발 전용
aihub71761:data/raw/aihub71761/RT/ST/w00003_f2.png,aihub71761,data/raw/aihub71761/RT/ST/w00003_f2.png,2752dec9c81426665ff996d90d655a85c9f8f5fb1a0518169fa2cf2e70347b53,1280,720,RT,ST,True,2,lack_of_fusion;porosity,2011;401,기공;융합불량,polygon,True,bfab053859a591339edfd5c5a9d53d564b5b5285d5ef21cd615d810fca441d86,grp_ST_07103b868959,4,ST|lack_of_fusion,train,C1,,,none,,none,,aihub-mock-v1,1,MOCK — 실이미지 없음. 스키마 검증·선행 개발 전용
aihub71761:data/raw/aihub71761/RT/ST/w00520_f0.png,aihub71761,data/raw/aihub71761/RT/ST/w00520_f0.png,280725f56fc8b04264c8583f3ac51877c99326759d1125fd752fe57cf97c2edc,1280,720,RT,ST,False,0,,,,polygon,True,f36350a57e6a6af1c8f24747983f10a994aa7e06929abeed534cbd4f3c1fbbfd,grp_ST_280725f56fc8,1,ST|__normal__,eval,,,,none,,none,,aihub-mock-v1,1,MOCK — 실이미지 없음. 스키마 검증·선행 개발 전용
aihub71761:data/raw/aihub71761/RT/ST/w00363_f0.png,aihub71761,data/raw/aihub71761/RT/ST/w00363_f0.png,28409494509afb0ec1c087a23552725cc4a4016d32110bbddc5cad11162fcfb6,1280,720,RT,ST,True,1,porosity,2011,기공,polygon,True,f8a10cf6354ff6ab0b7266b36644dd02e1ce2441f3a3b41321ff2cc76afd1b99,grp_ST_28409494509a,1,ST|porosity,train,C1,,,none,,none,,aihub-mock-v1,1,MOCK — 실이미지 없음. 스키마 검증·선행 개발 전용
aihub71761:data/raw/aihub71761/RT/AL/w00023_f0.png,aihub71761,data/raw/aihub71761/RT/AL/w00023_f0.png,28494f750d9ab2fbe620b4bd97009f90b75b6cc22b69f1ea89d475bd2e95fb47,1280,720,RT,AL,True,2,crack;porosity,100;2011,균열;기공,polygon,True,bb3c2a836c78d0fab9d505fa2c0914e679559f00b55a561fa565ebb72460b151,grp_AL_28494f750d9a,3,AL|crack,train,C3,,,none,,none,,aihub-mock-v1,1,MOCK — 실이미지 없음. 스키마 검증·선행 개발 전용
aihub71761:data/raw/aihub71761/RT/ST/w00070_f0.png,aihub71761,data/raw/aihub71761/RT/ST/w00070_f0.png,288be23b3582817a843dd430f88b61c2c4093a8d8804852a3551bc720ace8b0e,1280,720,RT,ST,True,1,porosity,2011,기공,polygon,True,243cb5a06a9df3edef92317d990fb8469c0c1059b027471f808ff6407d844044,grp_ST_288be23b3582,1,ST|porosity,eval,,,,none,,none,,aihub-mock-v1,1,MOCK — 실이미지 없음. 스키마 검증·선행 개발 전용
aihub71761:data/raw/aihub71761/RT/AL/w00010_f0.png,aihub71761,data/raw/aihub71761/RT/AL/w00010_f0.png,28bec642b0b22fa9aa362aefcf8cb9c146ab03bfd62906593087179d231cdb0d,1280,720,RT,AL,True,1,porosity,2011,기공,polygon,True,6c766a8a6c716e9336bcdad90dc9f1e922b83b29008563214cff1cb604f51843,grp_AL_28bec642b0b2,2,AL|porosity,train,C3,,,none,,none,,aihub-mock-v1,1,MOCK — 실이미지 없음. 스키마 검증·선행 개발 전용
aihub71761:data/raw/aihub71761/RT/ST/w00381_f0.png,aihub71761,data/raw/aihub71761/RT/ST/w00381_f0.png,28bf798e6e92100ffe04e0597f6913b5c738040705937fd226c808bd6563db67,1280,720,RT,ST,True,1,crack,100,균열,polygon,True,310b2b81e5fcf4c6bf03c6dfce12f7cbdad993df24f83b5cc5541f5141f0f5f2,grp_ST_28bf798e6e92,1,ST|crack,eval,,judgment_2000,,none,,none,,aihub-mock-v1,1,MOCK — 실이미지 없음. 스키마 검증·선행 개발 전용
aihub71761:data/raw/aihub71761/RT/ST/w00601_f0.png,aihub71761,data/raw/aihub71761/RT/ST/w00601_f0.png,28c0775406838969fa94b840f37824e9a729340a8b239c10bd389dceef5d1093,1280,720,RT,ST,False,0,,,,polygon,True,39ee705d87f85513278f52c1885bbbd0501a2de7c72640899037c5b1d27d5f0e,grp_ST_28c077540683,1,ST|__normal__,eval,,,,none,,none,,aihub-mock-v1,1,MOCK — 실이미지 없음. 스키마 검증·선행 개발 전용
aihub71761:data/raw/aihub71761/RT/AL/w00051_f0.png,aihub71761,data/raw/aihub71761/RT/AL/w00051_f0.png,2911afdde1fd85a506d0c2d15f4b2ded2f49da5de34fdfb8d154c552f7d26436,1280,720,RT,AL,False,0,,,,polygon,True,a8abd60feba59714150928a4363abf591458c93ea2a547815df031ec70fac911,grp_AL_2911afdde1fd,1,AL|__normal__,train,C3,,,none,,none,,aihub-mock-v1,1,MOCK — 실이미지 없음. 스키마 검증·선행 개발 전용
aihub71761:data/raw/aihub71761/RT/ST/w00103_f0.png,aihub71761,data/raw/aihub71761/RT/ST/w00103_f0.png,296dd64d7a6743c15b7aa4c825f48adb5fd793bfeb83a91689fff19a7b910f5d,1280,720,RT,ST,True,1,porosity,2011,기공,polygon,True,02ad8abc0257bd2ebb2b555b6c061aeacd2e0f8fa0b030356341a801da464b2a,grp_ST_296dd64d7a67,3,ST|porosity,train,C1,,,none,,none,,aihub-mock-v1,1,MOCK — 실이미지 없음. 스키마 검증·선행 개발 전용
aihub71761:data/raw/aihub71761/RT/ST/w00259_f0.png,aihub71761,data/raw/aihub71761/RT/ST/w00259_f0.png,29a659cba1d9aee95e09b546e4a40a96d040cd792e1248a4959a7860595aeb0b,1280,720,RT,ST,True,1,porosity,2011,기공,polygon,True,5258a924b888ad2c30bde04ad4fe92bb65f29f3eea5c3b6c5e323a897a043311,grp_ST_29a659cba1d9,1,ST|porosity,train,C1,,,none,,none,,aihub-mock-v1,1,MOCK — 실이미지 없음. 스키마 검증·선행 개발 전용
aihub71761:data/raw/aihub71761/RT/ST/w00322_f0.png,aihub71761,data/raw/aihub71761/RT/ST/w00322_f0.png,29aa6de5a85ae6c86ce3a902db423a3344f3d0f280b0dfd4afa5352c224f199d,1280,720,RT,ST,True,1,porosity,2011,기공,polygon,True,627e424c4698735e1a42a5c9393a61935c3f61c2768c9c09656deabb1a60dd64,grp_ST_204bc97ed7bb,4,ST|porosity,train,C1,,,none,,none,,aihub-mock-v1,1,MOCK — 실이미지 없음. 스키마 검증·선행 개발 전용
aihub71761:data/raw/aihub71761/RT/ST/w00129_f2.png,aihub71761,data/raw/aihub71761/RT/ST/w00129_f2.png,29d1e3fa0b04a33482acf1b1ece43a644b520b66336b6cb9d7a7d5e06e5826eb,1280,720,RT,ST,False,0,,,,polygon,True,b811ae8b594233a016116dddcfea0d1bb842b97f7259a44126478c05cbfce1bc,grp_ST_29d1e3fa0b04,3,ST|__normal__,train,C2,,,none,,none,,aihub-mock-v1,1,MOCK — 실이미지 없음. 스키마 검증·선행 개발 전용
aihub71761:data/raw/aihub71761/RT/AL/w00071_f3.png,aihub71761,data/raw/aihub71761/RT/AL/w00071_f3.png,2a0b60b0c4906f8640d97c4aa3867246cd5b681b4c6939232052fd04caf4a9fe,1280,720,RT,AL,False,0,,,,polygon,True,4243e7d70a66e22af735727aa3c593013ccc4acf8e275c21174836bb8eba5b68,grp_AL_1371a2c1c8c4,4,AL|__normal__,eval,,,,none,,none,,aihub-mock-v1,1,MOCK — 실이미지 없음. 스키마 검증·선행 개발 전용
aihub71761:data/raw/aihub71761/RT/ST/w00340_f0.png,aihub71761,data/raw/aihub71761/RT/ST/w00340_f0.png,2a2c23dc0c86ca4e0dd5232a9a1eec86cdc293295c3afa0a1c2b54ce1637f5a7,1280,720,RT,ST,False,0,,,,polygon,True,b4358cb2a3c9ab1be1d06f7bfcf6ce8fbe3f30ff3f9b2f4bad26124f048da389,grp_ST_2a2c23dc0c86,1,ST|__normal__,train,C1,,,none,,none,,aihub-mock-v1,1,MOCK — 실이미지 없음. 스키마 검증·선행 개발 전용
aihub71761:data/raw/aihub71761/RT/ST/w00251_f0.png,aihub71761,data/raw/aihub71761/RT/ST/w00251_f0.png,2a6b8b509241ae6589440cb188469ba196f088135d58dcbf126af22869352301,1280,720,RT,ST,True,1,slag_inclusion,301,슬래그혼입,polygon,True,16dee6bc49a64a84fd4ecbb46d91269558bc8e41e818703ee2623579f4b02852,grp_ST_1d49b1e89f73,3,ST|slag_inclusion,train,C1,,,none,,none,,aihub-mock-v1,1,MOCK — 실이미지 없음. 스키마 검증·선행 개발 전용
aihub71761:data/raw/aihub71761/RT/AL/w00029_f0.png,aihub71761,data/raw/aihub71761/RT/AL/w00029_f0.png,2a71d48b714324b98b729da6b7a2a20cf763cc7d07405a2d464a3d8b6591d580,1280,720,RT,AL,False,0,,,,polygon,True,aed3fbe4f66a5f199e84f538c0383c59fa7fda8ab07348adae643a8d09397077,grp_AL_2a71d48b7143,1,AL|__normal__,train,C3,,,none,,none,,aihub-mock-v1,1,MOCK — 실이미지 없음. 스키마 검증·선행 개발 전용
aihub71761:data/raw/aihub71761/RT/AL/w00109_f2.png,aihub71761,data/raw/aihub71761/RT/AL/w00109_f2.png,2ac1eb7e61189950c27f7ede9b8f5f8d8c94df88428da9fe70d24966ea72eac8,1280,720,RT,AL,False,0,,,,polygon,True,582689dc2c35db21d64df468ab29bd0f2b757fa08c3e015739b6206a76f077f0,grp_AL_2ac1eb7e6118,4,AL|__normal__,val,C3,,,none,,none,,aihub-mock-v1,1,MOCK — 실이미지 없음. 스키마 검증·선행 개발 전용
aihub71761:data/raw/aihub71761/RT/AL/w00089_f0.png,aihub71761,data/raw/aihub71761/RT/AL/w00089_f0.png,2b578effd879d8347606b82775d8efaae56c21c77947bed1513d5410ed9fa34e,1280,720,RT,AL,False,0,,,,polygon,True,e0b35186717a71e1c6c126c3d04b5d711e8b007d907fe701216fcdffdf03873b,grp_AL_2b578effd879,1,AL|__normal__,train,C3,,,none,,none,,aihub-mock-v1,1,MOCK — 실이미지 없음. 스키마 검증·선행 개발 전용
aihub71761:data/raw/aihub71761/RT/ST/w00131_f0.png,aihub71761,data/raw/aihub71761/RT/ST/w00131_f0.png,2bf3054441b45b98f983a46c6fe99d8c3cb03c0b12170e7de371dc7f2f63dedf,1280,720,RT,ST,False,0,,,,polygon,True,dcba5c8008a17cc34639d68cff0824e5b565491ebe936a9f7b620b34eb543bdf,grp_ST_00e46319d2a6,3,ST|__normal__,train,C2,,,none,,none,,aihub-mock-v1,1,MOCK — 실이미지 없음. 스키마 검증·선행 개발 전용
aihub71761:data/raw/aihub71761/RT/ST/w00405_f1.png,aihub71761,data/raw/aihub71761/RT/ST/w00405_f1.png,2cdbe061145ea1ed26236e75b48525f5ea3287c656f733fde7b0587abc475aa2,1280,720,RT,ST,False,0,,,,polygon,True,adb056c110c5ed1523e66bb569edcbb08467d540c146426680cd1d40dca19924,grp_ST_2cdbe061145e,4,ST|__normal__,train,C1,,,none,,none,,aihub-mock-v1,1,MOCK — 실이미지 없음. 스키마 검증·선행 개발 전용
aihub71761:data/raw/aihub71761/RT/ST/w00543_f0.png,aihub71761,data/raw/aihub71761/RT/ST/w00543_f0.png,2cf287769d465376ab8277f245518e6518e578d3c94d18674097e7609ed0bab7,1280,720,RT,ST,False,0,,,,polygon,True,cbf59e8a25bb133ed1729d565570610366c2104aa164d2d99a80c8de3f721402,grp_ST_2cf287769d46,2,ST|__normal__,val,C1,,,none,,none,,aihub-mock-v1,1,MOCK — 실이미지 없음. 스키마 검증·선행 개발 전용
aihub71761:data/raw/aihub71761/RT/ST/w00443_f0.png,aihub71761,data/raw/aihub71761/RT/ST/w00443_f0.png,2d9a6029f30d62e2f43a42bcd9107f2e345a1b7a25259acd8bccb3c6b6de0601,1280,720,RT,ST,False,0,,,,polygon,True,ad0f33027e304b5ac0563e87edbc4e82f1d4ecaa8b8595cf7947510f82dac63d,grp_ST_2d9a6029f30d,1,ST|__normal__,train,C1,,,none,,none,,aihub-mock-v1,1,MOCK — 실이미지 없음. 스키마 검증·선행 개발 전용
aihub71761:data/raw/aihub71761/RT/ST/w00135_f0.png,aihub71761,data/raw/aihub71761/RT/ST/w00135_f0.png,2e89958baee9a27b5b7346476a23872fc5f92ca024a08da15d195ef9acdec285,1280,720,RT,ST,True,1,porosity,2011,기공,polygon,True,ebea13452d385e4e2d5ee654cd2a218dfdbd6f572e1983a561c28a25f57c4ddf,grp_ST_2e89958baee9,1,ST|porosity,val,C1,,,none,,none,,aihub-mock-v1,1,MOCK — 실이미지 없음. 스키마 검증·선행 개발 전용
aihub71761:data/raw/aihub71761/RT/AL/w00119_f0.png,aihub71761,data/raw/aihub71761/RT/AL/w00119_f0.png,2f1646486e7502d1a9e264ab3c33b05e151d02a358ffb673c5b11db2b1ed7ce4,1280,720,RT,AL,True,1,porosity,2011,기공,polygon,True,0922eebdfa6e35a7a4b136531e4fbbef27625bc0dafdce9fa6985a257c73dd5d,grp_AL_2f1646486e75,1,AL|porosity,train,C3,,,none,,none,,aihub-mock-v1,1,MOCK — 실이미지 없음. 스키마 검증·선행 개발 전용
aihub71761:data/raw/aihub71761/RT/ST/w00207_f0.png,aihub71761,data/raw/aihub71761/RT/ST/w00207_f0.png,2f37cb77439dfa2b73eee3a8ace3c3340d0a5aec70f168d4420a1efc1a0b02c5,1280,720,RT,ST,False,0,,,,polygon,True,4baeafe67cf52e219a338645e9ad3017f1494dbeebab4ff36b612fb9217fab72,grp_ST_2f37cb77439d,1,ST|__normal__,train,C2,,,none,,none,,aihub-mock-v1,1,MOCK — 실이미지 없음. 스키마 검증·선행 개발 전용
aihub71761:data/raw/aihub71761/RT/ST/w00603_f0.png,aihub71761,data/raw/aihub71761/RT/ST/w00603_f0.png,2f9031807db7cae0dc7018934d4bd4534cad429e4fa9c1f16761abe003c879ce,1280,720,RT,ST,True,1,porosity,2011,기공,polygon,True,02b6053711ebbe9f526099e748278cd148a5f557068ed7b844f16ef099ea6edd,grp_ST_15e39d5d61f2,3,ST|porosity,train,C1,,,none,,none,,aihub-mock-v1,1,MOCK — 실이미지 없음. 스키마 검증·선행 개발 전용
aihub71761:data/raw/aihub71761/RT/ST/w00199_f0.png,aihub71761,data/raw/aihub71761/RT/ST/w00199_f0.png,2faaa954e7f84522219231e8aa520ebd30cd70253991903a0eca95983ff93d89,1280,720,RT,ST,False,0,,,,polygon,True,ee04883839afb6bfb649da3a8c07089252b1cb8cf9b743b7cb410f2a9bf4f5ae,grp_ST_2faaa954e7f8,4,ST|__normal__,train,C2,,,none,,none,,aihub-mock-v1,1,MOCK — 실이미지 없음. 스키마 검증·선행 개발 전용
aihub71761:data/raw/aihub71761/RT/ST/w00004_f0.png,aihub71761,data/raw/aihub71761/RT/ST/w00004_f0.png,303a1074a9723dba344839d9298a733088a4e2080053bab3df249f84e2a31e2c,1280,720,RT,ST,True,1,porosity,2011,기공,polygon,True,5e6f15ec87a00f66766b2e9add3b18354812b02cb8f058d272164eb4ec563976,grp_ST_303a1074a972,1,ST|porosity,train,C1,,,none,,none,,aihub-mock-v1,1,MOCK — 실이미지 없음. 스키마 검증·선행 개발 전용
aihub71761:data/raw/aihub71761/RT/ST/w00140_f0.png,aihub71761,data/raw/aihub71761/RT/ST/w00140_f0.png,317acf6e73819b6f7146891ef24e926f5b73b646a12b04f425f00b7b4f1baada,1280,720,RT,ST,True,1,porosity,2011,기공,polygon,True,3db65281df3c6e9d921d3fa64eadfaff1b4837bf730d9acc42922d2455fbd83f,grp_ST_317acf6e7381,1,ST|porosity,val,C1,,,none,,none,,aihub-mock-v1,1,MOCK — 실이미지 없음. 스키마 검증·선행 개발 전용
aihub71761:data/raw/aihub71761/RT/ST/w00183_f0.png,aihub71761,data/raw/aihub71761/RT/ST/w00183_f0.png,31d12ccd2c89b22eecae18c28672c284ad1985f228947ad3d329f355d85ea962,1280,720,RT,ST,False,0,,,,polygon,True,9089c42a5098f210038ece0fb91bc6c201c3bdacac6be4103c2e9517b69699b0,grp_ST_31d12ccd2c89,2,ST|__normal__,train,C1,,,none,,none,,aihub-mock-v1,1,MOCK — 실이미지 없음. 스키마 검증·선행 개발 전용
aihub71761:data/raw/aihub71761/RT/ST/w00227_f0.png,aihub71761,data/raw/aihub71761/RT/ST/w00227_f0.png,31efcbca9eb272d628a7252d6e83c33ecd25026521be621e604efa7515ec0e44,1280,720,RT,ST,False,0,,,,polygon,True,a42bd255b45acbb0f1d3f31ce0382f11eb66aabb776198cb7f18bd9daf36053a,grp_ST_31efcbca9eb2,1,ST|__normal__,train,C2,,,none,,none,,aihub-mock-v1,1,MOCK — 실이미지 없음. 스키마 검증·선행 개발 전용
aihub71761:data/raw/aihub71761/RT/ST/w00442_f0.png,aihub71761,data/raw/aihub71761/RT/ST/w00442_f0.png,32051839a2fa4ff201d49052c6f1badcab86c6c304ac4b39c41a1ce110f2573b,1280,720,RT,ST,False,0,,,,polygon,True,5d074b6d41cba4971166636dd61b197b5300e6e05399c646c91b47268cf451a0,grp_ST_32051839a2fa,1,ST|__normal__,train,C1,,,none,,none,,aihub-mock-v1,1,MOCK — 실이미지 없음. 스키마 검증·선행 개발 전용
aihub71761:data/raw/aihub71761/RT/ST/w00151_f0.png,aihub71761,data/raw/aihub71761/RT/ST/w00151_f0.png,325572891b9c17a0f2e60b792a8b0e1ca12d12245db286cfc005ab76b8613556,1280,720,RT,ST,True,2,porosity;slag_inclusion,2011;301,기공;슬래그혼입,polygon,True,f8ee8ae84e131a332794a40bb875717b5c09856d63e8336f39899093d19a0cdc,grp_ST_0d8968aecc05,4,ST|slag_inclusion,train,C2,,,none,,none,,aihub-mock-v1,1,MOCK — 실이미지 없음. 스키마 검증·선행 개발 전용
aihub71761:data/raw/aihub71761/RT/ST/w00087_f0.png,aihub71761,data/raw/aihub71761/RT/ST/w00087_f0.png,32ddaa5764525805c747bdca786b8802f8b9598a4c197d935baf4e428b4d088e,1280,720,RT,ST,True,2,lack_of_fusion;porosity,2011;401,기공;융합불량,polygon,True,a8275f7f8713ae58661c5e641918109a5753e1c02ca59d03223b80b808e3a9f0,grp_ST_32ddaa576452,1,ST|lack_of_fusion,train,C1,,,none,,none,,aihub-mock-v1,1,MOCK — 실이미지 없음. 스키마 검증·선행 개발 전용
aihub71761:data/raw/aihub71761/RT/ST/w00394_f3.png,aihub71761,data/raw/aihub71761/RT/ST/w00394_f3.png,3353bc1dd769d378c23bbb758e49753c3e466df2f65571b7a1f307a2f00b179b,1280,720,RT,ST,False,0,,,,polygon,True,843b69b084e927387409689c909ad97ff7784f3e5dbf29ed7e5900e517d9a5cf,grp_ST_3353bc1dd769,4,ST|__normal__,train,C2,,,none,,none,,aihub-mock-v1,1,MOCK — 실이미지 없음. 스키마 검증·선행 개발 전용
aihub71761:data/raw/aihub71761/RT/ST/w00354_f1.png,aihub71761,data/raw/aihub71761/RT/ST/w00354_f1.png,338bf3a01ba48e80e989b57dd486981de130c470e6934db6788fb920eb820cb6,1280,720,RT,ST,False,0,,,,polygon,True,2d243bafb36b4610a29dde89fdfa1a55780f1de9dd2281074ea87104b0f44161,grp_ST_0f4e1914f2a9,4,ST|__normal__,train,C2,,,none,,none,,aihub-mock-v1,1,MOCK — 실이미지 없음. 스키마 검증·선행 개발 전용
aihub71761:data/raw/aihub71761/RT/ST/w00275_f0.png,aihub71761,data/raw/aihub71761/RT/ST/w00275_f0.png,339d0b5ae5d23cb8129581f810a75faf316723f61ae6e1060c689e4b017c3a64,1280,720,RT,ST,True,1,porosity,2011,기공,polygon,True,1c9edb155b6220eb7e54c3d0cec2ed1dff5637bb2c5254c3700211aee1545b69,grp_ST_339d0b5ae5d2,1,ST|porosity,train,C1,,,none,,none,,aihub-mock-v1,1,MOCK — 실이미지 없음. 스키마 검증·선행 개발 전용
aihub71761:data/raw/aihub71761/RT/AL/w00031_f0.png,aihub71761,data/raw/aihub71761/RT/AL/w00031_f0.png,33a39ac90169c0300f187b40079064259df61135a511df906e43d2992fa4a5a1,1280,720,RT,AL,False,0,,,,polygon,True,355f0e40feeac972e8056eccea6bdc23e1cc317e5a0cbb550ef4217b947eddf9,grp_AL_33a39ac90169,1,AL|__normal__,train,C3,,,none,,none,,aihub-mock-v1,1,MOCK — 실이미지 없음. 스키마 검증·선행 개발 전용
aihub71761:data/raw/aihub71761/RT/AL/w00033_f1.png,aihub71761,data/raw/aihub71761/RT/AL/w00033_f1.png,33a87d51d1edebbd776437c0b72d5f536ba3b8e901367cdb44095b975119b7fb,1280,720,RT,AL,True,1,porosity,2011,기공,polygon,True,e9265e2ddf13be1b7c105f58f409169374188049df19ae3ce0663def362646a7,grp_AL_33a87d51d1ed,4,AL|porosity,train,C3,,,none,,none,,aihub-mock-v1,1,MOCK — 실이미지 없음. 스키마 검증·선행 개발 전용
aihub71761:data/raw/aihub71761/RT/ST/w00385_f1.png,aihub71761,data/raw/aihub71761/RT/ST/w00385_f1.png,33fb1e6a5d6d49cc1d159ff57dba26d7ecad7dc473f17bd4a8c4996f19cfab2a,1280,720,RT,ST,True,1,porosity,2011,기공,polygon,True,d0f40e39f56a1301f3e53ef30b28528271042b32d0d122d7eb5cbd46064c41f3,grp_ST_33fb1e6a5d6d,2,ST|porosity,train,C1,,,none,,none,,aihub-mock-v1,1,MOCK — 실이미지 없음. 스키마 검증·선행 개발 전용
aihub71761:data/raw/aihub71761/RT/ST/w00552_f1.png,aihub71761,data/raw/aihub71761/RT/ST/w00552_f1.png,33fc4517df3c74ce9667ed243cd7c4e20ea65a988a60c47c8c9bac1eb253abd2,1280,720,RT,ST,False,0,,,,polygon,True,2ff32faf7d42b6a5ed25740a8794e1956fdce15360f7f0a6e032a8fd27a1f204,grp_ST_33fc4517df3c,3,ST|__normal__,train,C2,,,none,,none,,aihub-mock-v1,1,MOCK — 실이미지 없음. 스키마 검증·선행 개발 전용
aihub71761:data/raw/aihub71761/RT/ST/w00120_f1.png,aihub71761,data/raw/aihub71761/RT/ST/w00120_f1.png,33fc867ef39f78650e07ffc3911a2ca0f7b424df815a23d0f838b6d908bdd5d2,1280,720,RT,ST,False,0,,,,polygon,True,50c2d93dd31a3a889192c232c8f928428607845ca506effddaf89ac6b3a55ef4,grp_ST_33fc867ef39f,2,ST|__normal__,train,C2,,,none,,none,,aihub-mock-v1,1,MOCK — 실이미지 없음. 스키마 검증·선행 개발 전용
aihub71761:data/raw/aihub71761/RT/ST/w00320_f0.png,aihub71761,data/raw/aihub71761/RT/ST/w00320_f0.png,3442755a869c032676584a7e42bbb299e25bfeb5abf17f08b251aa6f6762d897,1280,720,RT,ST,True,1,porosity,2011,기공,polygon,True,a521916c528c98acd09e429de89824395ef79bac141cbc7181066e79173f231e,grp_ST_3442755a869c,1,ST|porosity,train,C1,,,none,,none,,aihub-mock-v1,1,MOCK — 실이미지 없음. 스키마 검증·선행 개발 전용
aihub71761:data/raw/aihub71761/RT/AL/w00092_f0.png,aihub71761,data/raw/aihub71761/RT/AL/w00092_f0.png,348452a6a62df432f93f99f1c1df82d7e1c2b94e77f2474d8190ad8c15c512bf,1280,720,RT,AL,False,0,,,,polygon,True,2096d02128f393519df5da1b228c27646d3bb0dec8565a54edc5bd8991e4cd7e,grp_AL_348452a6a62d,2,AL|__normal__,train,C3,,,none,,none,,aihub-mock-v1,1,MOCK — 실이미지 없음. 스키마 검증·선행 개발 전용
aihub71761:data/raw/aihub71761/RT/ST/w00348_f3.png,aihub71761,data/raw/aihub71761/RT/ST/w00348_f3.png,348a2e7189222fa7f70234d0b1a6eb632f974f74404a2021315c936ce77f351c,1280,720,RT,ST,True,1,porosity,2011,기공,polygon,True,ba901422302161867fc89cc2f867c902459fb2d9b207418f01de9edfaa666298,grp_ST_045d20a34ee9,4,ST|porosity,train,C1,,,none,,none,,aihub-mock-v1,1,MOCK — 실이미지 없음. 스키마 검증·선행 개발 전용
aihub71761:data/raw/aihub71761/RT/ST/w00439_f0.png,aihub71761,data/raw/aihub71761/RT/ST/w00439_f0.png,34bfcea9b23db12083b9350315c839f5c54fef567add536d17dd558631ffaa26,1280,720,RT,ST,True,1,porosity,2011,기공,polygon,True,59dbf873321a520a81ac17888d4d528754cad8289669779edbd595e056cf1e67,grp_ST_34bfcea9b23d,1,ST|porosity,eval,,judgment_2000,,none,,none,,aihub-mock-v1,1,MOCK — 실이미지 없음. 스키마 검증·선행 개발 전용
aihub71761:data/raw/aihub71761/RT/ST/w00404_f0.png,aihub71761,data/raw/aihub71761/RT/ST/w00404_f0.png,34f2918909aba7bd6fd2d9629bc800b331060f3d2c75914fea3665bbbea70cdd,1280,720,RT,ST,False,0,,,,polygon,True,a0330b4c8c6a25eeb16b3c308f827e6ffa2c4aecba83d003e3a8e1a936b9b88d,grp_ST_34f2918909ab,1,ST|__normal__,train,C2,,,none,,none,,aihub-mock-v1,1,MOCK — 실이미지 없음. 스키마 검증·선행 개발 전용
aihub71761:data/raw/aihub71761/RT/ST/w00098_f0.png,aihub71761,data/raw/aihub71761/RT/ST/w00098_f0.png,34f6be041ab17221a4e6dd7b3bdec407f3c3fd9b9ae881469c5f9e6ed2909310,1280,720,RT,ST,True,1,porosity,2011,기공,polygon,True,3a298d91aa1e6ec2fd872f4b6b3443cbfdb25354d083b3cc6482437b4aa191e6,grp_ST_34f6be041ab1,4,ST|porosity,eval,,,,none,,none,,aihub-mock-v1,1,MOCK — 실이미지 없음. 스키마 검증·선행 개발 전용
aihub71761:data/raw/aihub71761/RT/ST/w00292_f3.png,aihub71761,data/raw/aihub71761/RT/ST/w00292_f3.png,354aa92931ba9a850e9696b2c5a01399eea3c7950e49fd6ffa58ac859f71930a,1280,720,RT,ST,True,1,porosity,2011,기공,polygon,True,095db37d856c23b4250cff51d62f59608dc98dcfd62b59f1f529dc52a0be6713,grp_ST_06c8460b6887,4,ST|porosity,val,C1,,,none,,none,,aihub-mock-v1,1,MOCK — 실이미지 없음. 스키마 검증·선행 개발 전용
aihub71761:data/raw/aihub71761/RT/AL/w00044_f0.png,aihub71761,data/raw/aihub71761/RT/AL/w00044_f0.png,354c08abc6d796329de6e047cc373494d90252ce8b1711324a108f2cb4e30291,1280,720,RT,AL,False,0,,,,polygon,True,25db2b891604091696afe8543d3f3e4fd40d0580d3942fd88e92aa614f002631,grp_AL_354c08abc6d7,1,AL|__normal__,train,C3,,,none,,none,,aihub-mock-v1,1,MOCK — 실이미지 없음. 스키마 검증·선행 개발 전용
aihub71761:data/raw/aihub71761/RT/ST/w00139_f0.png,aihub71761,data/raw/aihub71761/RT/ST/w00139_f0.png,358a3a66bc8c371c6ff605df3f3917cf7a064192fa055abb4ff0381db34f123b,1280,720,RT,ST,False,0,,,,polygon,True,b5868116636ce10aed39255819addf116a354dbc34b737f3ba0219e291bd3df3,grp_ST_358a3a66bc8c,1,ST|__normal__,train,C1,,,none,,none,,aihub-mock-v1,1,MOCK — 실이미지 없음. 스키마 검증·선행 개발 전용
aihub71761:data/raw/aihub71761/RT/ST/w00002_f0.png,aihub71761,data/raw/aihub71761/RT/ST/w00002_f0.png,359ce3c1440fa536098b1ff789ae5e99895c6683d517b6e2d2bd77b335ec3966,1280,720,RT,ST,True,1,porosity,2011,기공,polygon,True,7723da537222ba70d34a6dc5a16a2e063f8ae6e8843c3ea681032b7788dffb64,grp_ST_359ce3c1440f,1,ST|porosity,eval,,,,none,,none,,aihub-mock-v1,1,MOCK — 실이미지 없음. 스키마 검증·선행 개발 전용
aihub71761:data/raw/aihub71761/RT/ST/w00596_f0.png,aihub71761,data/raw/aihub71761/RT/ST/w00596_f0.png,359d17017ef2d03c08024f861b6ee2ede92adb3f9bb76e28f51db9feb56d8e66,1280,720,RT,ST,True,1,porosity,2011,기공,polygon,True,ee57d84e8b2faa7b3cf12cbef53582c467d9702cf90cc497b6addbc32ca12173,grp_ST_359d17017ef2,1,ST|porosity,train,C1,,,none,,none,,aihub-mock-v1,1,MOCK — 실이미지 없음. 스키마 검증·선행 개발 전용
aihub71761:data/raw/aihub71761/RT/ST/w00130_f1.png,aihub71761,data/raw/aihub71761/RT/ST/w00130_f1.png,35a435a1450b7f415b4583626362c693d443d89a43a551daca4a0f4028850f39,1280,720,RT,ST,True,1,porosity,2011,기공,polygon,True,6b58d05b8fdc7c7f061b4899380ac19e47ef4e0ac189b47b53a79f5c84d1114d,grp_ST_20fa48a29d2e,2,ST|porosity,train,C1,,,none,,none,,aihub-mock-v1,1,MOCK — 실이미지 없음. 스키마 검증·선행 개발 전용
aihub71761:data/raw/aihub71761/RT/ST/w00484_f1.png,aihub71761,data/raw/aihub71761/RT/ST/w00484_f1.png,35b8b534f8ced62a500cf6d7ca88d23ff5d576e5ca866fedc7f280e762ceb91a,1280,720,RT,ST,True,1,porosity,2011,기공,polygon,True,0ff7dabd79dbeba7c0f5a580feeb66602e12477811d290d751abb957ee93c3ea,grp_ST_0dd929e47d43,4,ST|porosity,train,C1,,,none,,none,,aihub-mock-v1,1,MOCK — 실이미지 없음. 스키마 검증·선행 개발 전용
aihub71761:data/raw/aihub71761/RT/ST/w00296_f1.png,aihub71761,data/raw/aihub71761/RT/ST/w00296_f1.png,35bd84f2a02972106bb8feede718cd9fc028c5e8b0ce2c7f812015965564576f,1280,720,RT,ST,False,0,,,,polygon,True,e0cf34c65e0d664408871589537a6c679d9a796a9097a2ccc1ccd449830c39ec,grp_ST_35bd84f2a029,2,ST|__normal__,eval,,,,none,,none,,aihub-mock-v1,1,MOCK — 실이미지 없음. 스키마 검증·선행 개발 전용
aihub71761:data/raw/aihub71761/RT/ST/w00536_f0.png,aihub71761,data/raw/aihub71761/RT/ST/w00536_f0.png,35db83f992cb6ebfd8f69c6286310a11cfd84c375da0e645ea2b5d44094d778b,1280,720,RT,ST,True,1,porosity,2011,기공,polygon,True,384046259efe51e232dad12129f05e56a552c3758dec9c426c4bfd791092e17f,grp_ST_35db83f992cb,1,ST|porosity,train,C1,,,none,,none,,aihub-mock-v1,1,MOCK — 실이미지 없음. 스키마 검증·선행 개발 전용
aihub71761:data/raw/aihub71761/RT/ST/w00419_f0.png,aihub71761,data/raw/aihub71761/RT/ST/w00419_f0.png,3612cdba27dc33896436284d887ff112bd0117fd97ea964cb43555b9b2a92221,1280,720,RT,ST,True,1,porosity,2011,기공,polygon,True,779e270ad595322c9f4d82fb333328fec65b79f42938983e3c9113c37e5edec8,grp_ST_3612cdba27dc,1,ST|porosity,train,C1,,,none,,none,,aihub-mock-v1,1,MOCK — 실이미지 없음. 스키마 검증·선행 개발 전용
aihub71761:data/raw/aihub71761/RT/ST/w00216_f0.png,aihub71761,data/raw/aihub71761/RT/ST/w00216_f0.png,366268e77ebabecdb5e8ed3569b14f113bcf4bfaf4f986b37ca471d2bf4e9ed4,1280,720,RT,ST,True,1,porosity,2011,기공,polygon,True,ae8fdb5d713e4a80bbfeca392b4f8349ac2a9e2c965dde847d2eadedeed6649e,grp_ST_366268e77eba,1,ST|porosity,eval,,,,none,,none,,aihub-mock-v1,1,MOCK — 실이미지 없음. 스키마 검증·선행 개발 전용
aihub71761:data/raw/aihub71761/RT/ST/w00040_f2.png,aihub71761,data/raw/aihub71761/RT/ST/w00040_f2.png,36b85a469917c2ac14bc7915e89274defeb150dabc569b56df14ff103432b14d,1280,720,RT,ST,False,0,,,,polygon,True,c28365f2951dc9a90c4aac0565fcc9d8a849f9f5020d9855bf1404fb162807d3,grp_ST_1daaa0a2940e,4,ST|__normal__,eval,,,,none,,none,,aihub-mock-v1,1,MOCK — 실이미지 없음. 스키마 검증·선행 개발 전용
aihub71761:data/raw/aihub71761/RT/ST/w00365_f0.png,aihub71761,data/raw/aihub71761/RT/ST/w00365_f0.png,36bd030e9448b0ea3dd80794225609ec0bc30cb6ca1d2d5b0724ba8c11e14199,1280,720,RT,ST,False,0,,,,polygon,True,8d38f83d12542d30d73c0725f9f8f002aba43b6ac1b121f806b5a7830bef0271,grp_ST_024387184e8b,3,ST|__normal__,train,C1,,,none,,none,,aihub-mock-v1,1,MOCK — 실이미지 없음. 스키마 검증·선행 개발 전용
aihub71761:data/raw/aihub71761/RT/ST/w00406_f0.png,aihub71761,data/raw/aihub71761/RT/ST/w00406_f0.png,3799e3349e2e7f9fe312f58d59333a8f368961ad2d554c387f9212be293e7b07,1280,720,RT,ST,True,1,porosity,2011,기공,polygon,True,13e4828b642d4a6c55ff18519eba54d0f32e260c07bce0abc3c83acd845282ef,grp_ST_3799e3349e2e,1,ST|porosity,train,C1,,,none,,none,,aihub-mock-v1,1,MOCK — 실이미지 없음. 스키마 검증·선행 개발 전용
aihub71761:data/raw/aihub71761/RT/AL/w00062_f0.png,aihub71761,data/raw/aihub71761/RT/AL/w00062_f0.png,3808ff77b7fd19bc63feb45cd7fe33275ba3560917c07e794f75d45778545cf5,1280,720,RT,AL,False,0,,,,polygon,True,97c5743ad54151d5c0593a807615f618432b177f7c80e04bde9daf7830d7a78f,grp_AL_3808ff77b7fd,1,AL|__normal__,train,C3,,,none,,none,,aihub-mock-v1,1,MOCK — 실이미지 없음. 스키마 검증·선행 개발 전용
aihub71761:data/raw/aihub71761/RT/ST/w00030_f0.png,aihub71761,data/raw/aihub71761/RT/ST/w00030_f0.png,381cde46e0a95a7b939ceba091b92fcb26e27a05d67add0a53bccfea60d787e9,1280,720,RT,ST,True,1,lack_of_fusion,401,융합불량,polygon,True,3b77b9e2eb8cf4d853d679661dc6113dcf605fa4632227df64574b147ccbc271,grp_ST_381cde46e0a9,1,ST|lack_of_fusion,train,C1,,,none,,none,,aihub-mock-v1,1,MOCK — 실이미지 없음. 스키마 검증·선행 개발 전용
aihub71761:data/raw/aihub71761/RT/ST/w00371_f1.png,aihub71761,data/raw/aihub71761/RT/ST/w00371_f1.png,3823e04c7863f5ab5e32c1ae5e8c26f2cd588301d5f0d463ad85f0f2133458ac,1280,720,RT,ST,True,1,crack,100,균열,polygon,True,b8ba12db861f226f010f56d11bc1b47e2b0f5d2e1461cd5ace72c6813afb40b4,grp_ST_3823e04c7863,4,ST|crack,train,C2,,,none,,none,,aihub-mock-v1,1,MOCK — 실이미지 없음. 스키마 검증·선행 개발 전용
aihub71761:data/raw/aihub71761/RT/ST/w00411_f0.png,aihub71761,data/raw/aihub71761/RT/ST/w00411_f0.png,383e58d83ce832532ecf229548c906af9f7864eb6061d8275b3775a67ab792d2,1280,720,RT,ST,False,0,,,,polygon,True,c6b0e1346a371709079ccb188e8a69f8dfd3eac1b34cd3d6e079d7c271a91abc,grp_ST_383e58d83ce8,1,ST|__normal__,train,C1,,,none,,none,,aihub-mock-v1,1,MOCK — 실이미지 없음. 스키마 검증·선행 개발 전용
aihub71761:data/raw/aihub71761/RT/ST/w00436_f0.png,aihub71761,data/raw/aihub71761/RT/ST/w00436_f0.png,3846d57151dacca2b736ec0b9e0c98684255c38da4eecb30e95af87b0894daf7,1280,720,RT,ST,True,1,porosity,2011,기공,polygon,True,8de7827fa22924673eb33e2e39ce9e6df3246adc25ac4839a597f5223b6d1763,grp_ST_3846d57151da,1,ST|porosity,train,C1,,,none,,none,,aihub-mock-v1,1,MOCK — 실이미지 없음. 스키마 검증·선행 개발 전용
aihub71761:data/raw/aihub71761/RT/AL/w00020_f0.png,aihub71761,data/raw/aihub71761/RT/AL/w00020_f0.png,388d1466d8905629c583010604b27bcb155401bbbee8f93316414ae6d5bf5c35,1280,720,RT,AL,True,1,porosity,2011,기공,polygon,True,60508f40fdfbfb30bbe2816dd810072cabf9d945172b49a25d8a6d18bbbe2111,grp_AL_388d1466d890,1,AL|porosity,train,C3,,,none,,none,,aihub-mock-v1,1,MOCK — 실이미지 없음. 스키마 검증·선행 개발 전용
aihub71761:data/raw/aihub71761/RT/ST/w00571_f2.png,aihub71761,data/raw/aihub71761/RT/ST/w00571_f2.png,38b2e492dcb36f38190a99a1100c7d67e5354285e99127502f90d9a472a76fa3,1280,720,RT,ST,True,1,porosity,2011,기공,polygon,True,1c47909a3a7132850d01a7968cc7dc54713a522868b79e8bde833133c6d38bf0,grp_ST_24061026433b,4,ST|porosity,eval,,,,none,,none,,aihub-mock-v1,1,MOCK — 실이미지 없음. 스키마 검증·선행 개발 전용
aihub71761:data/raw/aihub71761/RT/ST/w00447_f0.png,aihub71761,data/raw/aihub71761/RT/ST/w00447_f0.png,39c44afcc570d2e91eb757630e5a604e4b3d6b086fe93f67b6a73f71444eeb18,1280,720,RT,ST,True,1,porosity,2011,기공,polygon,True,e71f0043d1ee6175559c24ecf68b9176155391b32bcbe248489523ba047023e0,grp_ST_39c44afcc570,1,ST|porosity,train,C1,,,none,,none,,aihub-mock-v1,1,MOCK — 실이미지 없음. 스키마 검증·선행 개발 전용
aihub71761:data/raw/aihub71761/RT/ST/w00110_f2.png,aihub71761,data/raw/aihub71761/RT/ST/w00110_f2.png,39e61a5c8e034cd96b553debe06c8b092baba40a7db9ee6a442a55485e87489b,1280,720,RT,ST,True,1,porosity,2011,기공,polygon,True,069dc0fb0061a349a33ddff04ad45a3fdba61ea347856978f955bb9f56579d4d,grp_ST_1ff85f0c5a0e,4,ST|porosity,train,C1,,,none,,none,,aihub-mock-v1,1,MOCK — 실이미지 없음. 스키마 검증·선행 개발 전용
aihub71761:data/raw/aihub71761/RT/ST/w00543_f1.png,aihub71761,data/raw/aihub71761/RT/ST/w00543_f1.png,39e95f21000a69e0f5c33c0dcec7869fe0407da9a36c9e00d2fde51e2e9a9c28,1280,720,RT,ST,False,0,,,,polygon,True,cbf59e8a25bb133ed1729d565570610366c2104aa164d2d99a80c8de3f721402,grp_ST_2cf287769d46,2,ST|__normal__,val,C1,,,none,,none,,aihub-mock-v1,1,MOCK — 실이미지 없음. 스키마 검증·선행 개발 전용
aihub71761:data/raw/aihub71761/RT/ST/w00591_f0.png,aihub71761,data/raw/aihub71761/RT/ST/w00591_f0.png,39f5240480e7a64b6b112fec85ac07ec0c7437b00735fcc46b5ebda8c3b30570,1280,720,RT,ST,False,0,,,,polygon,True,2df231a4de27411467ee165f95baf019a2972b633bbe8a535b3d9373e281c38b,grp_ST_39f5240480e7,1,ST|__normal__,train,C1,,,none,,none,,aihub-mock-v1,1,MOCK — 실이미지 없음. 스키마 검증·선행 개발 전용
aihub71761:data/raw/aihub71761/RT/AL/w00112_f0.png,aihub71761,data/raw/aihub71761/RT/AL/w00112_f0.png,3a74af068119028476def339590d34a9d29ef879d790854eebb701d289a143a2,1280,720,RT,AL,False,0,,,,polygon,True,70658dedbf27cf49c08fd18f6aacf1e627430fdb1090366eb4cc6583a9079e6a,grp_AL_3a74af068119,1,AL|__normal__,train,C3,,,none,,none,,aihub-mock-v1,1,MOCK — 실이미지 없음. 스키마 검증·선행 개발 전용
aihub71761:data/raw/aihub71761/RT/AL/w00096_f0.png,aihub71761,data/raw/aihub71761/RT/AL/w00096_f0.png,3a7a715a4c3f64328087940f70a40904f94f989e87a36fca1cdee028139b6da3,1280,720,RT,AL,False,0,,,,polygon,True,25cd0f8773a6f439cf548b1482a400c5db91a9fb6489fef4f16d7c246305d369,grp_AL_3a7a715a4c3f,1,AL|__normal__,train,C3,,,none,,none,,aihub-mock-v1,1,MOCK — 실이미지 없음. 스키마 검증·선행 개발 전용
aihub71761:data/raw/aihub71761/RT/ST/w00029_f3.png,aihub71761,data/raw/aihub71761/RT/ST/w00029_f3.png,3a813dd444d650d8d6461e3bb9a50e6164abfa3d76f2cd51daf2db0cd5906621,1280,720,RT,ST,False,0,,,,polygon,True,eb7b78487b08b986d69477c4d84eefd3515e2d794d87a51e8da56fa191bf0590,grp_ST_3a813dd444d6,4,ST|__normal__,train,C1,,,none,,none,,aihub-mock-v1,1,MOCK — 실이미지 없음. 스키마 검증·선행 개발 전용
aihub71761:data/raw/aihub71761/RT/ST/w00237_f3.png,aihub71761,data/raw/aihub71761/RT/ST/w00237_f3.png,3a8a53615ebecd20a8b556841880675c589b9995bdaef9a07e48ed7b8fee0c3e,1280,720,RT,ST,True,1,lack_of_fusion,401,융합불량,polygon,True,7ba26bc3d116001e271b311072ad1b24ba52d9db3f59767110692ac8f7fd54dd,grp_ST_3a8a53615ebe,4,ST|lack_of_fusion,train,C1,,,none,,none,,aihub-mock-v1,1,MOCK — 실이미지 없음. 스키마 검증·선행 개발 전용
aihub71761:data/raw/aihub71761/RT/ST/w00515_f0.png,aihub71761,data/raw/aihub71761/RT/ST/w00515_f0.png,3a9825ab0cf6e703b6530042539c6e393310945ce28be669f5fe3a4331f53dcb,1280,720,RT,ST,False,0,,,,polygon,True,ea2a8617c213e745caa026efeb4835b7184caf1155419cad63675163d9a3477b,grp_ST_3a9825ab0cf6,1,ST|__normal__,train,C2,,,none,,none,,aihub-mock-v1,1,MOCK — 실이미지 없음. 스키마 검증·선행 개발 전용
aihub71761:data/raw/aihub71761/RT/ST/w00162_f1.png,aihub71761,data/raw/aihub71761/RT/ST/w00162_f1.png,3ad98e2086b1e4cc62c7bab879fcedfaad2530df3e06abfe60d18e2c5cfadc4f,1280,720,RT,ST,False,0,,,,polygon,True,4ef36b1c7cc81e5d734c696f01bd5e1f275547dd39c1cbda8c7fef08ffdc895f,grp_ST_3ad98e2086b1,2,ST|__normal__,train,C2,,,none,,none,,aihub-mock-v1,1,MOCK — 실이미지 없음. 스키마 검증·선행 개발 전용
aihub71761:data/raw/aihub71761/RT/AL/w00037_f0.png,aihub71761,data/raw/aihub71761/RT/AL/w00037_f0.png,3ade1c3dd154911f19c6f4524ec15e9666f36cf39b376212f7cd57b991174dd7,1280,720,RT,AL,True,1,lack_of_fusion,401,융합불량,polygon,True,f2000a930d140ec4861fb3f2038ae78ab17cf4adbf2fe241809f1bd297619a86,grp_AL_3ade1c3dd154,1,AL|lack_of_fusion,val,C3,,,none,,none,,aihub-mock-v1,1,MOCK — 실이미지 없음. 스키마 검증·선행 개발 전용
aihub71761:data/raw/aihub71761/RT/ST/w00323_f0.png,aihub71761,data/raw/aihub71761/RT/ST/w00323_f0.png,3b5504561266cb317a7f92254b13eb3f7328cf3f1c881241a3dc4e77cf60de27,1280,720,RT,ST,True,1,porosity,2011,기공,polygon,True,e099583aba4fa8ac9ecbdc08d91287216cd7a0e595f435e73ad8cb898b851ecc,grp_ST_22a8ea0cfae0,2,ST|porosity,train,C1,,,none,,none,,aihub-mock-v1,1,MOCK — 실이미지 없음. 스키마 검증·선행 개발 전용
aihub71761:data/raw/aihub71761/RT/ST/w00149_f1.png,aihub71761,data/raw/aihub71761/RT/ST/w00149_f1.png,3b611c6b83c3cd3ddf5ca8f19c65a28957a217318287110cc296b35356a25327,1280,720,RT,ST,False,0,,,,polygon,True,1ed27c176e3ce0bbc6bac0b99e6abca19c9f7ecf52b27590fd83dc5222b5c502,grp_ST_0cd829be9e0c,4,ST|__normal__,train,C1,,,none,,none,,aihub-mock-v1,1,MOCK — 실이미지 없음. 스키마 검증·선행 개발 전용
aihub71761:data/raw/aihub71761/RT/ST/w00508_f0.png,aihub71761,data/raw/aihub71761/RT/ST/w00508_f0.png,3b8ae1eeb50bdfdc9e9b186f593fffa9aabc73bd6cd672cb48b55025ed3d9eb5,1280,720,RT,ST,True,1,porosity,2011,기공,polygon,True,30ca062f469a9e04fc22902a846fef2e51c1c6cb139e1f33d8a79cd727e63332,grp_ST_3b8ae1eeb50b,1,ST|porosity,eval,,judgment_2000,,none,,none,,aihub-mock-v1,1,MOCK — 실이미지 없음. 스키마 검증·선행 개발 전용
aihub71761:data/raw/aihub71761/RT/ST/w00498_f0.png,aihub71761,data/raw/aihub71761/RT/ST/w00498_f0.png,3ba7b491c8b095bf6989abaac8378fa4c4fbc41aad5e508a393855e2a9015332,1280,720,RT,ST,True,1,porosity,2011,기공,polygon,True,ea092998d0c685aa39047d4c36585a38458e8602bfcf318610de97167236bdb9,grp_ST_3ba7b491c8b0,1,ST|porosity,train,C1,,,none,,none,,aihub-mock-v1,1,MOCK — 실이미지 없음. 스키마 검증·선행 개발 전용
aihub71761:data/raw/aihub71761/RT/ST/w00417_f1.png,aihub71761,data/raw/aihub71761/RT/ST/w00417_f1.png,3bbfc85339b36c39d3b87f31705453cf230b268e207a47eeac7848569906e3a9,1280,720,RT,ST,False,0,,,,polygon,True,13a096a51f978344af056758040c2368e373e7fceaedcd040538f31499dc7e3c,grp_ST_3bbfc85339b3,3,ST|__normal__,train,C1,,,none,,none,,aihub-mock-v1,1,MOCK — 실이미지 없음. 스키마 검증·선행 개발 전용
aihub71761:data/raw/aihub71761/RT/ST/w00437_f0.png,aihub71761,data/raw/aihub71761/RT/ST/w00437_f0.png,3c05d4037ac20162a1418d50e5e6fbf840c442ec4391c85184256156b5a6b222,1280,720,RT,ST,True,1,porosity,2011,기공,polygon,True,226c721412b8a6df50970e5dc2f0ecf76a43f9a905d0a3c0fc3b9292dbf06f6c,grp_ST_0989fff910ff,4,ST|porosity,train,C1,,,none,,none,,aihub-mock-v1,1,MOCK — 실이미지 없음. 스키마 검증·선행 개발 전용
aihub71761:data/raw/aihub71761/RT/AL/w00022_f0.png,aihub71761,data/raw/aihub71761/RT/AL/w00022_f0.png,3c28b472fba882f4bfd33c7a0d29a660e5b46f95a93747d99c7afd248195c567,1280,720,RT,AL,True,1,slag_inclusion,301,슬래그혼입,polygon,True,7bf30796f27de1f8a79216e6051313ffa6e76fbccf51667a30435da1dc119dac,grp_AL_3c28b472fba8,3,AL|slag_inclusion,eval,,,,none,,none,,aihub-mock-v1,1,MOCK — 실이미지 없음. 스키마 검증·선행 개발 전용
aihub71761:data/raw/aihub71761/RT/ST/w00445_f0.png,aihub71761,data/raw/aihub71761/RT/ST/w00445_f0.png,3c319ca3d7787882915a05843b892aa30b07cd3e6993edd3ae24d2a1543a7705,1280,720,RT,ST,True,2,crack;lack_of_fusion,100;401,균열;융합불량,polygon,True,94679db8b1d2c8fea6848033ca64af3685f60b237a8a17c5f2e7c6927b691476,grp_ST_3c319ca3d778,1,ST|crack,train,C1,,,none,,none,,aihub-mock-v1,1,MOCK — 실이미지 없음. 스키마 검증·선행 개발 전용
aihub71761:data/raw/aihub71761/RT/AL/w00054_f0.png,aihub71761,data/raw/aihub71761/RT/AL/w00054_f0.png,3c63014708c8a6fc991a1b809ad67d4aee39bdd637ca97ce905059dc383137e2,1280,720,RT,AL,True,1,crack,100,균열,polygon,True,c38c23e6b8b6871ff73dbc450a391235417d2e030d2c2220d4e12639bafa33e8,grp_AL_3c63014708c8,1,AL|crack,train,C3,,,none,,none,,aihub-mock-v1,1,MOCK — 실이미지 없음. 스키마 검증·선행 개발 전용
aihub71761:data/raw/aihub71761/RT/ST/w00567_f0.png,aihub71761,data/raw/aihub71761/RT/ST/w00567_f0.png,3d49aeaff4f0af2aa0b24926187dc506d8586a34cda4bc357869d1decc555263,1280,720,RT,ST,False,0,,,,polygon,True,dd796b00c67fc0ee6e909172e314a3086eb1102626797d973defa5dfb1489b16,grp_ST_3d49aeaff4f0,1,ST|__normal__,eval,,judgment_2000,,none,,none,,aihub-mock-v1,1,MOCK — 실이미지 없음. 스키마 검증·선행 개발 전용
aihub71761:data/raw/aihub71761/RT/ST/w00250_f0.png,aihub71761,data/raw/aihub71761/RT/ST/w00250_f0.png,3d6fe8c86045ef712cc5c9997e5fdf370fdb818a208a65ad6f8bc937e04d3fdb,1280,720,RT,ST,False,0,,,,polygon,True,9b60fd7641f0433fe03a274cbe78816549864770637da37ad37b2772e8b1a6e3,grp_ST_3d6fe8c86045,1,ST|__normal__,eval,,,,none,,none,,aihub-mock-v1,1,MOCK — 실이미지 없음. 스키마 검증·선행 개발 전용
aihub71761:data/raw/aihub71761/RT/ST/w00226_f1.png,aihub71761,data/raw/aihub71761/RT/ST/w00226_f1.png,3d9552d141b7fbb78aad2326d63cb93747f5283ae64876f1841772141a406212,1280,720,RT,ST,True,1,porosity,2011,기공,polygon,True,14edc15a28ef153162b5a8ca95deb24dfe6c4ece027672a99bf66776a5fee73e,grp_ST_3d9552d141b7,2,ST|porosity,train,C1,,,none,,none,,aihub-mock-v1,1,MOCK — 실이미지 없음. 스키마 검증·선행 개발 전용
aihub71761:data/raw/aihub71761/RT/ST/w00199_f3.png,aihub71761,data/raw/aihub71761/RT/ST/w00199_f3.png,3db9f9bd24912dd8b658c5f1d8baf62cf45a530872e568221d54ef8406bc7bed,1280,720,RT,ST,False,0,,,,polygon,True,ee04883839afb6bfb649da3a8c07089252b1cb8cf9b743b7cb410f2a9bf4f5ae,grp_ST_2faaa954e7f8,4,ST|__normal__,train,C2,,,none,,none,,aihub-mock-v1,1,MOCK — 실이미지 없음. 스키마 검증·선행 개발 전용
aihub71761:data/raw/aihub71761/RT/ST/w00027_f0.png,aihub71761,data/raw/aihub71761/RT/ST/w00027_f0.png,3e305be324d9a9574c808665172b52dedf20d2af3d2d42daba6748e2ac4cde85,1280,720,RT,ST,False,0,,,,polygon,True,08aaf1c5356801e849da7b0674f6ae0cc6811f851d1c7e74518a76fd696dafe5,grp_ST_3e305be324d9,1,ST|__normal__,eval,,,,none,,none,,aihub-mock-v1,1,MOCK — 실이미지 없음. 스키마 검증·선행 개발 전용
aihub71761:data/raw/aihub71761/RT/ST/w00576_f0.png,aihub71761,data/raw/aihub71761/RT/ST/w00576_f0.png,3e5388ae8fff9dd55ab0c8499ed63202de7437e2535d73406ec9c4f89598a7eb,1280,720,RT,ST,True,1,slag_inclusion,301,슬래그혼입,polygon,True,2096cb41972b0b3165875089597e093ef30cf2444a7a1d3fba13c5df5070dbc1,grp_ST_3e5388ae8fff,2,ST|slag_inclusion,train,C1,,,none,,none,,aihub-mock-v1,1,MOCK — 실이미지 없음. 스키마 검증·선행 개발 전용
aihub71761:data/raw/aihub71761/RT/ST/w00050_f0.png,aihub71761,data/raw/aihub71761/RT/ST/w00050_f0.png,3e9c805e4522fee6e2c1e5ad7330599ecb403e2f1e14f9d417557628507989e3,1280,720,RT,ST,True,1,porosity,2011,기공,polygon,True,707f2866fd759a086eca0c027be25e6b43d5ccb8da1f12d61669a7c11ed4d336,grp_ST_3e9c805e4522,1,ST|porosity,train,C1,,,none,,none,,aihub-mock-v1,1,MOCK — 실이미지 없음. 스키마 검증·선행 개발 전용
aihub71761:data/raw/aihub71761/RT/ST/w00570_f0.png,aihub71761,data/raw/aihub71761/RT/ST/w00570_f0.png,3eccf1e4520dcd8b3b8aed88e3b43a8d81673fcb94cba4232f76bfc6f095a34a,1280,720,RT,ST,True,2,lack_of_fusion;porosity,2011;401,기공;융합불량,polygon,True,10b19fb7d051b6ebbdfe8e7787da943fb85202857926fb143a15ebe78b554402,grp_ST_3eccf1e4520d,1,ST|lack_of_fusion,train,C1,,,none,,none,,aihub-mock-v1,1,MOCK — 실이미지 없음. 스키마 검증·선행 개발 전용
aihub71761:data/raw/aihub71761/RT/AL/w00017_f0.png,aihub71761,data/raw/aihub71761/RT/AL/w00017_f0.png,3ed2c3d23262765644906a1559000c35e860cb6cd787556f0380fa12a6f27101,1280,720,RT,AL,False,0,,,,polygon,True,b0f83166590905b3a4c5d19405919c54fcb9a88d57f27623b1d5916afb3c3daa,grp_AL_3ed2c3d23262,1,AL|__normal__,val,C3,,,none,,none,,aihub-mock-v1,1,MOCK — 실이미지 없음. 스키마 검증·선행 개발 전용
aihub71761:data/raw/aihub71761/RT/ST/w00604_f0.png,aihub71761,data/raw/aihub71761/RT/ST/w00604_f0.png,3f15fde9952548ec4b69f97003522a2be40d6703924d5c91a34411a939673714,1280,720,RT,ST,False,0,,,,polygon,True,e054b8b4488bdbd091231e1112e8b85366f57a3b70b6f8786b30317ae172d818,grp_ST_3f15fde99525,1,ST|__normal__,train,C1,,,none,,none,,aihub-mock-v1,1,MOCK — 실이미지 없음. 스키마 검증·선행 개발 전용
aihub71761:data/raw/aihub71761/RT/ST/w00530_f0.png,aihub71761,data/raw/aihub71761/RT/ST/w00530_f0.png,3f721f676f2dd956192778cd7c64d8a25f34d64fc473608da7aeeb6dce6bc03e,1280,720,RT,ST,False,0,,,,polygon,True,7967150c0f7b32abb4eaf5c593ac87a2e8599cc6287ae049a7ddc71f0407e5c1,grp_ST_3f721f676f2d,1,ST|__normal__,train,C2,,,none,,none,,aihub-mock-v1,1,MOCK — 실이미지 없음. 스키마 검증·선행 개발 전용
aihub71761:data/raw/aihub71761/RT/ST/w00573_f0.png,aihub71761,data/raw/aihub71761/RT/ST/w00573_f0.png,4090957cdb995856f5f2d5c9d420abf0c7e077728ebc5526047db94ccdc3500e,1280,720,RT,ST,True,1,slag_inclusion,301,슬래그혼입,polygon,True,91ed2539c278df4019b93d3e40b63d7543ace6afc83f4997c30cd687e48a4b25,grp_ST_4090957cdb99,1,ST|slag_inclusion,train,C1,,,none,,none,,aihub-mock-v1,1,MOCK — 실이미지 없음. 스키마 검증·선행 개발 전용
aihub71761:data/raw/aihub71761/RT/ST/w00280_f0.png,aihub71761,data/raw/aihub71761/RT/ST/w00280_f0.png,40bc46f4f5b0d5fed4016f3fc88c9b879c923d0a29ff8cbe63e8eed5632fb595,1280,720,RT,ST,True,1,crack,100,균열,polygon,True,26efcf636b5c1539744b6322a7f2e2ed5b963d3a6c201289ec171562ded169cb,grp_ST_40bc46f4f5b0,1,ST|crack,eval,,,,none,,none,,aihub-mock-v1,1,MOCK — 실이미지 없음. 스키마 검증·선행 개발 전용
aihub71761:data/raw/aihub71761/RT/ST/w00525_f0.png,aihub71761,data/raw/aihub71761/RT/ST/w00525_f0.png,40c2f1c9a2a8b1e1ba1f962c90f998f94cfbb98310a19e7e388ed4f66dd223f5,1280,720,RT,ST,False,0,,,,polygon,True,2785aac4c9aa272fe8631dfd650dcee5492ce959820e92d1b55d2d23435fdce0,grp_ST_202809c3497e,4,ST|__normal__,train,C2,,,none,,none,,aihub-mock-v1,1,MOCK — 실이미지 없음. 스키마 검증·선행 개발 전용
aihub71761:data/raw/aihub71761/RT/ST/w00252_f0.png,aihub71761,data/raw/aihub71761/RT/ST/w00252_f0.png,415718d2a8c1122a238f128e8c65ee7dac0afce1e1a1b7dec81fd72d855987c2,1280,720,RT,ST,False,0,,,,polygon,True,d53ee50effa89aeb1fef6d379bb09ee98b3f11617fc141b12a164e8ec6ed9718,grp_ST_415718d2a8c1,1,ST|__normal__,train,C2,,,none,,none,,aihub-mock-v1,1,MOCK — 실이미지 없음. 스키마 검증·선행 개발 전용
aihub71761:data/raw/aihub71761/RT/ST/w00019_f0.png,aihub71761,data/raw/aihub71761/RT/ST/w00019_f0.png,41b89eb02a3247ac377d3f0b5c8c1809cb258cee39df81d9c7dc14c788b9c89f,1280,720,RT,ST,False,0,,,,polygon,True,730aff698deaaeda1befc0c1a9527b16b9116c63aa9f7a601d6dd98e4afe216a,grp_ST_41b89eb02a32,1,ST|__normal__,train,C2,,,none,,none,,aihub-mock-v1,1,MOCK — 실이미지 없음. 스키마 검증·선행 개발 전용
aihub71761:data/raw/aihub71761/RT/ST/w00119_f0.png,aihub71761,data/raw/aihub71761/RT/ST/w00119_f0.png,41f4d25e13f1c68bc750244d3545e15599f1190f7dcb2b16a3ab9b4045ff2eab,1280,720,RT,ST,False,0,,,,polygon,True,8801403df10101f5083029c05fcae427bcaa491f11531acede491603495f4aa1,grp_ST_41f4d25e13f1,1,ST|__normal__,eval,,,,none,,none,,aihub-mock-v1,1,MOCK — 실이미지 없음. 스키마 검증·선행 개발 전용
aihub71761:data/raw/aihub71761/RT/ST/w00025_f0.png,aihub71761,data/raw/aihub71761/RT/ST/w00025_f0.png,4239edf48d60a653da9e190be97d5b544f87df19669b9a82796873663b71ef88,1280,720,RT,ST,False,0,,,,polygon,True,57e05afddf41b036b669a098fbc6c3ad21e709557c005816a5845478e4f5986a,grp_ST_4239edf48d60,1,ST|__normal__,train,C1,,,none,,none,,aihub-mock-v1,1,MOCK — 실이미지 없음. 스키마 검증·선행 개발 전용
aihub71761:data/raw/aihub71761/RT/ST/w00187_f0.png,aihub71761,data/raw/aihub71761/RT/ST/w00187_f0.png,424d8d38228f798fe7fd4ddf34ebd7369a051849fb3f0b2678bf680f7cfe6abd,1280,720,RT,ST,True,1,porosity,2011,기공,polygon,True,0a5db1fb2fcd5e76a83da15a5e58e0efef3c3afbb6d3b1e1c80df1bd30e1f99f,grp_ST_424d8d38228f,1,ST|porosity,train,C1,,,none,,none,,aihub-mock-v1,1,MOCK — 실이미지 없음. 스키마 검증·선행 개발 전용
aihub71761:data/raw/aihub71761/RT/ST/w00413_f0.png,aihub71761,data/raw/aihub71761/RT/ST/w00413_f0.png,4271390ece3c88592e9fe4593cbc287b5d9a70746b50d4d580b746dc2011bc95,1280,720,RT,ST,True,2,crack;porosity,100;2011,균열;기공,polygon,True,f0a67aeb8ca33db1025db2908f29187db0c0d4927ad7d0bb26a53a44814f7dd2,grp_ST_4271390ece3c,1,ST|crack,eval,,,,none,,none,,aihub-mock-v1,1,MOCK — 실이미지 없음. 스키마 검증·선행 개발 전용
aihub71761:data/raw/aihub71761/RT/ST/w00488_f2.png,aihub71761,data/raw/aihub71761/RT/ST/w00488_f2.png,42a738b37b12a00bbb376374017d653375fbfc456d8dcfa1ac0159e7735ee285,1280,720,RT,ST,True,1,porosity,2011,기공,polygon,True,4a4d4273edeb2831a278cc9c6f2253d753752066955660ec60b5088f281208b4,grp_ST_42a738b37b12,3,ST|porosity,train,C1,,,none,,none,,aihub-mock-v1,1,MOCK — 실이미지 없음. 스키마 검증·선행 개발 전용
aihub71761:data/raw/aihub71761/RT/ST/w00157_f0.png,aihub71761,data/raw/aihub71761/RT/ST/w00157_f0.png,4343da12978a9075f4aca74c1ad352f98f37eddeccdca7fae6d8bbebe7207022,1280,720,RT,ST,False,0,,,,polygon,True,a8c4b027e0a18644ac42dfe62d25d6878072c1b11b6c08fc650b0976c8ad729f,grp_ST_4343da12978a,1,ST|__normal__,val,C2,,,none,,none,,aihub-mock-v1,1,MOCK — 실이미지 없음. 스키마 검증·선행 개발 전용
aihub71761:data/raw/aihub71761/RT/ST/w00225_f1.png,aihub71761,data/raw/aihub71761/RT/ST/w00225_f1.png,434c98e8e78a232c37960a9a3a7a3b88132bec78e101c811ec8c8c54f58b1844,1280,720,RT,ST,True,1,porosity,2011,기공,polygon,True,34c4911e6db2b25180db303abc3b44557fc2a63be78e32164f8754998ba3623d,grp_ST_434c98e8e78a,2,ST|porosity,train,C1,,,none,,none,,aihub-mock-v1,1,MOCK — 실이미지 없음. 스키마 검증·선행 개발 전용
aihub71761:data/raw/aihub71761/RT/ST/w00405_f3.png,aihub71761,data/raw/aihub71761/RT/ST/w00405_f3.png,434f57c243c3ffb020163e5dfce77b3c5004d2464cc85008da402cc6cd7da98b,1280,720,RT,ST,False,0,,,,polygon,True,adb056c110c5ed1523e66bb569edcbb08467d540c146426680cd1d40dca19924,grp_ST_2cdbe061145e,4,ST|__normal__,train,C1,,,none,,none,,aihub-mock-v1,1,MOCK — 실이미지 없음. 스키마 검증·선행 개발 전용
aihub71761:data/raw/aihub71761/RT/ST/w00509_f0.png,aihub71761,data/raw/aihub71761/RT/ST/w00509_f0.png,43961d7e8c741d977523e5068ec928e1cf729a911d325379a3e96dde2003b8a9,1280,720,RT,ST,True,1,lack_of_fusion,401,융합불량,polygon,True,aa6546afe90e0d1ab668a4b363741a445412effdc9a5fbc6ed1342a2940ed0b8,grp_ST_43961d7e8c74,1,ST|lack_of_fusion,eval,,,,none,,none,,aihub-mock-v1,1,MOCK — 실이미지 없음. 스키마 검증·선행 개발 전용
aihub71761:data/raw/aihub71761/RT/ST/w00235_f1.png,aihub71761,data/raw/aihub71761/RT/ST/w00235_f1.png,43cd5482bd28c931897ff5b086221ffca298240a6fa26b681d71dd98180c8ca8,1280,720,RT,ST,False,0,,,,polygon,True,37ba81dcf2d975fa77aac3452365b8cd7f883a52e1b7441605c0449319225411,grp_ST_43cd5482bd28,2,ST|__normal__,train,C2,,,none,,none,,aihub-mock-v1,1,MOCK — 실이미지 없음. 스키마 검증·선행 개발 전용
aihub71761:data/raw/aihub71761/RT/ST/w00341_f0.png,aihub71761,data/raw/aihub71761/RT/ST/w00341_f0.png,43d12de2d6af5b9c19b32296903bf0f349c9d98cdde54ca4d63c2e50b4af66e4,1280,720,RT,ST,True,2,lack_of_fusion;porosity,2011;401,기공;융합불량,polygon,True,19366fadd1816c400fc55c028ddc71778e632295592bd1a843f4db863010379c,grp_ST_43d12de2d6af,4,ST|lack_of_fusion,val,C1,,,none,,none,,aihub-mock-v1,1,MOCK — 실이미지 없음. 스키마 검증·선행 개발 전용
aihub71761:data/raw/aihub71761/RT/ST/w00470_f0.png,aihub71761,data/raw/aihub71761/RT/ST/w00470_f0.png,43db49d5725869c227656d102fc72ead1f89f2fcbd6dc17967f6eca4eb60988a,1280,720,RT,ST,True,1,porosity,2011,기공,polygon,True,60910543e7a89ae01226ade0d5b065f18b286b48f7fc74be7d029b2aeea10221,grp_ST_43db49d57258,1,ST|porosity,train,C1,,,none,,none,,aihub-mock-v1,1,MOCK — 실이미지 없음. 스키마 검증·선행 개발 전용
aihub71761:data/raw/aihub71761/RT/ST/w00326_f0.png,aihub71761,data/raw/aihub71761/RT/ST/w00326_f0.png,4538480b8d5c80836dc6984b12676566f9e1c94ca5ba39767437866cf1b6de12,1280,720,RT,ST,False,0,,,,polygon,True,9510746e97c2fb384d2f8a1f277e668583dbf72c5314e213800bcddedf230428,grp_ST_4538480b8d5c,1,ST|__normal__,eval,,,,none,,none,,aihub-mock-v1,1,MOCK — 실이미지 없음. 스키마 검증·선행 개발 전용
aihub71761:data/raw/aihub71761/RT/ST/w00009_f0.png,aihub71761,data/raw/aihub71761/RT/ST/w00009_f0.png,457881843ba431535485147e0a875b50311c781d34d8ab7350874429d170ef8a,1280,720,RT,ST,False,0,,,,polygon,True,9cad748216d0ba4d3791e1e71c73c18066f3b5330179f2c43299839e2e7c9d51,grp_ST_457881843ba4,2,ST|__normal__,train,C2,,,none,,none,,aihub-mock-v1,1,MOCK — 실이미지 없음. 스키마 검증·선행 개발 전용
aihub71761:data/raw/aihub71761/RT/AL/w00111_f0.png,aihub71761,data/raw/aihub71761/RT/AL/w00111_f0.png,4590baeca012d687d2805509e9697bfac6072ae66a628eb410f845e369ee0400,1280,720,RT,AL,True,1,porosity,2011,기공,polygon,True,179d644226f36099bf16b86d5c128a0a94b2aa46dec44c78e5818a2aaf555df8,grp_AL_4590baeca012,1,AL|porosity,eval,,,,none,,none,,aihub-mock-v1,1,MOCK — 실이미지 없음. 스키마 검증·선행 개발 전용
aihub71761:data/raw/aihub71761/RT/AL/w00113_f0.png,aihub71761,data/raw/aihub71761/RT/AL/w00113_f0.png,4662e721c585e4a4ca6ca1ed4747a6a54b0a88394ae8ad33983d49f96eafa61c,1280,720,RT,AL,False,0,,,,polygon,True,8d4308cdce8b3abc5156f544e6dbcfd915691cd01d24252eefbb2f9617bc49b8,grp_AL_4662e721c585,1,AL|__normal__,train,C3,,,none,,none,,aihub-mock-v1,1,MOCK — 실이미지 없음. 스키마 검증·선행 개발 전용
aihub71761:data/raw/aihub71761/RT/AL/w00102_f0.png,aihub71761,data/raw/aihub71761/RT/AL/w00102_f0.png,466bdc2a27e28c3c214de76ee9278cf5204d89c4f24bc3dc2c667ce47306b423,1280,720,RT,AL,True,1,porosity,2011,기공,polygon,True,2764e305f6164f86716530d8c6cb25204879fbdab1386cb298f5c18b8d3e84b0,grp_AL_466bdc2a27e2,1,AL|porosity,train,C3,,,none,,none,,aihub-mock-v1,1,MOCK — 실이미지 없음. 스키마 검증·선행 개발 전용
aihub71761:data/raw/aihub71761/RT/ST/w00079_f1.png,aihub71761,data/raw/aihub71761/RT/ST/w00079_f1.png,4672d5587d922c662619a28acfe92bb7f478f25ceb677b4144a2aa4e7fa691ba,1280,720,RT,ST,False,0,,,,polygon,True,1e3f1980f5f75ce581fa35d9433e2f1d5513cfe6e0a8bded33b09627801a0ff6,grp_ST_4672d5587d92,4,ST|__normal__,train,C2,,,none,,none,,aihub-mock-v1,1,MOCK — 실이미지 없음. 스키마 검증·선행 개발 전용
aihub71761:data/raw/aihub71761/RT/AL/w00069_f0.png,aihub71761,data/raw/aihub71761/RT/AL/w00069_f0.png,46d1c5fb7af8ec2297bf89735bdad05d4654ddb0851d726172d20290553ca6ef,1280,720,RT,AL,True,1,porosity,2011,기공,polygon,True,5884fc1a7fade12aefed866fdede2d23d3601244ce21e1b453dd3ad1745ecc9f,grp_AL_46d1c5fb7af8,1,AL|porosity,train,C3,,,none,,none,,aihub-mock-v1,1,MOCK — 실이미지 없음. 스키마 검증·선행 개발 전용
aihub71761:data/raw/aihub71761/RT/AL/w00095_f0.png,aihub71761,data/raw/aihub71761/RT/AL/w00095_f0.png,46f4b88b46f6e30bcc90a9741983586c13dd5f2dc3bc7b77c84377cf48c8c7fe,1280,720,RT,AL,False,0,,,,polygon,True,177d36d2982e62f46feb087e58e0dd8e14658b184beebbdffbbeb4c4ef1576c8,grp_AL_46f4b88b46f6,1,AL|__normal__,train,C3,,,none,,none,,aihub-mock-v1,1,MOCK — 실이미지 없음. 스키마 검증·선행 개발 전용
aihub71761:data/raw/aihub71761/RT/ST/w00505_f0.png,aihub71761,data/raw/aihub71761/RT/ST/w00505_f0.png,47a82b8e6c9bed7c95b085a124cf55efb3daa74b0311f0e4331de740e2e2a790,1280,720,RT,ST,True,1,slag_inclusion,301,슬래그혼입,polygon,True,6c5b7c1ae153922dc15000d76ce2a4a4fe87522efdb1cfb01b04153f9b9842f1,grp_ST_47a82b8e6c9b,2,ST|slag_inclusion,train,C2,,,none,,none,,aihub-mock-v1,1,MOCK — 실이미지 없음. 스키마 검증·선행 개발 전용
aihub71761:data/raw/aihub71761/RT/ST/w00402_f0.png,aihub71761,data/raw/aihub71761/RT/ST/w00402_f0.png,47b5705d3621fbc47bea3620e268f2e6819a44863228f75f191bbb13b3a176fc,1280,720,RT,ST,False,0,,,,polygon,True,6858fc57833e672ac397a7d9e76a36899a921e002b096bec7ace956016280a94,grp_ST_47b5705d3621,1,ST|__normal__,train,C1,,,none,,none,,aihub-mock-v1,1,MOCK — 실이미지 없음. 스키마 검증·선행 개발 전용
aihub71761:data/raw/aihub71761/RT/ST/w00603_f1.png,aihub71761,data/raw/aihub71761/RT/ST/w00603_f1.png,486a2121a0c1875c6708e5beddedeebb08140039404313a39a5469d79efe52ae,1280,720,RT,ST,True,1,porosity,2011,기공,polygon,True,02b6053711ebbe9f526099e748278cd148a5f557068ed7b844f16ef099ea6edd,grp_ST_15e39d5d61f2,3,ST|porosity,train,C1,,,none,,none,,aihub-mock-v1,1,MOCK — 실이미지 없음. 스키마 검증·선행 개발 전용
aihub71761:data/raw/aihub71761/RT/ST/w00155_f0.png,aihub71761,data/raw/aihub71761/RT/ST/w00155_f0.png,48a7ceb7eb0dba2561a8d349f611c2b4c46fe46f6c4a8a89be5f124d99226fac,1280,720,RT,ST,True,1,porosity,2011,기공,polygon,True,e4e597b3a2604f491478901b8a176084c4e5aebe673e2f17f62dbf722850de13,grp_ST_48a7ceb7eb0d,1,ST|porosity,train,C1,,,none,,none,,aihub-mock-v1,1,MOCK — 실이미지 없음. 스키마 검증·선행 개발 전용
aihub71761:data/raw/aihub71761/RT/ST/w00145_f2.png,aihub71761,data/raw/aihub71761/RT/ST/w00145_f2.png,48dfd68e0af86ff6b8b3e54f8d80d53969fcc7aa7273a195cfcd7634d9d3176c,1280,720,RT,ST,True,1,porosity,2011,기공,polygon,True,b9ec46883c271bb0734c2e8aa4387ef1da90480e90d9f0ca0b9009bdff2d5937,grp_ST_48dfd68e0af8,3,ST|porosity,val,C1,,,none,,none,,aihub-mock-v1,1,MOCK — 실이미지 없음. 스키마 검증·선행 개발 전용
aihub71761:data/raw/aihub71761/RT/ST/w00198_f0.png,aihub71761,data/raw/aihub71761/RT/ST/w00198_f0.png,49169cea40f8b2a66bf5bf2e17fb22217a64cdd73c8cc4846d3b97be56028d4f,1280,720,RT,ST,False,0,,,,polygon,True,837b65a369941b1648342595e8de209957d81ce83ef99bef055e065bb9c511ba,grp_ST_49169cea40f8,1,ST|__normal__,eval,,judgment_2000,,none,,none,,aihub-mock-v1,1,MOCK — 실이미지 없음. 스키마 검증·선행 개발 전용
aihub71761:data/raw/aihub71761/RT/ST/w00115_f0.png,aihub71761,data/raw/aihub71761/RT/ST/w00115_f0.png,4951a9f421418c4ff420100cd0eedcd36a6e0965f9825d367a46917ee981c421,1280,720,RT,ST,True,1,porosity,2011,기공,polygon,True,6cccd6c46deed9e991e4fefa1696aae746e671e94f0380c2b6202e78c32d74dd,grp_ST_4951a9f42141,1,ST|porosity,eval,,,,none,,none,,aihub-mock-v1,1,MOCK — 실이미지 없음. 스키마 검증·선행 개발 전용
aihub71761:data/raw/aihub71761/RT/AL/w00076_f0.png,aihub71761,data/raw/aihub71761/RT/AL/w00076_f0.png,496d314eb57b8fd464a8803ee1281c0a975e88251b722160660272fa39a9d1d8,1280,720,RT,AL,False,0,,,,polygon,True,c539c7b80a698b2af55551a0562230d033fb62892c24fd80537752b7b6fc38f5,grp_AL_496d314eb57b,1,AL|__normal__,val,C3,,,none,,none,,aihub-mock-v1,1,MOCK — 실이미지 없음. 스키마 검증·선행 개발 전용
aihub71761:data/raw/aihub71761/RT/ST/w00517_f0.png,aihub71761,data/raw/aihub71761/RT/ST/w00517_f0.png,4abe4544aa9259c05bcaf8e7a127ac0f30fdc81dcadf98713f529025f240ff10,1280,720,RT,ST,False,0,,,,polygon,True,0b5d3e103765ccfbc54116065d38814c2ab6e8dc60ca09da517131f6e1916ffd,grp_ST_4abe4544aa92,1,ST|__normal__,eval,,judgment_2000,,none,,none,,aihub-mock-v1,1,MOCK — 실이미지 없음. 스키마 검증·선행 개발 전용
aihub71761:data/raw/aihub71761/RT/ST/w00246_f0.png,aihub71761,data/raw/aihub71761/RT/ST/w00246_f0.png,4b7fb1e2c966489440ca45de8074ff942f25e74eee9c94bddbdf8a6ed7a88d38,1280,720,RT,ST,False,0,,,,polygon,True,6f514e4984ed6b7eeed469b1c28f186df1982f340f2588fb065a6302f84b00c2,grp_ST_4b7fb1e2c966,1,ST|__normal__,val,C2,,,none,,none,,aihub-mock-v1,1,MOCK — 실이미지 없음. 스키마 검증·선행 개발 전용
aihub71761:data/raw/aihub71761/RT/ST/w00590_f0.png,aihub71761,data/raw/aihub71761/RT/ST/w00590_f0.png,4bff9dbd10699f351654a28c63b6e9deae44907ca17a6c40c7f373e3027dce8b,1280,720,RT,ST,False,0,,,,polygon,True,735a6158eedf7f93c317e7a83c9322fb186fa38f4d04fa08d9118e420078f6f5,grp_ST_4bff9dbd1069,1,ST|__normal__,train,C2,,,none,,none,,aihub-mock-v1,1,MOCK — 실이미지 없음. 스키마 검증·선행 개발 전용
aihub71761:data/raw/aihub71761/RT/ST/w00217_f1.png,aihub71761,data/raw/aihub71761/RT/ST/w00217_f1.png,4cabb78ac63c3fc346f1e92a8e77bc01c2601151da06af171d9575598738058a,1280,720,RT,ST,True,1,porosity,2011,기공,polygon,True,89becbcc12ab857818ca93f7d5ac3a2e17f14cb26e1b8f0bb6864b0bd678a26f,grp_ST_4cabb78ac63c,2,ST|porosity,train,C1,,,none,,none,,aihub-mock-v1,1,MOCK — 실이미지 없음. 스키마 검증·선행 개발 전용
aihub71761:data/raw/aihub71761/RT/ST/w00544_f0.png,aihub71761,data/raw/aihub71761/RT/ST/w00544_f0.png,4dfad498ae14f704d6c45afe70025d1b6a634bfeaf19f80d666c781aa6c9aed3,1280,720,RT,ST,False,0,,,,polygon,True,1c4413856f22fad250729a6c33490938d13a6897b0b8cd089c3d10af10f00110,grp_ST_4dfad498ae14,1,ST|__normal__,train,C2,,,none,,none,,aihub-mock-v1,1,MOCK — 실이미지 없음. 스키마 검증·선행 개발 전용
aihub71761:data/raw/aihub71761/RT/AL/w00117_f0.png,aihub71761,data/raw/aihub71761/RT/AL/w00117_f0.png,4e4079245da6491ba18cf32672980cb53e1b69c82d651c1a75617a47f710b15d,1280,720,RT,AL,True,1,porosity,2011,기공,polygon,True,bacf11712d87383c444f4cdac80b30e53c93ab1b6aa30ac845f695c75c3f6e22,grp_AL_4e4079245da6,1,AL|porosity,train,C3,,,none,,none,,aihub-mock-v1,1,MOCK — 실이미지 없음. 스키마 검증·선행 개발 전용
aihub71761:data/raw/aihub71761/RT/ST/w00269_f0.png,aihub71761,data/raw/aihub71761/RT/ST/w00269_f0.png,4ec71eec26efd3fd10df44d0e98a28259bf94444545f4e97df81be94c0ca0258,1280,720,RT,ST,True,1,crack,100,균열,polygon,True,dbadf804303c905f33c9375968762a2dfa1da67f423563894da121bcc5d51842,grp_ST_4ec71eec26ef,1,ST|crack,train,C2,,,none,,none,,aihub-mock-v1,1,MOCK — 실이미지 없음. 스키마 검증·선행 개발 전용
aihub71761:data/raw/aihub71761/RT/AL/w00065_f1.png,aihub71761,data/raw/aihub71761/RT/AL/w00065_f1.png,4f15a680f497fe662706f5748e2650a995c0cc6268f34c422f9b185f37b3e313,1280,720,RT,AL,True,1,slag_inclusion,301,슬래그혼입,polygon,True,7d855fa677a30ef34151fa9dd94226291c3c9e4e10b9d41d27b5d65b81665dc4,grp_AL_4f15a680f497,3,AL|slag_inclusion,train,C3,,,none,,none,,aihub-mock-v1,1,MOCK — 실이미지 없음. 스키마 검증·선행 개발 전용
aihub71761:data/raw/aihub71761/RT/ST/w00312_f0.png,aihub71761,data/raw/aihub71761/RT/ST/w00312_f0.png,4f3ee3f5018c4685cf74e5f105f7ab2a465957764da341f230fb4887caf6e110,1280,720,RT,ST,True,1,porosity,2011,기공,polygon,True,ff0c2e2cee936926cf1d3328fab9b7350910a7b87b91e186a147d5c19a782013,grp_ST_4f3ee3f5018c,1,ST|porosity,train,C1,,,none,,none,,aihub-mock-v1,1,MOCK — 실이미지 없음. 스키마 검증·선행 개발 전용
aihub71761:data/raw/aihub71761/RT/ST/w00224_f0.png,aihub71761,data/raw/aihub71761/RT/ST/w00224_f0.png,4f7092f7a34607bb6d4837099bb1e2df1e8c7411246d09c09f4d9c4390fbc634,1280,720,RT,ST,False,0,,,,polygon,True,969e1d73d06b5e57b5311a99d9aa4488646d9a874b75f3642711f4a23fe1e568,grp_ST_4f7092f7a346,1,ST|__normal__,eval,,,,none,,none,,aihub-mock-v1,1,MOCK — 실이미지 없음. 스키마 검증·선행 개발 전용
aihub71761:data/raw/aihub71761/RT/AL/w00041_f0.png,aihub71761,data/raw/aihub71761/RT/AL/w00041_f0.png,4f91a1668f1586be752a942ee51ccc62894ee09be23173e46cd237b067b3066c,1280,720,RT,AL,True,1,porosity,2011,기공,polygon,True,3e5e326103684f174bf4275bc51090fe27ffdf32e2536ab92033b37cffceef3c,grp_AL_4f91a1668f15,1,AL|porosity,train,C3,,,none,,none,,aihub-mock-v1,1,MOCK — 실이미지 없음. 스키마 검증·선행 개발 전용
aihub71761:data/raw/aihub71761/RT/AL/w00079_f0.png,aihub71761,data/raw/aihub71761/RT/AL/w00079_f0.png,4fa6339761d507a49269d6a294c4b7748a00c8ad981ce40af3acb93560759a73,1280,720,RT,AL,False,0,,,,polygon,True,8f4d7078d03548ff3a817769c0640d3d8733e79bbbc6c0d4cc1bacec52c0550d,grp_AL_4fa6339761d5,1,AL|__normal__,train,C3,,,none,,none,,aihub-mock-v1,1,MOCK — 실이미지 없음. 스키마 검증·선행 개발 전용
aihub71761:data/raw/aihub71761/RT/AL/w00035_f0.png,aihub71761,data/raw/aihub71761/RT/AL/w00035_f0.png,4ff06fabe050d1aa067d668eeea7debb030fd5981396ad10ead05c22449a9c55,1280,720,RT,AL,False,0,,,,polygon,True,471428cce292c30dc426c6cf8bd06190192a404dd25dfcff74407c22e63b08f0,grp_AL_4ff06fabe050,1,AL|__normal__,train,C3,,,none,,none,,aihub-mock-v1,1,MOCK — 실이미지 없음. 스키마 검증·선행 개발 전용
aihub71761:data/raw/aihub71761/RT/ST/w00037_f0.png,aihub71761,data/raw/aihub71761/RT/ST/w00037_f0.png,502f8904ad2979cb389d9eea5f1ecd53ccabd3684133a26462faed07f30f0013,1280,720,RT,ST,True,1,porosity,2011,기공,polygon,True,40edb5b3355aabdb682f81b538fc42ed3a326190420a84d485469d582e25ad5a,grp_ST_502f8904ad29,1,ST|porosity,train,C1,,,none,,none,,aihub-mock-v1,1,MOCK — 실이미지 없음. 스키마 검증·선행 개발 전용
aihub71761:data/raw/aihub71761/RT/ST/w00084_f0.png,aihub71761,data/raw/aihub71761/RT/ST/w00084_f0.png,506ab44f83036774ecd00d3472fcdc15b35c06bedee2db9dc9b2ec265ea8c9cf,1280,720,RT,ST,True,1,porosity,2011,기공,polygon,True,e648a914833cda94645f85b92d1253206b4b43560fbc4a28b4919259dc725b11,grp_ST_506ab44f8303,1,ST|porosity,train,C1,,,none,,none,,aihub-mock-v1,1,MOCK — 실이미지 없음. 스키마 검증·선행 개발 전용
aihub71761:data/raw/aihub71761/RT/ST/w00525_f3.png,aihub71761,data/raw/aihub71761/RT/ST/w00525_f3.png,50a18cb205a7fc61f154ce9c059d429efbd490a9cd276b7613477c24519734d3,1280,720,RT,ST,False,0,,,,polygon,True,2785aac4c9aa272fe8631dfd650dcee5492ce959820e92d1b55d2d23435fdce0,grp_ST_202809c3497e,4,ST|__normal__,train,C2,,,none,,none,,aihub-mock-v1,1,MOCK — 실이미지 없음. 스키마 검증·선행 개발 전용
aihub71761:data/raw/aihub71761/RT/ST/w00370_f0.png,aihub71761,data/raw/aihub71761/RT/ST/w00370_f0.png,50f9acabecd530b772a14e8614740602b6ff1e51f2bb65a530249026c5143bd2,1280,720,RT,ST,True,1,slag_inclusion,301,슬래그혼입,polygon,True,01efb786b6f563537c76e175f0f09b8fa033089adda9da07cf67a2de3a373d5f,grp_ST_50f9acabecd5,1,ST|slag_inclusion,train,C1,,,none,,none,,aihub-mock-v1,1,MOCK — 실이미지 없음. 스키마 검증·선행 개발 전용
aihub71761:data/raw/aihub71761/RT/ST/w00342_f0.png,aihub71761,data/raw/aihub71761/RT/ST/w00342_f0.png,513370e5a89c9cc1e5b54f568847c715d1f29cea2ed26b837f0f3d0a13b3f386,1280,720,RT,ST,True,1,porosity,2011,기공,polygon,True,d01d35327c808a5b0d8343b2b1e0dff1993b31b191adbe18b4429f338c29096a,grp_ST_513370e5a89c,1,ST|porosity,train,C1,,,none,,none,,aihub-mock-v1,1,MOCK — 실이미지 없음. 스키마 검증·선행 개발 전용
aihub71761:data/raw/aihub71761/RT/ST/w00230_f0.png,aihub71761,data/raw/aihub71761/RT/ST/w00230_f0.png,515c22606bcfa704ae9147f51a05345220a195402b08390a344e68a07e78af84,1280,720,RT,ST,True,1,porosity,2011,기공,polygon,True,052c89c5e799bef26de2cafa7d51fdd028e555da60e6324fb4d1a1920b5ecb98,grp_ST_515c22606bcf,4,ST|porosity,train,C1,,,none,,none,,aihub-mock-v1,1,MOCK — 실이미지 없음. 스키마 검증·선행 개발 전용
aihub71761:data/raw/aihub71761/RT/ST/w00069_f0.png,aihub71761,data/raw/aihub71761/RT/ST/w00069_f0.png,519f42c7f5b87c4b45e7a029a35f8396008ab2270d6fe94c4cddc1d51d6b62be,1280,720,RT,ST,True,1,crack,100,균열,polygon,True,f5db8521ee9ec046ae184bfad2a87447d2714af5b40faa32b4a450d1a75bb6e2,grp_ST_519f42c7f5b8,1,ST|crack,train,C1,,,none,,none,,aihub-mock-v1,1,MOCK — 실이미지 없음. 스키마 검증·선행 개발 전용
aihub71761:data/raw/aihub71761/RT/ST/w00053_f2.png,aihub71761,data/raw/aihub71761/RT/ST/w00053_f2.png,51e4b0c7c1d1a6927adb2b4fa4fbd2740094387abdca7dfe76c16cec170fca35,1280,720,RT,ST,False,0,,,,polygon,True,bea6570b872a0acdffb65a4f1f288f6fe579f1e59cd43d480427464284f66695,grp_ST_0e2792fef79a,4,ST|__normal__,eval,,judgment_2000,,none,,none,,aihub-mock-v1,1,MOCK — 실이미지 없음. 스키마 검증·선행 개발 전용
aihub71761:data/raw/aihub71761/RT/ST/w00571_f0.png,aihub71761,data/raw/aihub71761/RT/ST/w00571_f0.png,521359db1addb09352b8b0bb8fc03488f2a1511141070fdb7058fae9d736b163,1280,720,RT,ST,True,1,porosity,2011,기공,polygon,True,1c47909a3a7132850d01a7968cc7dc54713a522868b79e8bde833133c6d38bf0,grp_ST_24061026433b,4,ST|porosity,eval,,,,none,,none,,aihub-mock-v1,1,MOCK — 실이미지 없음. 스키마 검증·선행 개발 전용
aihub71761:data/raw/aihub71761/RT/ST/w00055_f0.png,aihub71761,data/raw/aihub71761/RT/ST/w00055_f0.png,52477acb5857608a904cc3ee504b9a2770fc9798eca7b900ee65fcdec9a162a9,1280,720,RT,ST,True,1,porosity,2011,기공,polygon,True,1dcfb122716a26b541888da919d68c448da5845b76b181cde82a7114ed7bec4c,grp_ST_52477acb5857,1,ST|porosity,eval,,,,none,,none,,aihub-mock-v1,1,MOCK — 실이미지 없음. 스키마 검증·선행 개발 전용
aihub71761:data/raw/aihub71761/RT/ST/w00238_f0.png,aihub71761,data/raw/aihub71761/RT/ST/w00238_f0.png,529976acbd37c679b83b41abe972078afbc194b298a7b33d7ccb0a22c7b58d30,1280,720,RT,ST,True,1,porosity,2011,기공,polygon,True,0f5cfda4e1e45326a4698d6e209741ad382578079d7674345cdee08d365f1742,grp_ST_529976acbd37,1,ST|porosity,train,C1,,,none,,none,,aihub-mock-v1,1,MOCK — 실이미지 없음. 스키마 검증·선행 개발 전용
aihub71761:data/raw/aihub71761/RT/ST/w00550_f2.png,aihub71761,data/raw/aihub71761/RT/ST/w00550_f2.png,52aa976d0f2f41be3a55fd1eed23596fa2d3c8e15bafa54c91fe8a3800b19f76,1280,720,RT,ST,False,0,,,,polygon,True,149ad941f549bb2fb0a4c6c0d99b5e237ba93aaccda4e14ffa18c72cd80c9493,grp_ST_52aa976d0f2f,4,ST|__normal__,val,C2,,,none,,none,,aihub-mock-v1,1,MOCK — 실이미지 없음. 스키마 검증·선행 개발 전용
aihub71761:data/raw/aihub71761/RT/ST/w00559_f0.png,aihub71761,data/raw/aihub71761/RT/ST/w00559_f0.png,52c5677ca737f577e1943f6f5f684cc3f689fb87cc8ad8fdb28c566522818880,1280,720,RT,ST,True,1,porosity,2011,기공,polygon,True,abe3fcbfa0dca734e5105c2d61b4b9c16a37d9b9f9aa4932374b8bcc8b97d565,grp_ST_52c5677ca737,1,ST|porosity,train,C1,,,none,,none,,aihub-mock-v1,1,MOCK — 실이미지 없음. 스키마 검증·선행 개발 전용
aihub71761:data/raw/aihub71761/RT/ST/w00549_f0.png,aihub71761,data/raw/aihub71761/RT/ST/w00549_f0.png,52dc89b8eb084e432093fd4f58c5c2600bd9d089d64d5b7b9e6d379f805bc7a0,1280,720,RT,ST,True,1,porosity,2011,기공,polygon,True,0003187eb49cd10504c5687d375d1705fbe8181bc328fb9abe7c0ae4fe73dfb2,grp_ST_52dc89b8eb08,1,ST|porosity,eval,,,,none,,none,,aihub-mock-v1,1,MOCK — 실이미지 없음. 스키마 검증·선행 개발 전용
aihub71761:data/raw/aihub71761/RT/ST/w00233_f0.png,aihub71761,data/raw/aihub71761/RT/ST/w00233_f0.png,530e20ee42fbfd2529c0a00c7c3ccdbda90386fb10b7590385bcd3e4692bf803,1280,720,RT,ST,False,0,,,,polygon,True,2ca0a0c6fa9753868bfa7dc3c4f96992846b17573531e8ccb0d1d299f8e685c1,grp_ST_530e20ee42fb,1,ST|__normal__,train,C1,,,none,,none,,aihub-mock-v1,1,MOCK — 실이미지 없음. 스키마 검증·선행 개발 전용
aihub71761:data/raw/aihub71761/RT/ST/w00346_f2.png,aihub71761,data/raw/aihub71761/RT/ST/w00346_f2.png,538675f80488b384488992fa83fde021364c99b97f47db27f260da3675c4097c,1280,720,RT,ST,False,0,,,,polygon,True,70daa62f9cbb3d46705f92a667af9149e379d6cf73847670e44f95f74f7d9644,grp_ST_538675f80488,3,ST|__normal__,eval,,,,none,,none,,aihub-mock-v1,1,MOCK — 실이미지 없음. 스키마 검증·선행 개발 전용
aihub71761:data/raw/aihub71761/RT/ST/w00301_f0.png,aihub71761,data/raw/aihub71761/RT/ST/w00301_f0.png,5391a4852f4575a860f2cc4689cd79be0bad09ffbd060fdcf00f4b307e96a655,1280,720,RT,ST,True,1,porosity,2011,기공,polygon,True,93a8af16e13b2ac83c2512f81acbc44992e53511a7b484440e2327c8f1c79a3a,grp_ST_5391a4852f45,1,ST|porosity,train,C1,,,none,,none,,aihub-mock-v1,1,MOCK — 실이미지 없음. 스키마 검증·선행 개발 전용
aihub71761:data/raw/aihub71761/RT/ST/w00240_f0.png,aihub71761,data/raw/aihub71761/RT/ST/w00240_f0.png,53db1c8e383a44372fcf9cf79a234cef185d68e338f00ba765816be993a0ca77,1280,720,RT,ST,True,1,slag_inclusion,301,슬래그혼입,polygon,True,fd22947de6b58c6117644df59f5c5f87741d8eb197ea1198d934974edd985acf,grp_ST_53db1c8e383a,1,ST|slag_inclusion,eval,,,,none,,none,,aihub-mock-v1,1,MOCK — 실이미지 없음. 스키마 검증·선행 개발 전용
aihub71761:data/raw/aihub71761/RT/ST/w00316_f0.png,aihub71761,data/raw/aihub71761/RT/ST/w00316_f0.png,53e268ef62bd2619bcff22e54e0564e06bbfcf1f2a8f38d890eabbe116e2f0e3,1280,720,RT,ST,True,1,porosity,2011,기공,polygon,True,f578f292dbe11b93e41b8375022b1511d762f89853440b5dbc75763d75265bd5,grp_ST_53e268ef62bd,1,ST|porosity,train,C1,,,none,,none,,aihub-mock-v1,1,MOCK — 실이미지 없음. 스키마 검증·선행 개발 전용
aihub71761:data/raw/aihub71761/RT/ST/w00552_f2.png,aihub71761,data/raw/aihub71761/RT/ST/w00552_f2.png,54adb9dd4370c28a0316b0ca4f23f074883f2d285c7d360dd15ccee24e1c64ac,1280,720,RT,ST,False,0,,,,polygon,True,2ff32faf7d42b6a5ed25740a8794e1956fdce15360f7f0a6e032a8fd27a1f204,grp_ST_33fc4517df3c,3,ST|__normal__,train,C2,,,none,,none,,aihub-mock-v1,1,MOCK — 실이미지 없음. 스키마 검증·선행 개발 전용
aihub71761:data/raw/aihub71761/RT/ST/w00555_f0.png,aihub71761,data/raw/aihub71761/RT/ST/w00555_f0.png,54e450daf5de6b095f2c5aed607758287c26a8a1c2131ebfc2b76242b74ed69c,1280,720,RT,ST,True,1,porosity,2011,기공,polygon,True,ad6ea5de16c590170dabea2368e0786fa53b00670eb58e2aa5277685fe173d7a,grp_ST_54e450daf5de,1,ST|porosity,train,C1,,,none,,none,,aihub-mock-v1,1,MOCK — 실이미지 없음. 스키마 검증·선행 개발 전용
aihub71761:data/raw/aihub71761/RT/ST/w00412_f1.png,aihub71761,data/raw/aihub71761/RT/ST/w00412_f1.png,54fdd23d6c46e59033bd4dd7dc8c21b117f282e8b1b05f2e557ef740876de5c3,1280,720,RT,ST,True,2,crack;porosity,100;2011,균열;기공,polygon,True,417dece9c022546d061d6abaf4d0d6b8e31993e5e6c291d8dd2b5135c3716d37,grp_ST_54fdd23d6c46,2,ST|crack,train,C2,,,none,,none,,aihub-mock-v1,1,MOCK — 실이미지 없음. 스키마 검증·선행 개발 전용
aihub71761:data/raw/aihub71761/RT/ST/w00101_f0.png,aihub71761,data/raw/aihub71761/RT/ST/w00101_f0.png,55080779d1578fabf63dcad112ceec2fd86f3ad4ec1c336380d075a1eb565a10,1280,720,RT,ST,True,1,lack_of_fusion,401,융합불량,polygon,True,9b3cd406961ee1da2620b0cb46ba2f695b3a5386eae2c38dd4c0c116137ad32d,grp_ST_55080779d157,1,ST|lack_of_fusion,train,C1,,,none,,none,,aihub-mock-v1,1,MOCK — 실이미지 없음. 스키마 검증·선행 개발 전용
aihub71761:data/raw/aihub71761/RT/ST/w00242_f0.png,aihub71761,data/raw/aihub71761/RT/ST/w00242_f0.png,5511618d443aa870b9ce8d67c7fe995ab82f7e3a2d23effc7dc5c70ca263c404,1280,720,RT,ST,True,1,porosity,2011,기공,polygon,True,bb5af0073ac1aff7a9cb3d5d0c9b59232748949f8a966df024729436ac6bf815,grp_ST_5511618d443a,1,ST|porosity,train,C1,,,none,,none,,aihub-mock-v1,1,MOCK — 실이미지 없음. 스키마 검증·선행 개발 전용
aihub71761:data/raw/aihub71761/RT/AL/w00081_f0.png,aihub71761,data/raw/aihub71761/RT/AL/w00081_f0.png,5541f35d9c911d295c5a90a3a10e4ee35434bcfc268fd3aedb69b9585e5bf5c2,1280,720,RT,AL,False,0,,,,polygon,True,cd6a54f13ffc66e9227ba7b3f31f982ea6def77dcd1f36043acc6b1889e47fee,grp_AL_5541f35d9c91,1,AL|__normal__,train,C3,,,none,,none,,aihub-mock-v1,1,MOCK — 실이미지 없음. 스키마 검증·선행 개발 전용
aihub71761:data/raw/aihub71761/RT/ST/w00397_f0.png,aihub71761,data/raw/aihub71761/RT/ST/w00397_f0.png,558f296b4339e6c6b4372368570f41342399fa804df3b9847a4982248181a9b3,1280,720,RT,ST,False,0,,,,polygon,True,e3244cff5734ab900eaba9bff177c1160de84cba41954c57ec0f3dc70a4779da,grp_ST_558f296b4339,1,ST|__normal__,train,C1,,,none,,none,,aihub-mock-v1,1,MOCK — 실이미지 없음. 스키마 검증·선행 개발 전용
aihub71761:data/raw/aihub71761/RT/ST/w00408_f0.png,aihub71761,data/raw/aihub71761/RT/ST/w00408_f0.png,561c9d84b7e31f25340d3f9b9b4eff5c2c0607e30333ad22d41efb0964e3797d,1280,720,RT,ST,True,1,porosity,2011,기공,polygon,True,24b6997afb87d24d8ff2b7b2f771edf6fb94b890bcd54ce7f471284cb33af90b,grp_ST_561c9d84b7e3,1,ST|porosity,train,C1,,,none,,none,,aihub-mock-v1,1,MOCK — 실이미지 없음. 스키마 검증·선행 개발 전용
aihub71761:data/raw/aihub71761/RT/ST/w00223_f0.png,aihub71761,data/raw/aihub71761/RT/ST/w00223_f0.png,563ce20f8b09f7d0df8738795ef76cf1729e8a9653d84dd8d097fb42c4ca9b0b,1280,720,RT,ST,True,1,porosity,2011,기공,polygon,True,3b50f42940d2edbcc65983a8afd84284c055bbb63f91b24c1b04abd6eeeac0ca,grp_ST_563ce20f8b09,1,ST|porosity,train,C1,,,none,,none,,aihub-mock-v1,1,MOCK — 실이미지 없음. 스키마 검증·선행 개발 전용
aihub71761:data/raw/aihub71761/RT/ST/w00463_f0.png,aihub71761,data/raw/aihub71761/RT/ST/w00463_f0.png,567529f887c5b27b3a021d04959199bd211d767e0daa61e0363a28e32a713f6f,1280,720,RT,ST,False,0,,,,polygon,True,b77770060ac2daaf731e50ab42a4f90d2b99a6d4057df44ec58ccbc58d126582,grp_ST_567529f887c5,1,ST|__normal__,train,C1,,,none,,none,,aihub-mock-v1,1,MOCK — 실이미지 없음. 스키마 검증·선행 개발 전용
aihub71761:data/raw/aihub71761/RT/ST/w00022_f0.png,aihub71761,data/raw/aihub71761/RT/ST/w00022_f0.png,568cd93882b74f5ba05f55427b2fb5121b51b15ede53679e459c3fa431cf75a4,1280,720,RT,ST,False,0,,,,polygon,True,8f29942486282f20a23ff9a855d9077620600667007c1bb8ecfdd46e52c71544,grp_ST_18b01e2c16c5,4,ST|__normal__,train,C2,,,none,,none,,aihub-mock-v1,1,MOCK — 실이미지 없음. 스키마 검증·선행 개발 전용
aihub71761:data/raw/aihub71761/RT/ST/w00451_f0.png,aihub71761,data/raw/aihub71761/RT/ST/w00451_f0.png,56bd08a48e99953a0a3f3c61a2a8cc3c82c2ea305fb6e00716145e8dcddc6342,1280,720,RT,ST,False,0,,,,polygon,True,7fd47182797808ddf458724f2f71162598faee59a834335feb993b808ae64948,grp_ST_56bd08a48e99,1,ST|__normal__,train,C1,,,none,,none,,aihub-mock-v1,1,MOCK — 실이미지 없음. 스키마 검증·선행 개발 전용
aihub71761:data/raw/aihub71761/RT/ST/w00350_f0.png,aihub71761,data/raw/aihub71761/RT/ST/w00350_f0.png,56dbf3c8dfe54f3f9808453c5107f8a14d784a68e521e91c24306c6458e112f0,1280,720,RT,ST,True,1,porosity,2011,기공,polygon,True,96c3a71b60534c60681b698f1fb83657f9256bd864ece8bcf46103474615595d,grp_ST_56dbf3c8dfe5,1,ST|porosity,train,C1,,,none,,none,,aihub-mock-v1,1,MOCK — 실이미지 없음. 스키마 검증·선행 개발 전용
aihub71761:data/raw/aihub71761/RT/AL/w00118_f0.png,aihub71761,data/raw/aihub71761/RT/AL/w00118_f0.png,57278e6479cd5072ca268ad4076c4a224851612edd4aeee33a0b4a63e882499c,1280,720,RT,AL,False,0,,,,polygon,True,ff36f3f8c906b4f13cc24c762f9323bacbdf85a48dc175df86ca9c79f4b6e62e,grp_AL_0dd3ce60a37d,3,AL|__normal__,train,C3,,,none,,none,,aihub-mock-v1,1,MOCK — 실이미지 없음. 스키마 검증·선행 개발 전용
aihub71761:data/raw/aihub71761/RT/ST/w00158_f0.png,aihub71761,data/raw/aihub71761/RT/ST/w00158_f0.png,57c31bf8358a73bbd305564c0c71062d8f68fc6740f30378705305677d7536f1,1280,720,RT,ST,True,1,porosity,2011,기공,polygon,True,70a4f661ed81d004a767aea51753573893ae1a955637889b432cfe7925c5fd72,grp_ST_57c31bf8358a,1,ST|porosity,train,C1,,,none,,none,,aihub-mock-v1,1,MOCK — 실이미지 없음. 스키마 검증·선행 개발 전용
aihub71761:data/raw/aihub71761/RT/ST/w00106_f0.png,aihub71761,data/raw/aihub71761/RT/ST/w00106_f0.png,57c35e77a5316c18d62ae7a3f67921825dc6d503fea2318ab0c66aedf375f790,1280,720,RT,ST,True,1,lack_of_fusion,401,융합불량,polygon,True,d89727cba56296021f6eb361793b99bddf5751850c0c0085432a98d2e6f292ff,grp_ST_57c35e77a531,2,ST|lack_of_fusion,train,C1,,,none,,none,,aihub-mock-v1,1,MOCK — 실이미지 없음. 스키마 검증·선행 개발 전용
aihub71761:data/raw/aihub71761/RT/ST/w00455_f0.png,aihub71761,data/raw/aihub71761/RT/ST/w00455_f0.png,57c4a5fdf400d5c9f8dd7cc69ec64fc0987079e651ea00112fc049a390747674,1280,720,RT,ST,False,0,,,,polygon,True,e4f6e54b6832a0ee7954704f1102282c10c397e42028730611288f2b1bbed310,grp_ST_57c4a5fdf400,1,ST|__normal__,train,C2,,,none,,none,,aihub-mock-v1,1,MOCK — 실이미지 없음. 스키마 검증·선행 개발 전용
aihub71761:data/raw/aihub71761/RT/ST/w00310_f0.png,aihub71761,data/raw/aihub71761/RT/ST/w00310_f0.png,58804f7b69cc4364d95d113c7636885b23516938dfc0bcecad4175c95e4a964c,1280,720,RT,ST,True,2,crack;lack_of_fusion,100;401,균열;융합불량,polygon,True,8c0b172f5e6c1b9011ba4658e856cd7fda91f9164e234b6dd71f0009032cd770,grp_ST_58804f7b69cc,1,ST|crack,train,C1,,,none,,none,,aihub-mock-v1,1,MOCK — 실이미지 없음. 스키마 검증·선행 개발 전용
aihub71761:data/raw/aihub71761/RT/ST/w00486_f0.png,aihub71761,data/raw/aihub71761/RT/ST/w00486_f0.png,5886aa3440ec5a8f841d67928f6c741f10848f9f3634eeb770d97fd04ecd2b62,1280,720,RT,ST,True,1,porosity,2011,기공,polygon,True,7ae44919ac2bbfbe66ae050eb32116dfa4e6b9d0b26a184a1cd8e554e8418bb1,grp_ST_5886aa3440ec,1,ST|porosity,eval,,judgment_2000,,none,,none,,aihub-mock-v1,1,MOCK — 실이미지 없음. 스키마 검증·선행 개발 전용
aihub71761:data/raw/aihub71761/RT/ST/w00405_f2.png,aihub71761,data/raw/aihub71761/RT/ST/w00405_f2.png,59334487d510c54e65d67bee70e844cf41c577abcc95d6ca12ff6f42d6f49bfb,1280,720,RT,ST,False,0,,,,polygon,True,adb056c110c5ed1523e66bb569edcbb08467d540c146426680cd1d40dca19924,grp_ST_2cdbe061145e,4,ST|__normal__,train,C1,,,none,,none,,aihub-mock-v1,1,MOCK — 실이미지 없음. 스키마 검증·선행 개발 전용
aihub71761:data/raw/aihub71761/RT/ST/w00527_f0.png,aihub71761,data/raw/aihub71761/RT/ST/w00527_f0.png,598e892f8089482ae806c07d32ff7628f4833bcf1d0baba805cd56c8e1de9df0,1280,720,RT,ST,True,1,porosity,2011,기공,polygon,True,9a6203a1d40134093a767c4602763833d826720e5163591ea1727fc51ffec8ce,grp_ST_07c1b4c7e0fd,3,ST|porosity,val,C1,,,none,,none,,aihub-mock-v1,1,MOCK — 실이미지 없음. 스키마 검증·선행 개발 전용
aihub71761:data/raw/aihub71761/RT/ST/w00348_f0.png,aihub71761,data/raw/aihub71761/RT/ST/w00348_f0.png,59ab44b93176c9b5464b7818dfee841215012cc8a8bf64e677fe6b1681120f28,1280,720,RT,ST,True,1,porosity,2011,기공,polygon,True,ba901422302161867fc89cc2f867c902459fb2d9b207418f01de9edfaa666298,grp_ST_045d20a34ee9,4,ST|porosity,train,C1,,,none,,none,,aihub-mock-v1,1,MOCK — 실이미지 없음. 스키마 검증·선행 개발 전용
aihub71761:data/raw/aihub71761/RT/ST/w00217_f0.png,aihub71761,data/raw/aihub71761/RT/ST/w00217_f0.png,59ff586341144e38f814b9a4c10eae0ee1dcb395a05cd0d2baf2316ec5b84ed6,1280,720,RT,ST,True,1,porosity,2011,기공,polygon,True,89becbcc12ab857818ca93f7d5ac3a2e17f14cb26e1b8f0bb6864b0bd678a26f,grp_ST_4cabb78ac63c,2,ST|porosity,train,C1,,,none,,none,,aihub-mock-v1,1,MOCK — 실이미지 없음. 스키마 검증·선행 개발 전용
aihub71761:data/raw/aihub71761/RT/ST/w00581_f1.png,aihub71761,data/raw/aihub71761/RT/ST/w00581_f1.png,5a2fac873bff7bdde98ed833d8309fe6aaacdb3a00cd3953464c0547da069d68,1280,720,RT,ST,False,0,,,,polygon,True,d393688a3c2120c14241d813e815b1e5a20f85400e4234ffb6c5becfc7ee7de5,grp_ST_5a2fac873bff,2,ST|__normal__,val,C2,,,none,,none,,aihub-mock-v1,1,MOCK — 실이미지 없음. 스키마 검증·선행 개발 전용
aihub71761:data/raw/aihub71761/RT/ST/w00106_f1.png,aihub71761,data/raw/aihub71761/RT/ST/w00106_f1.png,5a5e23e799b72c12dc14ed752ee327f4b1dd0a29ddb9ba3512375f248c3f8603,1280,720,RT,ST,True,1,lack_of_fusion,401,융합불량,polygon,True,d89727cba56296021f6eb361793b99bddf5751850c0c0085432a98d2e6f292ff,grp_ST_57c35e77a531,2,ST|lack_of_fusion,train,C1,,,none,,none,,aihub-mock-v1,1,MOCK — 실이미지 없음. 스키마 검증·선행 개발 전용
aihub71761:data/raw/aihub71761/RT/ST/w00571_f3.png,aihub71761,data/raw/aihub71761/RT/ST/w00571_f3.png,5aca4b69625b055d9eb26efbbb13ffabc24087ec1048700cdd6641a8fb10ae62,1280,720,RT,ST,True,1,porosity,2011,기공,polygon,True,1c47909a3a7132850d01a7968cc7dc54713a522868b79e8bde833133c6d38bf0,grp_ST_24061026433b,4,ST|porosity,eval,,,,none,,none,,aihub-mock-v1,1,MOCK — 실이미지 없음. 스키마 검증·선행 개발 전용
aihub71761:data/raw/aihub71761/RT/ST/w00488_f0.png,aihub71761,data/raw/aihub71761/RT/ST/w00488_f0.png,5b58ffc57179ea05a698cae3d786992e3da58997d09bcb36059e08292c16728a,1280,720,RT,ST,True,1,porosity,2011,기공,polygon,True,4a4d4273edeb2831a278cc9c6f2253d753752066955660ec60b5088f281208b4,grp_ST_42a738b37b12,3,ST|porosity,train,C1,,,none,,none,,aihub-mock-v1,1,MOCK — 실이미지 없음. 스키마 검증·선행 개발 전용
aihub71761:data/raw/aihub71761/RT/ST/w00036_f0.png,aihub71761,data/raw/aihub71761/RT/ST/w00036_f0.png,5b63748736fe1bec4662877b08ca6cb406f312819b0b26505fbf670f21e6295a,1280,720,RT,ST,True,1,porosity,2011,기공,polygon,True,0d62b0d10a9da403db5a5dc4906fa0054d1c46536424fbcf951013a77a17f62e,grp_ST_5b63748736fe,1,ST|porosity,train,C1,,,none,,none,,aihub-mock-v1,1,MOCK — 실이미지 없음. 스키마 검증·선행 개발 전용
aihub71761:data/raw/aihub71761/RT/ST/w00430_f0.png,aihub71761,data/raw/aihub71761/RT/ST/w00430_f0.png,5b677413315b5e3e0bb190a888ccc17799cebe77f6c102a8bc58177d821f7f83,1280,720,RT,ST,True,1,porosity,2011,기공,polygon,True,a4084b5506cd78311730f6f955ee86944de38f214dc278de07029ba0297cf503,grp_ST_5b677413315b,1,ST|porosity,train,C1,,,none,,none,,aihub-mock-v1,1,MOCK — 실이미지 없음. 스키마 검증·선행 개발 전용
aihub71761:data/raw/aihub71761/RT/ST/w00159_f0.png,aihub71761,data/raw/aihub71761/RT/ST/w00159_f0.png,5b84f144edc5a077035b7c1d472f09f1a4586dce09f6181f5e33ce9b679a0a0d,1280,720,RT,ST,True,1,porosity,2011,기공,polygon,True,106b7a41d9bc2ee0785d28a9f1fa8ec57b6804acbf6d5873978b6e142fd1e03d,grp_ST_5b84f144edc5,1,ST|porosity,eval,,,,none,,none,,aihub-mock-v1,1,MOCK — 실이미지 없음. 스키마 검증·선행 개발 전용
aihub71761:data/raw/aihub71761/RT/ST/w00192_f0.png,aihub71761,data/raw/aihub71761/RT/ST/w00192_f0.png,5bc80a1b518ad33540ad3236ec8a144563f703039bb808c0d773ecc8539a88be,1280,720,RT,ST,False,0,,,,polygon,True,154fcd4aacde596145e8e5310ec0e47b368fe38629e8847c33a5207ff599521c,grp_ST_5bc80a1b518a,1,ST|__normal__,val,C2,,,none,,none,,aihub-mock-v1,1,MOCK — 실이미지 없음. 스키마 검증·선행 개발 전용
aihub71761:data/raw/aihub71761/RT/ST/w00091_f3.png,aihub71761,data/raw/aihub71761/RT/ST/w00091_f3.png,5bde70583b5bfb02a70a7e4051dbae0b56546006bf867b4c1f1de0571d5f9308,1280,720,RT,ST,True,1,porosity,2011,기공,polygon,True,b94e665f6ec197d07d2024338e912a70ed38da55bb016a524bacc5aea32a7fb9,grp_ST_0545d74ba8e7,4,ST|porosity,train,C1,,,none,,none,,aihub-mock-v1,1,MOCK — 실이미지 없음. 스키마 검증·선행 개발 전용
aihub71761:data/raw/aihub71761/RT/ST/w00351_f0.png,aihub71761,data/raw/aihub71761/RT/ST/w00351_f0.png,5cc54a1ccdcd9d0b1b5835e8483e80b19e58e0880576cdc742a1ac5ea389951c,1280,720,RT,ST,True,1,porosity,2011,기공,polygon,True,35e60659db09d3c5bee7f2612eb426c0bab5c0daeab602493bf3f5f52e475fcb,grp_ST_5cc54a1ccdcd,1,ST|porosity,train,C1,,,none,,none,,aihub-mock-v1,1,MOCK — 실이미지 없음. 스키마 검증·선행 개발 전용
aihub71761:data/raw/aihub71761/RT/ST/w00416_f0.png,aihub71761,data/raw/aihub71761/RT/ST/w00416_f0.png,5d4db727de29c637905c309c14fbcf12da6a99b317c615c5418248299bf44c5a,1280,720,RT,ST,False,0,,,,polygon,True,aee8879d361030177f8edd8f1a57a8b5aec656f80a2301a4e8239241383d7414,grp_ST_5d4db727de29,1,ST|__normal__,train,C2,,,none,,none,,aihub-mock-v1,1,MOCK — 실이미지 없음. 스키마 검증·선행 개발 전용
aihub71761:data/raw/aihub71761/RT/AL/w00043_f0.png,aihub71761,data/raw/aihub71761/RT/AL/w00043_f0.png,5d6f5475479378acc786a555f22ef0e5e3650eaa4573e9d0aa457dd44f6ab885,1280,720,RT,AL,False,0,,,,polygon,True,f4e6570fe9c8a719852fe3951948b87cbb7107f233ce52130b46186eb5a4c74b,grp_AL_5d6f54754793,4,AL|__normal__,train,C3,,,none,,none,,aihub-mock-v1,1,MOCK — 실이미지 없음. 스키마 검증·선행 개발 전용
aihub71761:data/raw/aihub71761/RT/ST/w00306_f0.png,aihub71761,data/raw/aihub71761/RT/ST/w00306_f0.png,5da1771d153f444ce73ef827ea243b267a5cf898b78352d05ed20c9e6b175565,1280,720,RT,ST,False,0,,,,polygon,True,43ddb8ddb7cb87fc3314daae28024717287f81a905c153d2917191780e5e0e1f,grp_ST_5da1771d153f,1,ST|__normal__,train,C2,,,none,,none,,aihub-mock-v1,1,MOCK — 실이미지 없음. 스키마 검증·선행 개발 전용
aihub71761:data/raw/aihub71761/RT/ST/w00100_f0.png,aihub71761,data/raw/aihub71761/RT/ST/w00100_f0.png,5e5360c883bf732bea147d06f10b967125ed0560eb357a778b5c9b418cdd5f64,1280,720,RT,ST,True,1,porosity,2011,기공,polygon,True,e766392a5108de10ef4fda35d39912a025eed53f11f4823075db3143970a8b0f,grp_ST_5e5360c883bf,1,ST|porosity,train,C1,,,none,,none,,aihub-mock-v1,1,MOCK — 실이미지 없음. 스키마 검증·선행 개발 전용
aihub71761:data/raw/aihub71761/RT/ST/w00321_f1.png,aihub71761,data/raw/aihub71761/RT/ST/w00321_f1.png,5e78719a76fd1c650c9c65a77040b3f65f2c96c2ec4589740675519ed22c6f75,1280,720,RT,ST,True,1,porosity,2011,기공,polygon,True,3fa2ac107b160f72fd563cca39eb68c16005aac816c3e018fadb8d71fb42a34a,grp_ST_5e78719a76fd,3,ST|porosity,train,C1,,,none,,none,,aihub-mock-v1,1,MOCK — 실이미지 없음. 스키마 검증·선행 개발 전용
aihub71761:data/raw/aihub71761/RT/ST/w00063_f0.png,aihub71761,data/raw/aihub71761/RT/ST/w00063_f0.png,5ea68248d03b20007a07930f5ba243e64a4a72b0509819a6b5f9d85c76fdac2c,1280,720,RT,ST,False,0,,,,polygon,True,b8f9cbcba1127a2ec5fb79cd2880ee90e98442a54bef50474b7f5afe822b456e,grp_ST_5ea68248d03b,1,ST|__normal__,train,C2,,,none,,none,,aihub-mock-v1,1,MOCK — 실이미지 없음. 스키마 검증·선행 개발 전용
aihub71761:data/raw/aihub71761/RT/AL/w00078_f0.png,aihub71761,data/raw/aihub71761/RT/AL/w00078_f0.png,5ed411a0990b397fe46dfc62272842225a07a655155cf0e22104ce854ea08c75,1280,720,RT,AL,False,0,,,,polygon,True,addc6b23e10dbe76057b960df3c1c389f43bbee19c845173d3b2f17eb79f5d29,grp_AL_5ed411a0990b,1,AL|__normal__,train,C3,,,none,,none,,aihub-mock-v1,1,MOCK — 실이미지 없음. 스키마 검증·선행 개발 전용
aihub71761:data/raw/aihub71761/RT/ST/w00550_f1.png,aihub71761,data/raw/aihub71761/RT/ST/w00550_f1.png,5f3e3193a763677ff3c9cfbcea11ea1068b096f26f205735684bfd77ae07a5ba,1280,720,RT,ST,False,0,,,,polygon,True,149ad941f549bb2fb0a4c6c0d99b5e237ba93aaccda4e14ffa18c72cd80c9493,grp_ST_52aa976d0f2f,4,ST|__normal__,val,C2,,,none,,none,,aihub-mock-v1,1,MOCK — 실이미지 없음. 스키마 검증·선행 개발 전용
aihub71761:data/raw/aihub71761/RT/ST/w00194_f0.png,aihub71761,data/raw/aihub71761/RT/ST/w00194_f0.png,5fa811c68b3c2a50ee4d5cc9be868a19bfd4035d1ef32e40b2c1d6956ea8189a,1280,720,RT,ST,True,1,porosity,2011,기공,polygon,True,720e957ff3277d7f97fdb99a8d86ae418f24d3bca599a8e336d42e0123eb9fba,grp_ST_5fa811c68b3c,1,ST|porosity,train,C1,,,none,,none,,aihub-mock-v1,1,MOCK — 실이미지 없음. 스키마 검증·선행 개발 전용
aihub71761:data/raw/aihub71761/RT/AL/w00021_f0.png,aihub71761,data/raw/aihub71761/RT/AL/w00021_f0.png,5fb37f04604ffa45820d421c720f71083f5c18a470699032dc270ef196afe4d5,1280,720,RT,AL,False,0,,,,polygon,True,9b3346deb85e54bfc8f322b0f8713a45f33c84bf6933b4c6c4cf0acde93e5a2f,grp_AL_5fb37f04604f,1,AL|__normal__,train,C3,,,none,,none,,aihub-mock-v1,1,MOCK — 실이미지 없음. 스키마 검증·선행 개발 전용
aihub71761:data/raw/aihub71761/RT/ST/w00258_f0.png,aihub71761,data/raw/aihub71761/RT/ST/w00258_f0.png,5fc3f6c53f58c6c6885ada052f1c0a2c1518f81a2bfff905b70b23f8c6513064,1280,720,RT,ST,False,0,,,,polygon,True,99cdc8aa9f4a392ef39f2312184812d19c9a97897af21872ee26327938a08819,grp_ST_5fc3f6c53f58,1,ST|__normal__,eval,,,,none,,none,,aihub-mock-v1,1,MOCK — 실이미지 없음. 스키마 검증·선행 개발 전용
aihub71761:data/raw/aihub71761/RT/AL/w00065_f0.png,aihub71761,data/raw/aihub71761/RT/AL/w00065_f0.png,5fd01e788f5cb996d1c86cd11b1beccf5009a5dbd525df1933fee78108e6ed9a,1280,720,RT,AL,True,1,slag_inclusion,301,슬래그혼입,polygon,True,7d855fa677a30ef34151fa9dd94226291c3c9e4e10b9d41d27b5d65b81665dc4,grp_AL_4f15a680f497,3,AL|slag_inclusion,train,C3,,,none,,none,,aihub-mock-v1,1,MOCK — 실이미지 없음. 스키마 검증·선행 개발 전용
aihub71761:data/raw/aihub71761/RT/ST/w00519_f0.png,aihub71761,data/raw/aihub71761/RT/ST/w00519_f0.png,5fd390e5ca04af948985c1ecb2013817daf11385156ba6bd92b5f553533c2708,1280,720,RT,ST,True,2,lack_of_fusion;porosity,2011;401,기공;융합불량,polygon,True,3651816a18a438a5107daf98b9410882d71d9eb994cd7ace54f114a9f6dfa8b6,grp_ST_5fd390e5ca04,1,ST|lack_of_fusion,train,C1,,,none,,none,,aihub-mock-v1,1,MOCK — 실이미지 없음. 스키마 검증·선행 개발 전용
aihub71761:data/raw/aihub71761/RT/ST/w00098_f2.png,aihub71761,data/raw/aihub71761/RT/ST/w00098_f2.png,5fefc6694e02a0f60e0d88eb891c8b7ce1cca4f30ad340e8f994d7ec96bdc192,1280,720,RT,ST,True,1,porosity,2011,기공,polygon,True,3a298d91aa1e6ec2fd872f4b6b3443cbfdb25354d083b3cc6482437b4aa191e6,grp_ST_34f6be041ab1,4,ST|porosity,eval,,,,none,,none,,aihub-mock-v1,1,MOCK — 실이미지 없음. 스키마 검증·선행 개발 전용
aihub71761:data/raw/aihub71761/RT/AL/w00099_f3.png,aihub71761,data/raw/aihub71761/RT/AL/w00099_f3.png,60087a6991ee5a90bd2b8653e123212ff7e4eb3d88bcc5cadfa23ebf0a179c2b,1280,720,RT,AL,True,1,slag_inclusion,301,슬래그혼입,polygon,True,6f7f94154211eb7edf30c9b33d4727a221abe13aed11a972c813af7acec7a143,grp_AL_60087a6991ee,4,AL|slag_inclusion,train,C3,,,none,,none,,aihub-mock-v1,1,MOCK — 실이미지 없음. 스키마 검증·선행 개발 전용
aihub71761:data/raw/aihub71761/RT/ST/w00304_f0.png,aihub71761,data/raw/aihub71761/RT/ST/w00304_f0.png,6012185dc97ef5de8d339fa188edb9cdf686631720217cc298ce084cafec6fca,1280,720,RT,ST,False,0,,,,polygon,True,33da87a430ae4246b4840c44b5d7254827de62248c6433b27c3e75ea23cfe1a0,grp_ST_6012185dc97e,1,ST|__normal__,train,C1,,,none,,none,,aihub-mock-v1,1,MOCK — 실이미지 없음. 스키마 검증·선행 개발 전용
aihub71761:data/raw/aihub71761/RT/ST/w00441_f0.png,aihub71761,data/raw/aihub71761/RT/ST/w00441_f0.png,608f0d35fb801443d2850950c06b435c5b0dff911ca8f160bdf88397a1c0d1d7,1280,720,RT,ST,True,2,lack_of_fusion;porosity,2011;401,기공;융합불량,polygon,True,02833da0a35c1aced1c5025812a4bb0a7c99a710f24ed7822f4ae027aa0d54e6,grp_ST_608f0d35fb80,1,ST|lack_of_fusion,train,C1,,,none,,none,,aihub-mock-v1,1,MOCK — 실이미지 없음. 스키마 검증·선행 개발 전용
aihub71761:data/raw/aihub71761/RT/ST/w00592_f0.png,aihub71761,data/raw/aihub71761/RT/ST/w00592_f0.png,60ae26d762749a67ed20f2e31f82d7e52e6d2ae2d796757e26ec1b5fb988f232,1280,720,RT,ST,False,0,,,,polygon,True,441694461957789f2933a112a0e1ff66597aac3b8d06719e302a37dfb88986a4,grp_ST_60ae26d76274,1,ST|__normal__,train,C2,,,none,,none,,aihub-mock-v1,1,MOCK — 실이미지 없음. 스키마 검증·선행 개발 전용
aihub71761:data/raw/aihub71761/RT/ST/w00237_f1.png,aihub71761,data/raw/aihub71761/RT/ST/w00237_f1.png,60b3ed281116287a83835a943e5e404ded08f8daeb17f3f5706d6fe22bd4ca89,1280,720,RT,ST,True,1,lack_of_fusion,401,융합불량,polygon,True,7ba26bc3d116001e271b311072ad1b24ba52d9db3f59767110692ac8f7fd54dd,grp_ST_3a8a53615ebe,4,ST|lack_of_fusion,train,C1,,,none,,none,,aihub-mock-v1,1,MOCK — 실이미지 없음. 스키마 검증·선행 개발 전용
aihub71761:data/raw/aihub71761/RT/ST/w00475_f0.png,aihub71761,data/raw/aihub71761/RT/ST/w00475_f0.png,611761790be017c8d835ba21ab2813080baefe16a656f4b26b0b7146eab57e15,1280,720,RT,ST,True,1,lack_of_fusion,401,융합불량,polygon,True,73239cac90812add34a52ff9323963cc5a339eb935bb3727d2b2181876c18cc0,grp_ST_611761790be0,1,ST|lack_of_fusion,val,C1,,,none,,none,,aihub-mock-v1,1,MOCK — 실이미지 없음. 스키마 검증·선행 개발 전용
aihub71761:data/raw/aihub71761/RT/ST/w00574_f0.png,aihub71761,data/raw/aihub71761/RT/ST/w00574_f0.png,611a7098c1f82eb88d17522ab00e17de62fcc7ebc4557bde4612176d9512abe4,1280,720,RT,ST,True,1,lack_of_fusion,401,융합불량,polygon,True,1740b64b5efef3352adf3c417c8741b125739c2990439adcd82b68b7e3123823,grp_ST_611a7098c1f8,1,ST|lack_of_fusion,train,C1,,,none,,none,,aihub-mock-v1,1,MOCK — 실이미지 없음. 스키마 검증·선행 개발 전용
aihub71761:data/raw/aihub71761/RT/ST/w00550_f3.png,aihub71761,data/raw/aihub71761/RT/ST/w00550_f3.png,61415fd8b848a787eb48e9a098d40b512b82a3879b8717de2759dd2786eab2bf,1280,720,RT,ST,False,0,,,,polygon,True,149ad941f549bb2fb0a4c6c0d99b5e237ba93aaccda4e14ffa18c72cd80c9493,grp_ST_52aa976d0f2f,4,ST|__normal__,val,C2,,,none,,none,,aihub-mock-v1,1,MOCK — 실이미지 없음. 스키마 검증·선행 개발 전용
aihub71761:data/raw/aihub71761/RT/AL/w00056_f0.png,aihub71761,data/raw/aihub71761/RT/AL/w00056_f0.png,61c50ad4e56b163a5f230bbd4fc030cdbfa86595ce281adcc5753695eb77904b,1280,720,RT,AL,True,1,porosity,2011,기공,polygon,True,2ebf314db4d1b89061b1d9cf9b0aeed1b2e9a5a99bbcac21bd5dbf821624792b,grp_AL_61c50ad4e56b,1,AL|porosity,train,C3,,,none,,none,,aihub-mock-v1,1,MOCK — 실이미지 없음. 스키마 검증·선행 개발 전용
aihub71761:data/raw/aihub71761/RT/ST/w00440_f0.png,aihub71761,data/raw/aihub71761/RT/ST/w00440_f0.png,61dff540443e80a6ea4b668cbb86301df4dac623923f9c5c61bf070e588dfb48,1280,720,RT,ST,True,1,porosity,2011,기공,polygon,True,e457170f7e9185f587f173f48fe5812778b7ce9434808e53d3d0b1bb8a7f5415,grp_ST_61dff540443e,1,ST|porosity,train,C1,,,none,,none,,aihub-mock-v1,1,MOCK — 실이미지 없음. 스키마 검증·선행 개발 전용
aihub71761:data/raw/aihub71761/RT/ST/w00074_f3.png,aihub71761,data/raw/aihub71761/RT/ST/w00074_f3.png,61f7f00b7b1352ec167870f56cb65ab5cf9e5dd4dce16eb8f1782eeadc8a016c,1280,720,RT,ST,False,0,,,,polygon,True,0397808cba8c0aa2eb77a271ee8acf7cc4be7fb151549884e7e3d5b92f4b6dd1,grp_ST_61f7f00b7b13,4,ST|__normal__,train,C1,,,none,,none,,aihub-mock-v1,1,MOCK — 실이미지 없음. 스키마 검증·선행 개발 전용
aihub71761:data/raw/aihub71761/RT/ST/w00093_f0.png,aihub71761,data/raw/aihub71761/RT/ST/w00093_f0.png,626b532dbf2df18f5a1ac50e7769f305d83c749adada1f61abeb874503f13f30,1280,720,RT,ST,False,0,,,,polygon,True,138704cc32a56c2a606c99841a8837c094a31d4b3cb440b65679481b7ae70d3b,grp_ST_626b532dbf2d,1,ST|__normal__,eval,,,,none,,none,,aihub-mock-v1,1,MOCK — 실이미지 없음. 스키마 검증·선행 개발 전용
aihub71761:data/raw/aihub71761/RT/ST/w00587_f0.png,aihub71761,data/raw/aihub71761/RT/ST/w00587_f0.png,628d3796164265a0ff98dc3da6ce5bc3b693ee26077664565b0bad9be1e439bb,1280,720,RT,ST,False,0,,,,polygon,True,c50444102eab327012c020bee790fffd68d3e4bbc07b0dad83cb56f99638a17c,grp_ST_628d37961642,1,ST|__normal__,eval,,,,none,,none,,aihub-mock-v1,1,MOCK — 실이미지 없음. 스키마 검증·선행 개발 전용
aihub71761:data/raw/aihub71761/RT/ST/w00014_f0.png,aihub71761,data/raw/aihub71761/RT/ST/w00014_f0.png,62925684704e8eb114a59cc1423af89e206421099b259426f89b4383907a8fc7,1280,720,RT,ST,True,1,lack_of_fusion,401,융합불량,polygon,True,f6c1dc8d345d9e157f69f61b06425f344bfa24734a32400e14ee7976f6e3932f,grp_ST_62925684704e,1,ST|lack_of_fusion,eval,,,,none,,none,,aihub-mock-v1,1,MOCK — 실이미지 없음. 스키마 검증·선행 개발 전용
aihub71761:data/raw/aihub71761/RT/ST/w00220_f0.png,aihub71761,data/raw/aihub71761/RT/ST/w00220_f0.png,62c7e59adc533ae9c9d63b75992b7cb4c253a40ec4c66ef1782eb37f5cb89fef,1280,720,RT,ST,True,2,porosity;slag_inclusion,2011;301,기공;슬래그혼입,polygon,True,da71289a4c182ddd784a033cbe73781c6c8f634998f77c36bef5704e5ef973e3,grp_ST_62c7e59adc53,1,ST|slag_inclusion,train,C2,,,none,,none,,aihub-mock-v1,1,MOCK — 실이미지 없음. 스키마 검증·선행 개발 전용
aihub71761:data/raw/aihub71761/RT/ST/w00328_f0.png,aihub71761,data/raw/aihub71761/RT/ST/w00328_f0.png,635f6347723c58903f9ae627f91435f1e9f05a03a63f9c1168d5adf7289a908c,1280,720,RT,ST,False,0,,,,polygon,True,0edbc68f05018f2fd8401ab68f9ef531fdea603f5061481cab371edf1196c28d,grp_ST_635f6347723c,1,ST|__normal__,train,C2,,,none,,none,,aihub-mock-v1,1,MOCK — 실이미지 없음. 스키마 검증·선행 개발 전용
aihub71761:data/raw/aihub71761/RT/ST/w00112_f0.png,aihub71761,data/raw/aihub71761/RT/ST/w00112_f0.png,6364eff3b3857cb41da03e2bfd035e729279ac0aeb75a12ccf8ce80676c07ba5,1280,720,RT,ST,False,0,,,,polygon,True,124fc1c7cbc5b3d15cedfb5c0570248d2c3e9aacc7c42a9c6d46ed2b15368ad0,grp_ST_6364eff3b385,1,ST|__normal__,train,C1,,,none,,none,,aihub-mock-v1,1,MOCK — 실이미지 없음. 스키마 검증·선행 개발 전용
aihub71761:data/raw/aihub71761/RT/ST/w00417_f2.png,aihub71761,data/raw/aihub71761/RT/ST/w00417_f2.png,63c28622a983dc57c8af3e2158d664f73c6a2bdc6f9ff0d42829efc65f2ef8b0,1280,720,RT,ST,False,0,,,,polygon,True,13a096a51f978344af056758040c2368e373e7fceaedcd040538f31499dc7e3c,grp_ST_3bbfc85339b3,3,ST|__normal__,train,C1,,,none,,none,,aihub-mock-v1,1,MOCK — 실이미지 없음. 스키마 검증·선행 개발 전용
aihub71761:data/raw/aihub71761/RT/AL/w00071_f0.png,aihub71761,data/raw/aihub71761/RT/AL/w00071_f0.png,63c6f03a8d3b804aeb40163fde978da3251b32445e1422153c916d4d0cee06e2,1280,720,RT,AL,False,0,,,,polygon,True,4243e7d70a66e22af735727aa3c593013ccc4acf8e275c21174836bb8eba5b68,grp_AL_1371a2c1c8c4,4,AL|__normal__,eval,,,,none,,none,,aihub-mock-v1,1,MOCK — 실이미지 없음. 스키마 검증·선행 개발 전용
aihub71761:data/raw/aihub71761/RT/ST/w00480_f0.png,aihub71761,data/raw/aihub71761/RT/ST/w00480_f0.png,645adbf02cde83fe353fcba2379b7a34d28b2d5551d90feb887ce9396861a27a,1280,720,RT,ST,True,1,porosity,2011,기공,polygon,True,1ca4bd5a511adfa6805b70263ea3874ae25a83a29711139adb336377dd09942b,grp_ST_22a0684c272c,4,ST|porosity,eval,,,,none,,none,,aihub-mock-v1,1,MOCK — 실이미지 없음. 스키마 검증·선행 개발 전용
aihub71761:data/raw/aihub71761/RT/ST/w00394_f1.png,aihub71761,data/raw/aihub71761/RT/ST/w00394_f1.png,6571852a641f1f93963f15baf1fd7bb424d76a30e29d58a61960870bb736bd0c,1280,720,RT,ST,False,0,,,,polygon,True,843b69b084e927387409689c909ad97ff7784f3e5dbf29ed7e5900e517d9a5cf,grp_ST_3353bc1dd769,4,ST|__normal__,train,C2,,,none,,none,,aihub-mock-v1,1,MOCK — 실이미지 없음. 스키마 검증·선행 개발 전용
aihub71761:data/raw/aihub71761/RT/ST/w00222_f0.png,aihub71761,data/raw/aihub71761/RT/ST/w00222_f0.png,6583eadebe12629218d7f2254ab3c0a3de1e5947f5f2ce3edc62910e6c08b7ab,1280,720,RT,ST,False,0,,,,polygon,True,624991226a2fa7aaf62499752727b2242eb7615d0e528df1f89e4040c16ae6a5,grp_ST_6583eadebe12,1,ST|__normal__,train,C2,,,none,,none,,aihub-mock-v1,1,MOCK — 실이미지 없음. 스키마 검증·선행 개발 전용
aihub71761:data/raw/aihub71761/RT/ST/w00076_f0.png,aihub71761,data/raw/aihub71761/RT/ST/w00076_f0.png,65a05871c5fcc5cc6a57c55a9f93835a2611e6a1d2f5c277a2fdf5a1274cd534,1280,720,RT,ST,False,0,,,,polygon,True,6a7c519b9bd3c4b4a39fb545323d9d563b1145ef9be840e5f33cb73e20947ea9,grp_ST_65a05871c5fc,2,ST|__normal__,train,C2,,,none,,none,,aihub-mock-v1,1,MOCK — 실이미지 없음. 스키마 검증·선행 개발 전용
aihub71761:data/raw/aihub71761/RT/ST/w00344_f0.png,aihub71761,data/raw/aihub71761/RT/ST/w00344_f0.png,6612eddce6e9f331015faef78d6afbdf4c3718062d0652a143c22e882c817016,1280,720,RT,ST,False,0,,,,polygon,True,4aa489ed891080197686df32c54b14329f2f0fb14380ab5b38a4b917acf8a774,grp_ST_6612eddce6e9,1,ST|__normal__,val,C2,,,none,,none,,aihub-mock-v1,1,MOCK — 실이미지 없음. 스키마 검증·선행 개발 전용
aihub71761:data/raw/aihub71761/RT/ST/w00492_f3.png,aihub71761,data/raw/aihub71761/RT/ST/w00492_f3.png,662e853c72427c8d87fa3373a425c2f275582d6472ceb9223e71987a33bc7bba,1280,720,RT,ST,True,1,porosity,2011,기공,polygon,True,ebdcb2df5f2a14e1f49475e3504161ecec8cb92ff3ae425b909ae825a4f486ab,grp_ST_001ac1c31ce3,4,ST|porosity,train,C1,,,none,,none,,aihub-mock-v1,1,MOCK — 실이미지 없음. 스키마 검증·선행 개발 전용
aihub71761:data/raw/aihub71761/RT/AL/w00109_f3.png,aihub71761,data/raw/aihub71761/RT/AL/w00109_f3.png,664a9408a72c1b3ac6c82d3c4844a4d858eb63945fc1a8767807d4914798ff88,1280,720,RT,AL,False,0,,,,polygon,True,582689dc2c35db21d64df468ab29bd0f2b757fa08c3e015739b6206a76f077f0,grp_AL_2ac1eb7e6118,4,AL|__normal__,val,C3,,,none,,none,,aihub-mock-v1,1,MOCK — 실이미지 없음. 스키마 검증·선행 개발 전용
aihub71761:data/raw/aihub71761/RT/AL/w00064_f0.png,aihub71761,data/raw/aihub71761/RT/AL/w00064_f0.png,666f93e525230e8589e9679b9d5d29dad3982a1d7fa78d56920d608c45bfb543,1280,720,RT,AL,False,0,,,,polygon,True,d182176b27c3c2884a6d2876506fbafd464fde1322a15d9fe66ac88ce5135175,grp_AL_666f93e52523,1,AL|__normal__,eval,,,,none,,none,,aihub-mock-v1,1,MOCK — 실이미지 없음. 스키마 검증·선행 개발 전용
aihub71761:data/raw/aihub71761/RT/ST/w00290_f0.png,aihub71761,data/raw/aihub71761/RT/ST/w00290_f0.png,66c47e3eb7bba88f98efaab82d4908d73f3cf46d59fed8c1fe7c18b07187f92b,1280,720,RT,ST,False,0,,,,polygon,True,f945848dd267c93b4853c05235e94d62599a6869877d197fae92b6bea9cc7b58,grp_ST_66c47e3eb7bb,1,ST|__normal__,eval,,judgment_2000,,none,,none,,aihub-mock-v1,1,MOCK — 실이미지 없음. 스키마 검증·선행 개발 전용
aihub71761:data/raw/aihub71761/RT/ST/w00329_f1.png,aihub71761,data/raw/aihub71761/RT/ST/w00329_f1.png,66dc07f36d3c16a1cee507878e939a66cb3edb57eee08080f8b346ba0b1260d3,1280,720,RT,ST,False,0,,,,polygon,True,6964bf7b97ddff734400d249de2b5ec6040c41b11d274d0240b11c1f2f20c78a,grp_ST_66dc07f36d3c,4,ST|__normal__,train,C2,,,none,,none,,aihub-mock-v1,1,MOCK — 실이미지 없음. 스키마 검증·선행 개발 전용
aihub71761:data/raw/aihub71761/RT/ST/w00134_f3.png,aihub71761,data/raw/aihub71761/RT/ST/w00134_f3.png,66fc2af779915d066220e6d1bde640c8745073a35e3f23b7a7cd105c4082be0c,1280,720,RT,ST,True,1,porosity,2011,기공,polygon,True,1d049fd867e4c06a15628159c4a4e92604194481466fb9e9d36e919d7048e9ef,grp_ST_66fc2af77991,4,ST|porosity,train,C1,,,none,,none,,aihub-mock-v1,1,MOCK — 실이미지 없음. 스키마 검증·선행 개발 전용
aihub71761:data/raw/aihub71761/RT/ST/w00163_f0.png,aihub71761,data/raw/aihub71761/RT/ST/w00163_f0.png,67fbbfaec7631a2bf5c3007758776c41181d31b35100a4a447e0d520700ea495,1280,720,RT,ST,True,1,porosity,2011,기공,polygon,True,23458c622c767b541a0b97f3c2f0103d46f6b5f0e7ecb1fb71e3d3d9f6cf93b7,grp_ST_67fbbfaec763,1,ST|porosity,train,C1,,,none,,none,,aihub-mock-v1,1,MOCK — 실이미지 없음. 스키마 검증·선행 개발 전용
aihub71761:data/raw/aihub71761/RT/AL/w00116_f2.png,aihub71761,data/raw/aihub71761/RT/AL/w00116_f2.png,68b2a1c271f666b1db323ffecb7d7ad9670215ca2efc1da378b2e0510f778c2c,1280,720,RT,AL,True,1,porosity,2011,기공,polygon,True,0566cf6d561b17517da3d7b76698a0b8324188c1b2bd223054bfaee3e2e549f2,grp_AL_1ca44bb3e02e,3,AL|porosity,eval,,,,none,,none,,aihub-mock-v1,1,MOCK — 실이미지 없음. 스키마 검증·선행 개발 전용
aihub71761:data/raw/aihub71761/RT/ST/w00204_f1.png,aihub71761,data/raw/aihub71761/RT/ST/w00204_f1.png,6915284d33c3cd26655552414cb330572e159c7794cffb45fa4df8d3c13ed649,1280,720,RT,ST,True,2,crack;porosity,100;2011,균열;기공,polygon,True,dd221eef7dc8d4e9443e1d9a9df2a78e6de9a1de1a829d80ccedb51bbb088d8f,grp_ST_16cda05223eb,3,ST|crack,val,C2,,,none,,none,,aihub-mock-v1,1,MOCK — 실이미지 없음. 스키마 검증·선행 개발 전용
aihub71761:data/raw/aihub71761/RT/ST/w00256_f0.png,aihub71761,data/raw/aihub71761/RT/ST/w00256_f0.png,69216a8a4f750f4c96dba26874d2df7aa841f600311b4aa1d380d94cf7f07957,1280,720,RT,ST,False,0,,,,polygon,True,c82cfca49f6243a558b0ebbc6fd8a50499cc02df19d95332623130fb45157bcc,grp_ST_69216a8a4f75,2,ST|__normal__,eval,,,,none,,none,,aihub-mock-v1,1,MOCK — 실이미지 없음. 스키마 검증·선행 개발 전용
aihub71761:data/raw/aihub71761/RT/ST/w00097_f0.png,aihub71761,data/raw/aihub71761/RT/ST/w00097_f0.png,69387bba0cb66986edc06e0d2522b363136002fdf7c9fc1a14e254db55379a09,1280,720,RT,ST,False,0,,,,polygon,True,6e0579b6b7cd01b9ef4cd854c8b2ef1dae17a45e2a88d0cfa7a9c7de07058a96,grp_ST_69387bba0cb6,1,ST|__normal__,train,C2,,,none,,none,,aihub-mock-v1,1,MOCK — 실이미지 없음. 스키마 검증·선행 개발 전용
aihub71761:data/raw/aihub71761/RT/ST/w00474_f0.png,aihub71761,data/raw/aihub71761/RT/ST/w00474_f0.png,69770e94d47d697c71cc396d09921a53afae41ee0c17dbbc83e05d8f26d4f780,1280,720,RT,ST,True,1,porosity,2011,기공,polygon,True,20e0a288d33fd0bb603cd2d99b7dc23dfc771bf4ce2221414f5a57715fa59f37,grp_ST_69770e94d47d,1,ST|porosity,eval,,,,none,,none,,aihub-mock-v1,1,MOCK — 실이미지 없음. 스키마 검증·선행 개발 전용
aihub71761:data/raw/aihub71761/RT/ST/w00076_f1.png,aihub71761,data/raw/aihub71761/RT/ST/w00076_f1.png,69f48aa45b19e40d01dc1503b675fb0010aab9ac8f98d0df153789be0b5ba7b9,1280,720,RT,ST,False,0,,,,polygon,True,6a7c519b9bd3c4b4a39fb545323d9d563b1145ef9be840e5f33cb73e20947ea9,grp_ST_65a05871c5fc,2,ST|__normal__,train,C2,,,none,,none,,aihub-mock-v1,1,MOCK — 실이미지 없음. 스키마 검증·선행 개발 전용
aihub71761:data/raw/aihub71761/RT/ST/w00068_f0.png,aihub71761,data/raw/aihub71761/RT/ST/w00068_f0.png,6a43b4a787f3c3bf9b4cd65820bf474a6c06127cea445abe103ec98311482366,1280,720,RT,ST,False,0,,,,polygon,True,3abd1ac5a6d5400935b6d77551da8de8d92d1961062f7078188bbdcfea55f8d9,grp_ST_6a43b4a787f3,1,ST|__normal__,train,C1,,,none,,none,,aihub-mock-v1,1,MOCK — 실이미지 없음. 스키마 검증·선행 개발 전용
aihub71761:data/raw/aihub71761/RT/ST/w00583_f0.png,aihub71761,data/raw/aihub71761/RT/ST/w00583_f0.png,6b0a6b3ce1041e81005e5b38fd406b14601e713cda3962fbaf5511239f626ec7,1280,720,RT,ST,False,0,,,,polygon,True,ad9e834b808f8b30dab19cba23120778d4e3e50cd20e41831d2a660cc7aecec3,grp_ST_6b0a6b3ce104,1,ST|__normal__,eval,,judgment_2000,,none,,none,,aihub-mock-v1,1,MOCK — 실이미지 없음. 스키마 검증·선행 개발 전용
aihub71761:data/raw/aihub71761/RT/ST/w00586_f0.png,aihub71761,data/raw/aihub71761/RT/ST/w00586_f0.png,6b6b2c4acac9298677f30c689addd0a823a16aa81e8c1c610aea95db2d7322d6,1280,720,RT,ST,False,0,,,,polygon,True,f54a6e3be110269918f217a8ec4218b58b2a5cb588c375e4f3cd7c5dca68264f,grp_ST_6b6b2c4acac9,1,ST|__normal__,train,C2,,,none,,none,,aihub-mock-v1,1,MOCK — 실이미지 없음. 스키마 검증·선행 개발 전용
aihub71761:data/raw/aihub71761/RT/ST/w00164_f0.png,aihub71761,data/raw/aihub71761/RT/ST/w00164_f0.png,6b9c82ba154c7b26a0b98d03a8480bbef4398f5d04cf9acae19632e49eb8acf1,1280,720,RT,ST,False,0,,,,polygon,True,f9b07066a8d2bd305fdde1d6d182e11cf3fd6fee31615a306bad81b553818214,grp_ST_0ff7662cd864,4,ST|__normal__,train,C1,,,none,,none,,aihub-mock-v1,1,MOCK — 실이미지 없음. 스키마 검증·선행 개발 전용
aihub71761:data/raw/aihub71761/RT/AL/w00007_f0.png,aihub71761,data/raw/aihub71761/RT/AL/w00007_f0.png,6c661bb386ba1231bd0d6ea0f094294528d9702f27e460d170451662d8db7832,1280,720,RT,AL,False,0,,,,polygon,True,d1683ae2c33e46fad26cc6f894b26fa7533a0148d4d68ed1bbbbb91331ba03dc,grp_AL_6c661bb386ba,1,AL|__normal__,train,C3,,,none,,none,,aihub-mock-v1,1,MOCK — 실이미지 없음. 스키마 검증·선행 개발 전용
aihub71761:data/raw/aihub71761/RT/ST/w00421_f3.png,aihub71761,data/raw/aihub71761/RT/ST/w00421_f3.png,6c73e52749c655cb2323341916477c8533c15b0b6f65e445999861c4977e9d3e,1280,720,RT,ST,True,1,lack_of_fusion,401,융합불량,polygon,True,285b52a5cbe6170e3ebe1c46e567a095f2d8ca325c0f33c6c4418ace1a7e7f0d,grp_ST_22f02f12bd11,4,ST|lack_of_fusion,train,C1,,,none,,none,,aihub-mock-v1,1,MOCK — 실이미지 없음. 스키마 검증·선행 개발 전용
aihub71761:data/raw/aihub71761/RT/ST/w00000_f0.png,aihub71761,data/raw/aihub71761/RT/ST/w00000_f0.png,6c74e3bfb981bcfd1b4b4bf33768de76a5ce9e563a87901b63bdc8709377fe31,1280,720,RT,ST,True,1,porosity,2011,기공,polygon,True,c1e1ddf44ccc09cf0201738b5ad06312f775d08a4efc65e54c5672afbe95f64d,grp_ST_6c74e3bfb981,1,ST|porosity,train,C1,,,none,,none,,aihub-mock-v1,1,MOCK — 실이미지 없음. 스키마 검증·선행 개발 전용
aihub71761:data/raw/aihub71761/RT/ST/w00147_f1.png,aihub71761,data/raw/aihub71761/RT/ST/w00147_f1.png,6cc5d84c45fb867218d6e46670a435378c21ecc58e06f04f3d3822e5d0112323,1280,720,RT,ST,False,0,,,,polygon,True,d8a6751e2a6ea2f96a23b3c3fd3e78428d47605458807c55174f1e8c570a2954,grp_ST_6cc5d84c45fb,2,ST|__normal__,train,C2,,,none,,none,,aihub-mock-v1,1,MOCK — 실이미지 없음. 스키마 검증·선행 개발 전용
aihub71761:data/raw/aihub71761/RT/ST/w00202_f0.png,aihub71761,data/raw/aihub71761/RT/ST/w00202_f0.png,6d3de8c4c1cf259cb09b9d09b02653bc2dac52faeb4c045c55b739831919cd51,1280,720,RT,ST,True,1,porosity,2011,기공,polygon,True,de96db3a4b8816dc37d1e212f95ef1e19d8ef14037ae5871848aefda0152e472,grp_ST_6d3de8c4c1cf,1,ST|porosity,val,C1,,,none,,none,,aihub-mock-v1,1,MOCK — 실이미지 없음. 스키마 검증·선행 개발 전용
aihub71761:data/raw/aihub71761/RT/ST/w00168_f0.png,aihub71761,data/raw/aihub71761/RT/ST/w00168_f0.png,6d40651c161f019943fe26d2f85c4923b2b3a40c72a16bc6a04848ba0e453056,1280,720,RT,ST,False,0,,,,polygon,True,3604e7a2a191f589137beb74f19b96954ebea6bf79321ab0be7f9973c83c7e23,grp_ST_6d40651c161f,1,ST|__normal__,train,C1,,,none,,none,,aihub-mock-v1,1,MOCK — 실이미지 없음. 스키마 검증·선행 개발 전용
aihub71761:data/raw/aihub71761/RT/ST/w00071_f3.png,aihub71761,data/raw/aihub71761/RT/ST/w00071_f3.png,6e3c68d868ce46eae564784a679268e29a9ed3939a858a90d7fd576056b613ff,1280,720,RT,ST,False,0,,,,polygon,True,083efc1b2d172bc288033d4cb916bda17d3b735af986ac20b9eb934b8a9f244e,grp_ST_2438fd20a41d,4,ST|__normal__,train,C1,,,none,,none,,aihub-mock-v1,1,MOCK — 실이미지 없음. 스키마 검증·선행 개발 전용
aihub71761:data/raw/aihub71761/RT/ST/w00331_f0.png,aihub71761,data/raw/aihub71761/RT/ST/w00331_f0.png,6e68d2b5dd2134a16bde60a0e3323efbb22aad85a6f45512b3829f45b26a7176,1280,720,RT,ST,False,0,,,,polygon,True,3b10be4993bc1266f865398a1b21377c1faef22bcdd9dcde2f1761c565f0ff54,grp_ST_6e68d2b5dd21,1,ST|__normal__,train,C2,,,none,,none,,aihub-mock-v1,1,MOCK — 실이미지 없음. 스키마 검증·선행 개발 전용
aihub71761:data/raw/aihub71761/RT/AL/w00023_f2.png,aihub71761,data/raw/aihub71761/RT/AL/w00023_f2.png,6f77933edd88767e4334c021b187ceb599c54d143b6a38786e20ecb56a4ef7d4,1280,720,RT,AL,True,2,crack;porosity,100;2011,균열;기공,polygon,True,bb3c2a836c78d0fab9d505fa2c0914e679559f00b55a561fa565ebb72460b151,grp_AL_28494f750d9a,3,AL|crack,train,C3,,,none,,none,,aihub-mock-v1,1,MOCK — 실이미지 없음. 스키마 검증·선행 개발 전용
aihub71761:data/raw/aihub71761/RT/ST/w00022_f2.png,aihub71761,data/raw/aihub71761/RT/ST/w00022_f2.png,70ae40d7430895c0196e4f4780be01f6217007efc8bc7b23fef11eb08bd82949,1280,720,RT,ST,False,0,,,,polygon,True,8f29942486282f20a23ff9a855d9077620600667007c1bb8ecfdd46e52c71544,grp_ST_18b01e2c16c5,4,ST|__normal__,train,C2,,,none,,none,,aihub-mock-v1,1,MOCK — 실이미지 없음. 스키마 검증·선행 개발 전용
aihub71761:data/raw/aihub71761/RT/ST/w00516_f2.png,aihub71761,data/raw/aihub71761/RT/ST/w00516_f2.png,70b8b626de1b3e35419b1057f25c9bde99bb17a527de8812f78cbd07ce8996ca,1280,720,RT,ST,False,0,,,,polygon,True,ba98396bf88c639e2bbade94f8facfd3770a7e1a3901583d75f47c24b7898143,grp_ST_70b8b626de1b,3,ST|__normal__,train,C1,,,none,,none,,aihub-mock-v1,1,MOCK — 실이미지 없음. 스키마 검증·선행 개발 전용
aihub71761:data/raw/aihub71761/RT/ST/w00377_f0.png,aihub71761,data/raw/aihub71761/RT/ST/w00377_f0.png,70e33b6477a95bfcf5b5332c717ef3223d6b65157b3950caa17b31fc7d88b0e5,1280,720,RT,ST,False,0,,,,polygon,True,26be7865662f59c806ea49bd5d7de9311f1e4c14ca60cc465d95da3c92ae98a1,grp_ST_70e33b6477a9,1,ST|__normal__,eval,,judgment_2000,,none,,none,,aihub-mock-v1,1,MOCK — 실이미지 없음. 스키마 검증·선행 개발 전용
aihub71761:data/raw/aihub71761/RT/ST/w00110_f1.png,aihub71761,data/raw/aihub71761/RT/ST/w00110_f1.png,717b0998e182abcc3b9142b7d438a6a67cbd50766f881af45714609739e3e76a,1280,720,RT,ST,True,1,porosity,2011,기공,polygon,True,069dc0fb0061a349a33ddff04ad45a3fdba61ea347856978f955bb9f56579d4d,grp_ST_1ff85f0c5a0e,4,ST|porosity,train,C1,,,none,,none,,aihub-mock-v1,1,MOCK — 실이미지 없음. 스키마 검증·선행 개발 전용
aihub71761:data/raw/aihub71761/RT/ST/w00433_f0.png,aihub71761,data/raw/aihub71761/RT/ST/w00433_f0.png,7200234e5cdace5176c90eb637e140aa46c3594f3a8248d53faccf1cd2a4a1f4,1280,720,RT,ST,True,1,crack,100,균열,polygon,True,d19b5c1a3d9b52aaa9912bb023df2272f6c042444406875f11ca8305f9401a05,grp_ST_7200234e5cda,1,ST|crack,train,C2,,,none,,none,,aihub-mock-v1,1,MOCK — 실이미지 없음. 스키마 검증·선행 개발 전용
aihub71761:data/raw/aihub71761/RT/AL/w00016_f0.png,aihub71761,data/raw/aihub71761/RT/AL/w00016_f0.png,7204127eb56c3927522ac22b8d60e9d93c7c536f0875eb0c9081abfb5b87838e,1280,720,RT,AL,False,0,,,,polygon,True,bd8c7be9da682c6b033754dd459650afcaab4251ba9225b93fcd80b976bbfba3,grp_AL_7204127eb56c,1,AL|__normal__,eval,,,,none,,none,,aihub-mock-v1,1,MOCK — 실이미지 없음. 스키마 검증·선행 개발 전용
aihub71761:data/raw/aihub71761/RT/AL/w00013_f0.png,aihub71761,data/raw/aihub71761/RT/AL/w00013_f0.png,7270cba3c45947ec5b993a52482c13fffbe7148fa0a79f7710ff38e72dfc0ae6,1280,720,RT,AL,True,1,porosity,2011,기공,polygon,True,1444d57fd601387ca97b0c46c053ab10440dff5a3f0e9aa587c068800411b032,grp_AL_7270cba3c459,1,AL|porosity,eval,,,,none,,none,,aihub-mock-v1,1,MOCK — 실이미지 없음. 스키마 검증·선행 개발 전용
aihub71761:data/raw/aihub71761/RT/ST/w00303_f0.png,aihub71761,data/raw/aihub71761/RT/ST/w00303_f0.png,72aa659047c0967e4652b0664fe1e331977d87a8c8a5d7ac227ba48c26230240,1280,720,RT,ST,False,0,,,,polygon,True,7e898bf067f265b70094c11b6bd9d2785767efee5716a1ebb6a3d9e37146ab3d,grp_ST_72aa659047c0,1,ST|__normal__,train,C2,,,none,,none,,aihub-mock-v1,1,MOCK — 실이미지 없음. 스키마 검증·선행 개발 전용
aihub71761:data/raw/aihub71761/RT/ST/w00024_f1.png,aihub71761,data/raw/aihub71761/RT/ST/w00024_f1.png,736e99bd0c3dd06cfd5aacdb448f520dc2955bb18a95ad94f0fab6914e29b0e8,1280,720,RT,ST,False,0,,,,polygon,True,e50ec197d99ebb1125bc4c75a0b98df2b24cdb9d1ca27558c97650fd69ae1f6d,grp_ST_736e99bd0c3d,2,ST|__normal__,train,C1,,,none,,none,,aihub-mock-v1,1,MOCK — 실이미지 없음. 스키마 검증·선행 개발 전용
aihub71761:data/raw/aihub71761/RT/ST/w00079_f3.png,aihub71761,data/raw/aihub71761/RT/ST/w00079_f3.png,737645acc7651f118962059d8eb0600a3169aebc6e8387d34385aaf0b2e7530f,1280,720,RT,ST,False,0,,,,polygon,True,1e3f1980f5f75ce581fa35d9433e2f1d5513cfe6e0a8bded33b09627801a0ff6,grp_ST_4672d5587d92,4,ST|__normal__,train,C2,,,none,,none,,aihub-mock-v1,1,MOCK — 실이미지 없음. 스키마 검증·선행 개발 전용
aihub71761:data/raw/aihub71761/RT/ST/w00337_f0.png,aihub71761,data/raw/aihub71761/RT/ST/w00337_f0.png,73bf6ea4d617afddf047661578441423348450314000d78bd29f5e070289bc21,1280,720,RT,ST,True,1,porosity,2011,기공,polygon,True,5127ffcc529f85503b8a8b93878e115b099572d010df4bff9ecdf4977e489af0,grp_ST_73bf6ea4d617,1,ST|porosity,train,C1,,,none,,none,,aihub-mock-v1,1,MOCK — 실이미지 없음. 스키마 검증·선행 개발 전용
aihub71761:data/raw/aihub71761/RT/ST/w00357_f0.png,aihub71761,data/raw/aihub71761/RT/ST/w00357_f0.png,73d71aeae1f74704d4072e8a2d15023ce73ac36a2b0eee9b71731b0b2865221c,1280,720,RT,ST,True,1,lack_of_fusion,401,융합불량,polygon,True,a0cb31549d4c08e200a26b7bb627421bfffd427e9079b0e620839d50f47e7958,grp_ST_73d71aeae1f7,1,ST|lack_of_fusion,train,C1,,,none,,none,,aihub-mock-v1,1,MOCK — 실이미지 없음. 스키마 검증·선행 개발 전용
aihub71761:data/raw/aihub71761/RT/ST/w00212_f0.png,aihub71761,data/raw/aihub71761/RT/ST/w00212_f0.png,73e6767db96e8601083b78fb3169fc84bfaa827f701fd3f7bbc7445af48fe7eb,1280,720,RT,ST,False,0,,,,polygon,True,2693e72cef360d136e0f0b5a3a43e4646b2605331d51e41e2c80d4c631524a81,grp_ST_73e6767db96e,1,ST|__normal__,train,C1,,,none,,none,,aihub-mock-v1,1,MOCK — 실이미지 없음. 스키마 검증·선행 개발 전용
aihub71761:data/raw/aihub71761/RT/ST/w00432_f0.png,aihub71761,data/raw/aihub71761/RT/ST/w00432_f0.png,73f49f8e2abe2959098a5abd7e12aff922571d493ece5b5d43aa67bbcf8bc39b,1280,720,RT,ST,False,0,,,,polygon,True,a1eb660a89b9e296436d76a6f23f883681106c8f55e83e3f669cdc0942bc2468,grp_ST_73f49f8e2abe,1,ST|__normal__,eval,,,,none,,none,,aihub-mock-v1,1,MOCK — 실이미지 없음. 스키마 검증·선행 개발 전용
aihub71761:data/raw/aihub71761/RT/ST/w00526_f0.png,aihub71761,data/raw/aihub71761/RT/ST/w00526_f0.png,740b6b4a2a789a3d63b4da42bfd878d591fe683dd25214ca052039e34783c430,1280,720,RT,ST,True,1,slag_inclusion,301,슬래그혼입,polygon,True,1b718f5a6b47a60f81f9729876ce7da7ad01a9b81e4d2a33ad0e96c7bad465d3,grp_ST_740b6b4a2a78,1,ST|slag_inclusion,eval,,judgment_2000,,none,,none,,aihub-mock-v1,1,MOCK — 실이미지 없음. 스키마 검증·선행 개발 전용
aihub71761:data/raw/aihub71761/RT/ST/w00149_f3.png,aihub71761,data/raw/aihub71761/RT/ST/w00149_f3.png,74e1daf33edf7c7f2545ce61974f182ef1efbf6c243aabe0494392df9623dc48,1280,720,RT,ST,False,0,,,,polygon,True,1ed27c176e3ce0bbc6bac0b99e6abca19c9f7ecf52b27590fd83dc5222b5c502,grp_ST_0cd829be9e0c,4,ST|__normal__,train,C1,,,none,,none,,aihub-mock-v1,1,MOCK — 실이미지 없음. 스키마 검증·선행 개발 전용
aihub71761:data/raw/aihub71761/RT/ST/w00279_f0.png,aihub71761,data/raw/aihub71761/RT/ST/w00279_f0.png,757a9db204b1248cbe38c14ff0852ae5823dc92bd41f7ffd94d81291f09a13b9,1280,720,RT,ST,True,2,crack;lack_of_fusion,100;401,균열;융합불량,polygon,True,adf4a087eaabaf2d7f5f8dba576596455cf1b7dcbcc179957b09753f9b082984,grp_ST_757a9db204b1,1,ST|crack,train,C1,,,none,,none,,aihub-mock-v1,1,MOCK — 실이미지 없음. 스키마 검증·선행 개발 전용
aihub71761:data/raw/aihub71761/RT/ST/w00289_f0.png,aihub71761,data/raw/aihub71761/RT/ST/w00289_f0.png,760df6e1381171bbf989d4c4357e0cb194c5b9a5e6795f9cb441205eb4346982,1280,720,RT,ST,True,2,crack;porosity,100;2011,균열;기공,polygon,True,af94377e11bbd9871228e27b65960f7760f5429ec8b36a150187d5ac6f747d43,grp_ST_760df6e13811,1,ST|crack,train,C2,,,none,,none,,aihub-mock-v1,1,MOCK — 실이미지 없음. 스키마 검증·선행 개발 전용
aihub71761:data/raw/aihub71761/RT/ST/w00477_f0.png,aihub71761,data/raw/aihub71761/RT/ST/w00477_f0.png,761b42467087cae8fb0178c36762593d35121e27c40debffe5ecadfa33e0122e,1280,720,RT,ST,True,1,porosity,2011,기공,polygon,True,0f51723a7c965da9a98186bb9d460694579af5c134a32ab8147dc515ce306f97,grp_ST_761b42467087,1,ST|porosity,train,C1,,,none,,none,,aihub-mock-v1,1,MOCK — 실이미지 없음. 스키마 검증·선행 개발 전용
aihub71761:data/raw/aihub71761/RT/ST/w00469_f0.png,aihub71761,data/raw/aihub71761/RT/ST/w00469_f0.png,762c2dd57e9ed686b2229b61977a8429089e00b974b236f2a5559e64d265ce0c,1280,720,RT,ST,True,1,slag_inclusion,301,슬래그혼입,polygon,True,3dd5b9f0d78abb05e6109d6d54dfbb05be2bc8b39db49015dfd15f480f202d18,grp_ST_762c2dd57e9e,1,ST|slag_inclusion,val,C1,,,none,,none,,aihub-mock-v1,1,MOCK — 실이미지 없음. 스키마 검증·선행 개발 전용
aihub71761:data/raw/aihub71761/RT/ST/w00516_f1.png,aihub71761,data/raw/aihub71761/RT/ST/w00516_f1.png,763003b79f3807baecef18661d32391da817077775e3e56a9ffb4f32cfc88434,1280,720,RT,ST,False,0,,,,polygon,True,ba98396bf88c639e2bbade94f8facfd3770a7e1a3901583d75f47c24b7898143,grp_ST_70b8b626de1b,3,ST|__normal__,train,C1,,,none,,none,,aihub-mock-v1,1,MOCK — 실이미지 없음. 스키마 검증·선행 개발 전용
aihub71761:data/raw/aihub71761/RT/ST/w00575_f1.png,aihub71761,data/raw/aihub71761/RT/ST/w00575_f1.png,764f63ece213612f36d6535b1360ec0dccb962c36469118ef4ff4d39bf70a7f9,1280,720,RT,ST,True,1,porosity,2011,기공,polygon,True,6c542e30e1917f2fca5277685dad99f2ee597c57d9ef0216282f27788a5fc8a9,grp_ST_764f63ece213,3,ST|porosity,train,C1,,,none,,none,,aihub-mock-v1,1,MOCK — 실이미지 없음. 스키마 검증·선행 개발 전용
aihub71761:data/raw/aihub71761/RT/AL/w00039_f0.png,aihub71761,data/raw/aihub71761/RT/AL/w00039_f0.png,76d154622c929dd0368bde369ca0263083104b70d25e907edd3e701536804515,1280,720,RT,AL,False,0,,,,polygon,True,fdac3ef9637bf52545a7b39c49acd85e9380a3839b181d66bbb7f195aac63f48,grp_AL_76d154622c92,1,AL|__normal__,train,C3,,,none,,none,,aihub-mock-v1,1,MOCK — 실이미지 없음. 스키마 검증·선행 개발 전용
aihub71761:data/raw/aihub71761/RT/AL/w00010_f1.png,aihub71761,data/raw/aihub71761/RT/AL/w00010_f1.png,771cd0179afbc6bdcde6beeb08ab16b39300e75513056c103d0302a04d2fa26f,1280,720,RT,AL,True,1,porosity,2011,기공,polygon,True,6c766a8a6c716e9336bcdad90dc9f1e922b83b29008563214cff1cb604f51843,grp_AL_28bec642b0b2,2,AL|porosity,train,C3,,,none,,none,,aihub-mock-v1,1,MOCK — 실이미지 없음. 스키마 검증·선행 개발 전용
aihub71761:data/raw/aihub71761/RT/ST/w00049_f0.png,aihub71761,data/raw/aihub71761/RT/ST/w00049_f0.png,7885375c272dbb02e47b9c21bd96c651f3ef92d94eaf7c5994b1a5bb06271d8b,1280,720,RT,ST,True,2,lack_of_fusion;slag_inclusion,301;401,슬래그혼입;융합불량,polygon,True,3998efeea6e57658a10df6c4d2e5d24a07d96e6a60bef705c86030f2c181e527,grp_ST_7885375c272d,1,ST|slag_inclusion,train,C2,,,none,,none,,aihub-mock-v1,1,MOCK — 실이미지 없음. 스키마 검증·선행 개발 전용
aihub71761:data/raw/aihub71761/RT/ST/w00505_f1.png,aihub71761,data/raw/aihub71761/RT/ST/w00505_f1.png,788b698d35ddf0a20811791dc01c6b761da6638d8826d6528e2da067c635bcd1,1280,720,RT,ST,True,1,slag_inclusion,301,슬래그혼입,polygon,True,6c5b7c1ae153922dc15000d76ce2a4a4fe87522efdb1cfb01b04153f9b9842f1,grp_ST_47a82b8e6c9b,2,ST|slag_inclusion,train,C2,,,none,,none,,aihub-mock-v1,1,MOCK — 실이미지 없음. 스키마 검증·선행 개발 전용
aihub71761:data/raw/aihub71761/RT/ST/w00013_f0.png,aihub71761,data/raw/aihub71761/RT/ST/w00013_f0.png,78baeb7a9ad36dba6f93f97476e9fb0e5927ee5f13c7c91456d71712c94bfc5b,1280,720,RT,ST,False,0,,,,polygon,True,24610eb2e4106b858e9c0da3e28d0878a3c184876cfb3c954d9c970c8b13e28d,grp_ST_78baeb7a9ad3,1,ST|__normal__,train,C2,,,none,,none,,aihub-mock-v1,1,MOCK — 실이미지 없음. 스키마 검증·선행 개발 전용
aihub71761:data/raw/aihub71761/RT/ST/w00074_f1.png,aihub71761,data/raw/aihub71761/RT/ST/w00074_f1.png,78cf249fdde562f3c7fa983dd62bfc431ab4b7ebe39235238b020e96868bd29f,1280,720,RT,ST,False,0,,,,polygon,True,0397808cba8c0aa2eb77a271ee8acf7cc4be7fb151549884e7e3d5b92f4b6dd1,grp_ST_61f7f00b7b13,4,ST|__normal__,train,C1,,,none,,none,,aihub-mock-v1,1,MOCK — 실이미지 없음. 스키마 검증·선행 개발 전용
aihub71761:data/raw/aihub71761/RT/AL/w00109_f1.png,aihub71761,data/raw/aihub71761/RT/AL/w00109_f1.png,78e901de29055744cbdbdd469b78cab62744a10b5ce68f25ef76f5d4a4ab3e91,1280,720,RT,AL,False,0,,,,polygon,True,582689dc2c35db21d64df468ab29bd0f2b757fa08c3e015739b6206a76f077f0,grp_AL_2ac1eb7e6118,4,AL|__normal__,val,C3,,,none,,none,,aihub-mock-v1,1,MOCK — 실이미지 없음. 스키마 검증·선행 개발 전용
aihub71761:data/raw/aihub71761/RT/ST/w00041_f1.png,aihub71761,data/raw/aihub71761/RT/ST/w00041_f1.png,7904415bc083a3649cc66157625a89c1db66b5e9091f8c2adc009aa276b0e504,1280,720,RT,ST,True,1,porosity,2011,기공,polygon,True,3c4d346ca683caabddb4eaad2b44808eb8242803981d07239f7ab2f4768da291,grp_ST_01245700d531,3,ST|porosity,train,C1,,,none,,none,,aihub-mock-v1,1,MOCK — 실이미지 없음. 스키마 검증·선행 개발 전용
aihub71761:data/raw/aihub71761/RT/ST/w00231_f0.png,aihub71761,data/raw/aihub71761/RT/ST/w00231_f0.png,7907acd2fc955851b41e230480172328468f1af442976d44c1758ef153c19727,1280,720,RT,ST,True,1,porosity,2011,기공,polygon,True,2f22dc96bb4c1fbb36c3ef2977ded3b962f5c9ad470f51b88679b85a8aca4312,grp_ST_7907acd2fc95,1,ST|porosity,eval,,,,none,,none,,aihub-mock-v1,1,MOCK — 실이미지 없음. 스키마 검증·선행 개발 전용
aihub71761:data/raw/aihub71761/RT/ST/w00267_f2.png,aihub71761,data/raw/aihub71761/RT/ST/w00267_f2.png,79273e3fc8b1e85a2bc8c1cb5f145784e3d419b1721a93a38b7b4e384235da6e,1280,720,RT,ST,False,0,,,,polygon,True,dcdda06548886a65e8b31cf963f31455835bcd37dde42037da50c5bba5f15564,grp_ST_79273e3fc8b1,4,ST|__normal__,val,C1,,,none,,none,,aihub-mock-v1,1,MOCK — 실이미지 없음. 스키마 검증·선행 개발 전용
aihub71761:data/raw/aihub71761/RT/ST/w00410_f0.png,aihub71761,data/raw/aihub71761/RT/ST/w00410_f0.png,797089248ff14e47561193c8e5ffd03581314b661cb44c7bb3bf0a66192c3470,1280,720,RT,ST,False,0,,,,polygon,True,3ae27ff44480d71890484ea01e4351af5721b25bb9b2a975378d59b3a081685a,grp_ST_797089248ff1,1,ST|__normal__,eval,,,,none,,none,,aihub-mock-v1,1,MOCK — 실이미지 없음. 스키마 검증·선행 개발 전용
aihub71761:data/raw/aihub71761/RT/ST/w00265_f0.png,aihub71761,data/raw/aihub71761/RT/ST/w00265_f0.png,7972baa4fa2a77d21afc55efd07a031107e00b9234a419c47c3fda9817ef4b49,1280,720,RT,ST,False,0,,,,polygon,True,2934ab42fab5ccf3aebba4d07cc7c2198167e92a2e083c736cf64ca387817341,grp_ST_7972baa4fa2a,1,ST|__normal__,train,C2,,,none,,none,,aihub-mock-v1,1,MOCK — 실이미지 없음. 스키마 검증·선행 개발 전용
aihub71761:data/raw/aihub71761/RT/ST/w00395_f0.png,aihub71761,data/raw/aihub71761/RT/ST/w00395_f0.png,7992faa1bf7498bf56320db00ccca5fc95e3e2e7d55159a9218957cad5eb2762,1280,720,RT,ST,True,1,crack,100,균열,polygon,True,5fdedcfa555e0a9d11441be6a527e322d0273cbdedabd2dac0a26f358cb5211e,grp_ST_0bc5c40adadd,3,ST|crack,eval,,,,none,,none,,aihub-mock-v1,1,MOCK — 실이미지 없음. 스키마 검증·선행 개발 전용
aihub71761:data/raw/aihub71761/RT/ST/w00343_f2.png,aihub71761,data/raw/aihub71761/RT/ST/w00343_f2.png,799b30484e04e321fc9d51ef6ed3b3d12329a79fcdd7f0f1234f6d98e3d5275f,1280,720,RT,ST,False,0,,,,polygon,True,2489984f1de7ac6d1599bedb83add4c788a7b3715fbecde22c0a307b5b5d3fb4,grp_ST_1a7734cee3bd,4,ST|__normal__,train,C2,,,none,,none,,aihub-mock-v1,1,MOCK — 실이미지 없음. 스키마 검증·선행 개발 전용
aihub71761:data/raw/aihub71761/RT/ST/w00254_f0.png,aihub71761,data/raw/aihub71761/RT/ST/w00254_f0.png,79be02488840d0dcc74f5c49e398f6a1f4d382da7c63ae772ed84b18c92f19d9,1280,720,RT,ST,True,1,porosity,2011,기공,polygon,True,64a3e022a2676811ff11992371f69b32f254c819ce5e9f4aab25d4c12544a7bb,grp_ST_79be02488840,1,ST|porosity,train,C1,,,none,,none,,aihub-mock-v1,1,MOCK — 실이미지 없음. 스키마 검증·선행 개발 전용
aihub71761:data/raw/aihub71761/RT/ST/w00372_f0.png,aihub71761,data/raw/aihub71761/RT/ST/w00372_f0.png,79edb961b5de0d2d53d3138da14ff6390630259a435de3a4044e732dbb37bd10,1280,720,RT,ST,False,0,,,,polygon,True,8280768f49142e16aed7d5001b630783fa27f698914a80af2b22133f58230636,grp_ST_79edb961b5de,1,ST|__normal__,train,C2,,,none,,none,,aihub-mock-v1,1,MOCK — 실이미지 없음. 스키마 검증·선행 개발 전용
aihub71761:data/raw/aihub71761/RT/ST/w00200_f0.png,aihub71761,data/raw/aihub71761/RT/ST/w00200_f0.png,79f2ccca656535b05fc6c3d5ab1161fed4094086b74f89db1e6ac96223ac1089,1280,720,RT,ST,False,0,,,,polygon,True,4b8a3c9898bb398ebc8a886dae0275504c17291747dc0229a4aa3f1e8e2afaf7,grp_ST_79f2ccca6565,1,ST|__normal__,train,C2,,,none,,none,,aihub-mock-v1,1,MOCK — 실이미지 없음. 스키마 검증·선행 개발 전용
aihub71761:data/raw/aihub71761/RT/ST/w00003_f0.png,aihub71761,data/raw/aihub71761/RT/ST/w00003_f0.png,79ff80f40bed1d49cba29cd19947386451613f16815c5b192bd276703e6c3b39,1280,720,RT,ST,True,2,lack_of_fusion;porosity,2011;401,기공;융합불량,polygon,True,bfab053859a591339edfd5c5a9d53d564b5b5285d5ef21cd615d810fca441d86,grp_ST_07103b868959,4,ST|lack_of_fusion,train,C1,,,none,,none,,aihub-mock-v1,1,MOCK — 실이미지 없음. 스키마 검증·선행 개발 전용
aihub71761:data/raw/aihub71761/RT/ST/w00095_f2.png,aihub71761,data/raw/aihub71761/RT/ST/w00095_f2.png,7a00ec2c8331abf4405f50d350350426079d079994aa58c4329e3a99268cc200,1280,720,RT,ST,False,0,,,,polygon,True,7c783446967ae508a668dbfd755e93eb270946f09871d37745c27fd05ebcaedf,grp_ST_7a00ec2c8331,3,ST|__normal__,train,C2,,,none,,none,,aihub-mock-v1,1,MOCK — 실이미지 없음. 스키마 검증·선행 개발 전용
aihub71761:data/raw/aihub71761/RT/ST/w00400_f0.png,aihub71761,data/raw/aihub71761/RT/ST/w00400_f0.png,7a07decd1396bc245dd224d50d4a25e4b40cf6ad96f246671bfeeab699a7ec5f,1280,720,RT,ST,True,1,lack_of_fusion,401,융합불량,polygon,True,371c082cf14fe67b0686159c6f878e7ffc6d08dce3327426df36b54ea3db95cd,grp_ST_7a07decd1396,1,ST|lack_of_fusion,train,C1,,,none,,none,,aihub-mock-v1,1,MOCK — 실이미지 없음. 스키마 검증·선행 개발 전용
aihub71761:data/raw/aihub71761/RT/ST/w00385_f0.png,aihub71761,data/raw/aihub71761/RT/ST/w00385_f0.png,7a1b5d584b9a0d6dfd5d691661648c593a50449c2ac980547fab97dc58fbd596,1280,720,RT,ST,True,1,porosity,2011,기공,polygon,True,d0f40e39f56a1301f3e53ef30b28528271042b32d0d122d7eb5cbd46064c41f3,grp_ST_33fb1e6a5d6d,2,ST|porosity,train,C1,,,none,,none,,aihub-mock-v1,1,MOCK — 실이미지 없음. 스키마 검증·선행 개발 전용
aihub71761:data/raw/aihub71761/RT/ST/w00083_f0.png,aihub71761,data/raw/aihub71761/RT/ST/w00083_f0.png,7a34241bc24a2ad1e9ef3cf69186331a2dd4ad889acafdb662ea9e22fc6483fb,1280,720,RT,ST,False,0,,,,polygon,True,b12ad466e0537eff7bd048bd7dabe80b10c69cdc7421dc4f76fad390b64d4558,grp_ST_7a34241bc24a,3,ST|__normal__,train,C1,,,none,,none,,aihub-mock-v1,1,MOCK — 실이미지 없음. 스키마 검증·선행 개발 전용
aihub71761:data/raw/aihub71761/RT/ST/w00261_f0.png,aihub71761,data/raw/aihub71761/RT/ST/w00261_f0.png,7a799868d9ad0ee57837f40f4b886bcea14ec64fbb343c91e0284ac93b096b0f,1280,720,RT,ST,True,1,porosity,2011,기공,polygon,True,102adb39d7bf18e06ae847a808b7711cb9d4aef683b5d86759fde1e3e1987c4d,grp_ST_7a799868d9ad,1,ST|porosity,train,C1,,,none,,none,,aihub-mock-v1,1,MOCK — 실이미지 없음. 스키마 검증·선행 개발 전용
aihub71761:data/raw/aihub71761/RT/ST/w00120_f0.png,aihub71761,data/raw/aihub71761/RT/ST/w00120_f0.png,7a81f04f2efd83634682cbdc1772758ad2b6d2f88953f3b1794ed7740a6caa43,1280,720,RT,ST,False,0,,,,polygon,True,50c2d93dd31a3a889192c232c8f928428607845ca506effddaf89ac6b3a55ef4,grp_ST_33fc867ef39f,2,ST|__normal__,train,C2,,,none,,none,,aihub-mock-v1,1,MOCK — 실이미지 없음. 스키마 검증·선행 개발 전용
aihub71761:data/raw/aihub71761/RT/ST/w00256_f1.png,aihub71761,data/raw/aihub71761/RT/ST/w00256_f1.png,7ac23aacc48d1e3f3e7ab3477e176c2d8d942b20059c275b1ed5609ae105c652,1280,720,RT,ST,False,0,,,,polygon,True,c82cfca49f6243a558b0ebbc6fd8a50499cc02df19d95332623130fb45157bcc,grp_ST_69216a8a4f75,2,ST|__normal__,eval,,,,none,,none,,aihub-mock-v1,1,MOCK — 실이미지 없음. 스키마 검증·선행 개발 전용
aihub71761:data/raw/aihub71761/RT/ST/w00184_f0.png,aihub71761,data/raw/aihub71761/RT/ST/w00184_f0.png,7ae92ff76b81b507594ec121b093e74e8d3c1dbe04388493bf5967727e6537c8,1280,720,RT,ST,True,1,porosity,2011,기공,polygon,True,f80b0e4035a48f487dd963a798c5bbe367f49e42ebc714647442420740e0ecfc,grp_ST_7ae92ff76b81,1,ST|porosity,val,C1,,,none,,none,,aihub-mock-v1,1,MOCK — 실이미지 없음. 스키마 검증·선행 개발 전용
aihub71761:data/raw/aihub71761/RT/ST/w00244_f0.png,aihub71761,data/raw/aihub71761/RT/ST/w00244_f0.png,7b0f82edd0980a299e923a95ef81fea260ced3dc7bcfc0a792410d42947eb288,1280,720,RT,ST,True,1,porosity,2011,기공,polygon,True,49276aae3c8729589e6a2103986d7918ed2b24385396adb9534e3573a680e476,grp_ST_7b0f82edd098,3,ST|porosity,train,C1,,,none,,none,,aihub-mock-v1,1,MOCK — 실이미지 없음. 스키마 검증·선행 개발 전용
aihub71761:data/raw/aihub71761/RT/ST/w00035_f0.png,aihub71761,data/raw/aihub71761/RT/ST/w00035_f0.png,7b69552453e0fb644e577b97af6155d185a8d6cac5554d33ec20591c45ed4328,1280,720,RT,ST,True,1,porosity,2011,기공,polygon,True,95266437d93e6a55c3baa360c205f387663ef14a01d34468ea3717867b0be649,grp_ST_7b69552453e0,1,ST|porosity,train,C1,,,none,,none,,aihub-mock-v1,1,MOCK — 실이미지 없음. 스키마 검증·선행 개발 전용
aihub71761:data/raw/aihub71761/RT/AL/w00067_f0.png,aihub71761,data/raw/aihub71761/RT/AL/w00067_f0.png,7b835eac0c611ffd6cf43a623a270ca9a9616fc9d2da083807f5975637d6d4bb,1280,720,RT,AL,True,1,porosity,2011,기공,polygon,True,d9d4e1fa4980d8d0dc8dc636475f30de9ba22bc9e31e528bb97512d711b88682,grp_AL_7b835eac0c61,1,AL|porosity,train,C3,,,none,,none,,aihub-mock-v1,1,MOCK — 실이미지 없음. 스키마 검증·선행 개발 전용
aihub71761:data/raw/aihub71761/RT/ST/w00245_f0.png,aihub71761,data/raw/aihub71761/RT/ST/w00245_f0.png,7b9ef5f76bf9a00278dd00b4abd0d7aa2d9a75c8cbc8ec1758c480428a2c7ac6,1280,720,RT,ST,False,0,,,,polygon,True,74fc06bd2ab7c48d8c06aa42c4be71d7592baf92630cb7a0ef07040a2ab566f8,grp_ST_7b9ef5f76bf9,1,ST|__normal__,train,C2,,,none,,none,,aihub-mock-v1,1,MOCK — 실이미지 없음. 스키마 검증·선행 개발 전용
aihub71761:data/raw/aihub71761/RT/AL/w00071_f2.png,aihub71761,data/raw/aihub71761/RT/AL/w00071_f2.png,7ba0f55197471119457984c57ebae3b7c2a98850f8332edc10cac264d04b7583,1280,720,RT,AL,False,0,,,,polygon,True,4243e7d70a66e22af735727aa3c593013ccc4acf8e275c21174836bb8eba5b68,grp_AL_1371a2c1c8c4,4,AL|__normal__,eval,,,,none,,none,,aihub-mock-v1,1,MOCK — 실이미지 없음. 스키마 검증·선행 개발 전용
aihub71761:data/raw/aihub71761/RT/AL/w00103_f0.png,aihub71761,data/raw/aihub71761/RT/AL/w00103_f0.png,7cc5e0390b5755bcf2056c7b96fccde1c8998d8f9e168a0a50c7020e9629e6eb,1280,720,RT,AL,True,1,porosity,2011,기공,polygon,True,b59ff4c429f35ec4f6f0e1d1f4515e6106c9acf0e7695c4d67167533a42c17a8,grp_AL_7cc5e0390b57,1,AL|porosity,val,C3,,,none,,none,,aihub-mock-v1,1,MOCK — 실이미지 없음. 스키마 검증·선행 개발 전용
aihub71761:data/raw/aihub71761/RT/ST/w00150_f0.png,aihub71761,data/raw/aihub71761/RT/ST/w00150_f0.png,7d64187e3ac58016f68ee1f61bbe2a99d5afdedbbc7f1138d16c55446a38a15d,1280,720,RT,ST,False,0,,,,polygon,True,5346042475942ae9d9e43d0ffb795b0f00ac9aede36ad9dd0ac9eedcd19b1e50,grp_ST_21240fbbed36,4,ST|__normal__,eval,,judgment_2000,,none,,none,,aihub-mock-v1,1,MOCK — 실이미지 없음. 스키마 검증·선행 개발 전용
aihub71761:data/raw/aihub71761/RT/ST/w00229_f0.png,aihub71761,data/raw/aihub71761/RT/ST/w00229_f0.png,7d78f79c209cbe0e0c20c3fbaea7a236a5a63a18d13970b6be5b9e83ebefb1c5,1280,720,RT,ST,True,1,lack_of_fusion,401,융합불량,polygon,True,f688323d8829fa5422e16c797f0004a83b9b4f9f72bad8c08540cf3e9f61e570,grp_ST_101793266061,4,ST|lack_of_fusion,eval,,,,none,,none,,aihub-mock-v1,1,MOCK — 실이미지 없음. 스키마 검증·선행 개발 전용
aihub71761:data/raw/aihub71761/RT/ST/w00576_f1.png,aihub71761,data/raw/aihub71761/RT/ST/w00576_f1.png,7de7787315afbc262f2a840a2a0af7f914dbdf5aa6152597ce240950198afc0d,1280,720,RT,ST,True,1,slag_inclusion,301,슬래그혼입,polygon,True,2096cb41972b0b3165875089597e093ef30cf2444a7a1d3fba13c5df5070dbc1,grp_ST_3e5388ae8fff,2,ST|slag_inclusion,train,C1,,,none,,none,,aihub-mock-v1,1,MOCK — 실이미지 없음. 스키마 검증·선행 개발 전용
aihub71761:data/raw/aihub71761/RT/ST/w00472_f0.png,aihub71761,data/raw/aihub71761/RT/ST/w00472_f0.png,7e344cb996f381792a3fc78c1aebfe46b6ef1ccc9ca5a35d42630bc667a99b6b,1280,720,RT,ST,True,1,lack_of_fusion,401,융합불량,polygon,True,01d49ad504e3fdbcf32a087005f2077574f4dab769a7985857ef7c9fde0767e2,grp_ST_7e344cb996f3,4,ST|lack_of_fusion,train,C1,,,none,,none,,aihub-mock-v1,1,MOCK — 실이미지 없음. 스키마 검증·선행 개발 전용
aihub71761:data/raw/aihub71761/RT/ST/w00450_f0.png,aihub71761,data/raw/aihub71761/RT/ST/w00450_f0.png,7e7833e740bc66f66401e025b8b804989b7fee8ae9fe238ad0607a805d2ad680,1280,720,RT,ST,True,1,porosity,2011,기공,polygon,True,f21bd53da6d5b555ffb7422a95715c37b3fbf0ce158798eb7857a880fa83eb41,grp_ST_7e7833e740bc,1,ST|porosity,train,C1,,,none,,none,,aihub-mock-v1,1,MOCK — 실이미지 없음. 스키마 검증·선행 개발 전용
aihub71761:data/raw/aihub71761/RT/AL/w00097_f0.png,aihub71761,data/raw/aihub71761/RT/AL/w00097_f0.png,7fa69fe3652416ecdd691a1db5de5be4da3d94d5760000e85ffd960808e494fe,1280,720,RT,AL,True,1,porosity,2011,기공,polygon,True,fe943706f7989d800bee6c374dc3f6358f3906625ff1dafd49da4d6f99f5ab79,grp_AL_7fa69fe36524,1,AL|porosity,train,C3,,,none,,none,,aihub-mock-v1,1,MOCK — 실이미지 없음. 스키마 검증·선행 개발 전용
aihub71761:data/raw/aihub71761/RT/ST/w00079_f0.png,aihub71761,data/raw/aihub71761/RT/ST/w00079_f0.png,7fc388873060798811a7a4d02af8ee034d4f396ea37e4d9d258dbd2d44dea289,1280,720,RT,ST,False,0,,,,polygon,True,1e3f1980f5f75ce581fa35d9433e2f1d5513cfe6e0a8bded33b09627801a0ff6,grp_ST_4672d5587d92,4,ST|__normal__,train,C2,,,none,,none,,aihub-mock-v1,1,MOCK — 실이미지 없음. 스키마 검증·선행 개발 전용
aihub71761:data/raw/aihub71761/RT/ST/w00488_f1.png,aihub71761,data/raw/aihub71761/RT/ST/w00488_f1.png,7fc92be85084e06bf5b8543f73e4633e27ded93b70de8c905e78df46a664d7d0,1280,720,RT,ST,True,1,porosity,2011,기공,polygon,True,4a4d4273edeb2831a278cc9c6f2253d753752066955660ec60b5088f281208b4,grp_ST_42a738b37b12,3,ST|porosity,train,C1,,,none,,none,,aihub-mock-v1,1,MOCK — 실이미지 없음. 스키마 검증·선행 개발 전용
aihub71761:data/raw/aihub71761/RT/AL/w00001_f0.png,aihub71761,data/raw/aihub71761/RT/AL/w00001_f0.png,7fd11796dfac10943637b885106a971ed64e594e75beb0fc78f286c08025c43a,1280,720,RT,AL,False,0,,,,polygon,True,69f4237ab81c534abcc39500be7125291f609a5dbf5220eb721324309efc6e0b,grp_AL_7fd11796dfac,1,AL|__normal__,train,C3,,,none,,none,,aihub-mock-v1,1,MOCK — 실이미지 없음. 스키마 검증·선행 개발 전용
aihub71761:data/raw/aihub71761/RT/ST/w00141_f0.png,aihub71761,data/raw/aihub71761/RT/ST/w00141_f0.png,800c55ce33f4065e2fd4d80e4c411fbad848c562c6a7afbd0bcf98b2d1b44732,1280,720,RT,ST,False,0,,,,polygon,True,521a7cccf43a36c780ddaf6665b8dfde0064ccaf8b0a83d177c1eb117dc1027d,grp_ST_800c55ce33f4,1,ST|__normal__,train,C1,,,none,,none,,aihub-mock-v1,1,MOCK — 실이미지 없음. 스키마 검증·선행 개발 전용
aihub71761:data/raw/aihub71761/RT/ST/w00294_f0.png,aihub71761,data/raw/aihub71761/RT/ST/w00294_f0.png,800f37eb7e6de76866ce67519c495d1ed9a3bf60afe3e6c5115928b44138b7fe,1280,720,RT,ST,False,0,,,,polygon,True,e459d062720163e7489aa3613139e7445f9803a99fe26150ed6fea376d52b5db,grp_ST_800f37eb7e6d,1,ST|__normal__,train,C1,,,none,,none,,aihub-mock-v1,1,MOCK — 실이미지 없음. 스키마 검증·선행 개발 전용
aihub71761:data/raw/aihub71761/RT/ST/w00421_f2.png,aihub71761,data/raw/aihub71761/RT/ST/w00421_f2.png,8017d0ec7184cbf96e764bad2a6524c7558519d2472b439cadfa559be86a79c2,1280,720,RT,ST,True,1,lack_of_fusion,401,융합불량,polygon,True,285b52a5cbe6170e3ebe1c46e567a095f2d8ca325c0f33c6c4418ace1a7e7f0d,grp_ST_22f02f12bd11,4,ST|lack_of_fusion,train,C1,,,none,,none,,aihub-mock-v1,1,MOCK — 실이미지 없음. 스키마 검증·선행 개발 전용
aihub71761:data/raw/aihub71761/RT/AL/w00105_f0.png,aihub71761,data/raw/aihub71761/RT/AL/w00105_f0.png,801b9cc25d21ecbea2b94c50d96ef76543d3da96a4aa8577287874b1f1c36f8a,1280,720,RT,AL,False,0,,,,polygon,True,394376f806faf023e339b0ff8a3f650cd315d3cdada5c6d3c6ddc28dbea8da99,grp_AL_801b9cc25d21,1,AL|__normal__,train,C3,,,none,,none,,aihub-mock-v1,1,MOCK — 실이미지 없음. 스키마 검증·선행 개발 전용
aihub71761:data/raw/aihub71761/RT/ST/w00336_f0.png,aihub71761,data/raw/aihub71761/RT/ST/w00336_f0.png,805a932b0299f5b5db2c2cd0b9b68faa359337d76a63f0a16fa3db1717758222,1280,720,RT,ST,False,0,,,,polygon,True,73d33a6fa03ffc9714545d257c2c7486ec838b895f67b5c9bc3b58adec1eed27,grp_ST_805a932b0299,1,ST|__normal__,train,C2,,,none,,none,,aihub-mock-v1,1,MOCK — 실이미지 없음. 스키마 검증·선행 개발 전용
aihub71761:data/raw/aihub71761/RT/ST/w00315_f0.png,aihub71761,data/raw/aihub71761/RT/ST/w00315_f0.png,806bc14a2c0694236b7bdea307ee14ca0ceb2cecda353446ef53471e5559808f,1280,720,RT,ST,True,1,porosity,2011,기공,polygon,True,497a00841f184adc1f993a440ed4bec13044ea48ed51a0efe82857da2afcf6ba,grp_ST_806bc14a2c06,1,ST|porosity,train,C1,,,none,,none,,aihub-mock-v1,1,MOCK — 실이미지 없음. 스키마 검증·선행 개발 전용
aihub71761:data/raw/aihub71761/RT/ST/w00145_f0.png,aihub71761,data/raw/aihub71761/RT/ST/w00145_f0.png,80760e53f6cc6ba4c4e9e6d8da59d7030fbf1b0f5eeb0deda7388841f043679a,1280,720,RT,ST,True,1,porosity,2011,기공,polygon,True,b9ec46883c271bb0734c2e8aa4387ef1da90480e90d9f0ca0b9009bdff2d5937,grp_ST_48dfd68e0af8,3,ST|porosity,val,C1,,,none,,none,,aihub-mock-v1,1,MOCK — 실이미지 없음. 스키마 검증·선행 개발 전용
aihub71761:data/raw/aihub71761/RT/ST/w00267_f0.png,aihub71761,data/raw/aihub71761/RT/ST/w00267_f0.png,80a9628a6d4dd500a23cf189bf9ef1552fbf58e3d61ceab7ca12ab09cd307b92,1280,720,RT,ST,False,0,,,,polygon,True,dcdda06548886a65e8b31cf963f31455835bcd37dde42037da50c5bba5f15564,grp_ST_79273e3fc8b1,4,ST|__normal__,val,C1,,,none,,none,,aihub-mock-v1,1,MOCK — 실이미지 없음. 스키마 검증·선행 개발 전용
aihub71761:data/raw/aihub71761/RT/ST/w00065_f0.png,aihub71761,data/raw/aihub71761/RT/ST/w00065_f0.png,80eb42ecb131a83afaf2ce57eea32c9f9f05dfd998223e2254730db3d0a8726c,1280,720,RT,ST,False,0,,,,polygon,True,fd871069431a0e9850caf9eb7933f5ae56ce70777e4ad575a00e8d67df79b369,grp_ST_80eb42ecb131,1,ST|__normal__,train,C2,,,none,,none,,aihub-mock-v1,1,MOCK — 실이미지 없음. 스키마 검증·선행 개발 전용
aihub71761:data/raw/aihub71761/RT/ST/w00031_f0.png,aihub71761,data/raw/aihub71761/RT/ST/w00031_f0.png,80f7211a1e3693f89880497003cd9012b7adf3c7c973922ee33fa16074eda2ec,1280,720,RT,ST,False,0,,,,polygon,True,15ecf19ea2b0d5f5444ff45e8b701f042d0424e5af3b20368ec937a4b0e9fefb,grp_ST_80f7211a1e36,1,ST|__normal__,val,C1,,,none,,none,,aihub-mock-v1,1,MOCK — 실이미지 없음. 스키마 검증·선행 개발 전용
aihub71761:data/raw/aihub71761/RT/ST/w00354_f3.png,aihub71761,data/raw/aihub71761/RT/ST/w00354_f3.png,8133f78a1a61ee583e2dc88a99967953f649ef21a2ab270cf4b15265d756a5f6,1280,720,RT,ST,False,0,,,,polygon,True,2d243bafb36b4610a29dde89fdfa1a55780f1de9dd2281074ea87104b0f44161,grp_ST_0f4e1914f2a9,4,ST|__normal__,train,C2,,,none,,none,,aihub-mock-v1,1,MOCK — 실이미지 없음. 스키마 검증·선행 개발 전용
aihub71761:data/raw/aihub71761/RT/ST/w00460_f0.png,aihub71761,data/raw/aihub71761/RT/ST/w00460_f0.png,8156e8f05fdcfc5aa6c29ddea72463d6aca3e63da742693c84c92ddfd876caac,1280,720,RT,ST,True,1,porosity,2011,기공,polygon,True,8ef3251aeeb2bf718d04e9e537fa97cc65f329899bcc063a5a90318c46fa1876,grp_ST_8156e8f05fdc,1,ST|porosity,val,C1,,,none,,none,,aihub-mock-v1,1,MOCK — 실이미지 없음. 스키마 검증·선행 개발 전용
aihub71761:data/raw/aihub71761/RT/ST/w00497_f0.png,aihub71761,data/raw/aihub71761/RT/ST/w00497_f0.png,81d0f23b3296f0e824a832cc25bd75909ac7f462765871cb66f449230564a28f,1280,720,RT,ST,True,1,porosity,2011,기공,polygon,True,e984baf57b3ff2bb5b5f90b5aa1dadac1905af13c9f96a286fd92f45be621f79,grp_ST_81d0f23b3296,1,ST|porosity,eval,,,,none,,none,,aihub-mock-v1,1,MOCK — 실이미지 없음. 스키마 검증·선행 개발 전용
aihub71761:data/raw/aihub71761/RT/ST/w00398_f2.png,aihub71761,data/raw/aihub71761/RT/ST/w00398_f2.png,8225531b06d6574ab8e2244d2871f8a6e8fa0ad80878e92ab421537d61bcb017,1280,720,RT,ST,True,1,porosity,2011,기공,polygon,True,a7538e699974a15f9c5dded700113ec7820aab33fe021b6d386b67303218beab,grp_ST_2609e61df8aa,4,ST|porosity,eval,,,,none,,none,,aihub-mock-v1,1,MOCK — 실이미지 없음. 스키마 검증·선행 개발 전용
aihub71761:data/raw/aihub71761/RT/ST/w00218_f0.png,aihub71761,data/raw/aihub71761/RT/ST/w00218_f0.png,825c9db432fc04b61f798a26b81a2d4fbb1fef4eefbbe58cac12cfda70c092b8,1280,720,RT,ST,True,1,porosity,2011,기공,polygon,True,42b366a88f21ea19af1638c2f38d8830d74b08ac0761a922a9613f6a4b9504cf,grp_ST_825c9db432fc,1,ST|porosity,train,C1,,,none,,none,,aihub-mock-v1,1,MOCK — 실이미지 없음. 스키마 검증·선행 개발 전용
aihub71761:data/raw/aihub71761/RT/ST/w00067_f0.png,aihub71761,data/raw/aihub71761/RT/ST/w00067_f0.png,82cb7dc0010bb47e8965879a150e32002f41063ec3bcea37a2dfc4158c0d0e0a,1280,720,RT,ST,True,1,porosity,2011,기공,polygon,True,4e24769e34760f8b65784f29c7ac745174ff29d01331238e142e4e22f8723b8d,grp_ST_82cb7dc0010b,1,ST|porosity,val,C1,,,none,,none,,aihub-mock-v1,1,MOCK — 실이미지 없음. 스키마 검증·선행 개발 전용
aihub71761:data/raw/aihub71761/RT/ST/w00143_f0.png,aihub71761,data/raw/aihub71761/RT/ST/w00143_f0.png,82fd51f5f8d25f7ae14d8844a267fef70851cf30539e4cd8efc300b4d68ffe0c,1280,720,RT,ST,True,1,porosity,2011,기공,polygon,True,9bcf2e585d61a35b71e46ae0517f704c70c9365e288070f893233eed0b2fcb4e,grp_ST_82fd51f5f8d2,1,ST|porosity,eval,,,,none,,none,,aihub-mock-v1,1,MOCK — 실이미지 없음. 스키마 검증·선행 개발 전용
aihub71761:data/raw/aihub71761/RT/ST/w00389_f0.png,aihub71761,data/raw/aihub71761/RT/ST/w00389_f0.png,839a3efd455b94f2a184469e7d59c66c9acd6c6de5f54f3f20ff2752f1f759b0,1280,720,RT,ST,True,1,porosity,2011,기공,polygon,True,c5435c167742653a0e6f994d1af771ad44ad1d93a10ae4cb8ca1d75a6b92f3d9,grp_ST_839a3efd455b,1,ST|porosity,train,C1,,,none,,none,,aihub-mock-v1,1,MOCK — 실이미지 없음. 스키마 검증·선행 개발 전용
aihub71761:data/raw/aihub71761/RT/AL/w00073_f1.png,aihub71761,data/raw/aihub71761/RT/AL/w00073_f1.png,83a145eeb2a48df77f032f5cc7d7cbf401a63712f1936d72f8539c915a20a3b3,1280,720,RT,AL,False,0,,,,polygon,True,5333db07a0c8bba0d7942e32cf6ab26a9697b7fb7310511466f70e595e4ac958,grp_AL_83a145eeb2a4,2,AL|__normal__,train,C3,,,none,,none,,aihub-mock-v1,1,MOCK — 실이미지 없음. 스키마 검증·선행 개발 전용
aihub71761:data/raw/aihub71761/RT/ST/w00272_f0.png,aihub71761,data/raw/aihub71761/RT/ST/w00272_f0.png,83cba40033fd2c39b9fbdcdff1ccc62f05f10eb84113867b7e1bf9aa14e40ac9,1280,720,RT,ST,False,0,,,,polygon,True,9e88fefe5478d0c247f84ae7ab01575c9500eac0b00b16701c6d166d02f5fcb5,grp_ST_83cba40033fd,1,ST|__normal__,eval,,,,none,,none,,aihub-mock-v1,1,MOCK — 실이미지 없음. 스키마 검증·선행 개발 전용
aihub71761:data/raw/aihub71761/RT/ST/w00243_f0.png,aihub71761,data/raw/aihub71761/RT/ST/w00243_f0.png,83d77da5bd7478a6feea2124eaee6ddbf518e5ef8fa7f1e732bc802d740a244a,1280,720,RT,ST,True,2,crack;slag_inclusion,100;301,균열;슬래그혼입,polygon,True,2491774ae2f1e144ea2a227e3bdf93ae7d08d3118e8a16f174791ce1b638bb70,grp_ST_83d77da5bd74,1,ST|slag_inclusion,train,C1,,,none,,none,,aihub-mock-v1,1,MOCK — 실이미지 없음. 스키마 검증·선행 개발 전용
aihub71761:data/raw/aihub71761/RT/ST/w00253_f3.png,aihub71761,data/raw/aihub71761/RT/ST/w00253_f3.png,83d97ae94d645d61151b531ac055ce669f71a4f99970a98d07547081db5ab7b0,1280,720,RT,ST,True,1,porosity,2011,기공,polygon,True,fe36a339b2b451e7daf5f2eb89fed66b761d068b3d27a8924348768d67ad5ba8,grp_ST_23434bb3dd33,4,ST|porosity,train,C1,,,none,,none,,aihub-mock-v1,1,MOCK — 실이미지 없음. 스키마 검증·선행 개발 전용
aihub71761:data/raw/aihub71761/RT/ST/w00204_f0.png,aihub71761,data/raw/aihub71761/RT/ST/w00204_f0.png,84512acc597ae5e9f28e63df7775b25bffca75c9026e0380ba256a1a32daf6d8,1280,720,RT,ST,True,2,crack;porosity,100;2011,균열;기공,polygon,True,dd221eef7dc8d4e9443e1d9a9df2a78e6de9a1de1a829d80ccedb51bbb088d8f,grp_ST_16cda05223eb,3,ST|crack,val,C2,,,none,,none,,aihub-mock-v1,1,MOCK — 실이미지 없음. 스키마 검증·선행 개발 전용
aihub71761:data/raw/aihub71761/RT/ST/w00300_f3.png,aihub71761,data/raw/aihub71761/RT/ST/w00300_f3.png,8451c2ed73b175a96b79a9f6a489cb237d2e4c4f399352d12bb882ee45982540,1280,720,RT,ST,True,1,porosity,2011,기공,polygon,True,712a038f2f13c45c39da9ed6f2b31bd0e5971c071a5c03540de06b8926508021,grp_ST_8451c2ed73b1,4,ST|porosity,train,C1,,,none,,none,,aihub-mock-v1,1,MOCK — 실이미지 없음. 스키마 검증·선행 개발 전용
aihub71761:data/raw/aihub71761/RT/ST/w00484_f3.png,aihub71761,data/raw/aihub71761/RT/ST/w00484_f3.png,84b0e1b34c2ec7e777b7a4d7f954a17a1d231dcdc4d4a0abf41b3ad7b18f0635,1280,720,RT,ST,True,1,porosity,2011,기공,polygon,True,0ff7dabd79dbeba7c0f5a580feeb66602e12477811d290d751abb957ee93c3ea,grp_ST_0dd929e47d43,4,ST|porosity,train,C1,,,none,,none,,aihub-mock-v1,1,MOCK — 실이미지 없음. 스키마 검증·선행 개발 전용
aihub71761:data/raw/aihub71761/RT/ST/w00378_f0.png,aihub71761,data/raw/aihub71761/RT/ST/w00378_f0.png,84d1949e0ef9feebec9cb5cf1342c460e4ab27cbd5bf411be186d02ec5a496fb,1280,720,RT,ST,True,1,porosity,2011,기공,polygon,True,3a9ee800614200221a297cb706ba16b2581cd9afb3b73ef67a8703ffbd5007a1,grp_ST_84d1949e0ef9,2,ST|porosity,train,C1,,,none,,none,,aihub-mock-v1,1,MOCK — 실이미지 없음. 스키마 검증·선행 개발 전용
aihub71761:data/raw/aihub71761/RT/ST/w00090_f0.png,aihub71761,data/raw/aihub71761/RT/ST/w00090_f0.png,84fc1e0a6accc7d6e9354407c748d2b2bd55764ec5f755e6962af1162c19b6a7,1280,720,RT,ST,True,1,porosity,2011,기공,polygon,True,486067d25a185660007cafa0e7cbf4cfc2ce901d3e018d8ae22728036265b464,grp_ST_016a5a3602e4,2,ST|porosity,train,C1,,,none,,none,,aihub-mock-v1,1,MOCK — 실이미지 없음. 스키마 검증·선행 개발 전용
aihub71761:data/raw/aihub71761/RT/ST/w00572_f0.png,aihub71761,data/raw/aihub71761/RT/ST/w00572_f0.png,8544fbf2d90ca54ae499080a9b9a5d461c2bd26d2dbd83d44cee9ef3fdd42c57,1280,720,RT,ST,True,1,lack_of_fusion,401,융합불량,polygon,True,118a2b35df02f3bcd25b103fc0047a859e1e0b2043015664eb96cdd1ae41c77e,grp_ST_8544fbf2d90c,1,ST|lack_of_fusion,train,C1,,,none,,none,,aihub-mock-v1,1,MOCK — 실이미지 없음. 스키마 검증·선행 개발 전용
aihub71761:data/raw/aihub71761/RT/ST/w00001_f0.png,aihub71761,data/raw/aihub71761/RT/ST/w00001_f0.png,85c235c677af078b5d0fb83b03382b5750f88f754ebe8debd066add8054dffe4,1280,720,RT,ST,False,0,,,,polygon,True,211cb07a4aa8c5cc562d792002f403a8e036dc0a7b41294dcc91845cdc560273,grp_ST_85c235c677af,1,ST|__normal__,val,C2,,,none,,none,,aihub-mock-v1,1,MOCK — 실이미지 없음. 스키마 검증·선행 개발 전용
aihub71761:data/raw/aihub71761/RT/ST/w00191_f0.png,aihub71761,data/raw/aihub71761/RT/ST/w00191_f0.png,8621880f3959ef43b2164a3ce94fb87d563276cc902a13aaf790745dd99819be,1280,720,RT,ST,False,0,,,,polygon,True,1aea21f2463db742c58e121d17b3cecc22f8f218cd6fabb7dddf28e61281b774,grp_ST_8621880f3959,1,ST|__normal__,train,C1,,,none,,none,,aihub-mock-v1,1,MOCK — 실이미지 없음. 스키마 검증·선행 개발 전용
aihub71761:data/raw/aihub71761/RT/ST/w00117_f2.png,aihub71761,data/raw/aihub71761/RT/ST/w00117_f2.png,866f9d61105df2d9e9443a408cad6c92a87ec6a32325795690f78eae7518157b,1280,720,RT,ST,True,1,porosity,2011,기공,polygon,True,495f2ad42d9685553892083aa24f72ed20e7ac2788684bd8931b3c5fe6aae530,grp_ST_866f9d61105d,4,ST|porosity,train,C1,,,none,,none,,aihub-mock-v1,1,MOCK — 실이미지 없음. 스키마 검증·선행 개발 전용
aihub71761:data/raw/aihub71761/RT/ST/w00506_f0.png,aihub71761,data/raw/aihub71761/RT/ST/w00506_f0.png,86db30dd4f454d7fddb4c77b82c9dcd9492315a8ccad4af0b5a6116c2c5ea7df,1280,720,RT,ST,True,1,porosity,2011,기공,polygon,True,c679c6564ad99846434739ffebc4a3850d6f93520101be94c44f1911b847788b,grp_ST_86db30dd4f45,1,ST|porosity,train,C1,,,none,,none,,aihub-mock-v1,1,MOCK — 실이미지 없음. 스키마 검증·선행 개발 전용
aihub71761:data/raw/aihub71761/RT/ST/w00476_f0.png,aihub71761,data/raw/aihub71761/RT/ST/w00476_f0.png,877a0b577905e734e18cb0908dc5d89d6ec971933d418aa285d6987111c994df,1280,720,RT,ST,True,1,slag_inclusion,301,슬래그혼입,polygon,True,07120c48e1e0b1bfef07e564ea192d33d62f6e50b6e99b47ab5bbebd7433f99d,grp_ST_877a0b577905,1,ST|slag_inclusion,train,C2,,,none,,none,,aihub-mock-v1,1,MOCK — 실이미지 없음. 스키마 검증·선행 개발 전용
aihub71761:data/raw/aihub71761/RT/AL/w00099_f0.png,aihub71761,data/raw/aihub71761/RT/AL/w00099_f0.png,877f89173b0a14383fb0012fca1d69884cb3e898c0960ca14fd42f44b276302b,1280,720,RT,AL,True,1,slag_inclusion,301,슬래그혼입,polygon,True,6f7f94154211eb7edf30c9b33d4727a221abe13aed11a972c813af7acec7a143,grp_AL_60087a6991ee,4,AL|slag_inclusion,train,C3,,,none,,none,,aihub-mock-v1,1,MOCK — 실이미지 없음. 스키마 검증·선행 개발 전용
aihub71761:data/raw/aihub71761/RT/AL/w00030_f0.png,aihub71761,data/raw/aihub71761/RT/AL/w00030_f0.png,87bd25a3b00d9c7e66d7eca47bb52e5a1ab4be15b919b22a706dddbf01ad7afd,1280,720,RT,AL,False,0,,,,polygon,True,39712e84af2798e62df166b72e591f3538e66106f58a0466595168d20605bf38,grp_AL_87bd25a3b00d,1,AL|__normal__,train,C3,,,none,,none,,aihub-mock-v1,1,MOCK — 실이미지 없음. 스키마 검증·선행 개발 전용
aihub71761:data/raw/aihub71761/RT/AL/w00077_f0.png,aihub71761,data/raw/aihub71761/RT/AL/w00077_f0.png,87d9e67ea8b863b07e7db74c7a7b28d96760108757b014c0bd0532793862569a,1280,720,RT,AL,False,0,,,,polygon,True,469444c233bc6c400f4f39435db6f3febf3e653b30ad447a38e8eb64e626ea44,grp_AL_87d9e67ea8b8,1,AL|__normal__,train,C3,,,none,,none,,aihub-mock-v1,1,MOCK — 실이미지 없음. 스키마 검증·선행 개발 전용
aihub71761:data/raw/aihub71761/RT/ST/w00367_f0.png,aihub71761,data/raw/aihub71761/RT/ST/w00367_f0.png,87dbf09fcbb819ec9dc96a7ac1f1e5873b138ff2c940f107664d4ab38bdd50bc,1280,720,RT,ST,False,0,,,,polygon,True,5f465ef5b0a0d571ab79e8da18fce2d7498c4f5a41372e24a75ef0f03d8cb130,grp_ST_87dbf09fcbb8,1,ST|__normal__,train,C2,,,none,,none,,aihub-mock-v1,1,MOCK — 실이미지 없음. 스키마 검증·선행 개발 전용
aihub71761:data/raw/aihub71761/RT/ST/w00236_f0.png,aihub71761,data/raw/aihub71761/RT/ST/w00236_f0.png,880c6298ab1a5fb00a4e9f4887a454d29fe05c5fed9591537af4c51bdbea1966,1280,720,RT,ST,True,1,porosity,2011,기공,polygon,True,d626d6ffb6f3286fad08c2510a022668b612fb137b8fbd6004ebe480b34d87f0,grp_ST_880c6298ab1a,1,ST|porosity,val,C1,,,none,,none,,aihub-mock-v1,1,MOCK — 실이미지 없음. 스키마 검증·선행 개발 전용
aihub71761:data/raw/aihub71761/RT/ST/w00197_f1.png,aihub71761,data/raw/aihub71761/RT/ST/w00197_f1.png,8852676466699541bd0ebe231278ab95f3ad5d1796c2a050713d326610645f2b,1280,720,RT,ST,True,1,porosity,2011,기공,polygon,True,3760d60c40765c6544708be12c21576dc6dc26af51c8e250fc550557347a4dc3,grp_ST_885267646669,2,ST|porosity,eval,,,,none,,none,,aihub-mock-v1,1,MOCK — 실이미지 없음. 스키마 검증·선행 개발 전용
aihub71761:data/raw/aihub71761/RT/ST/w00379_f0.png,aihub71761,data/raw/aihub71761/RT/ST/w00379_f0.png,8889af0ae5801de34b05eca7a5d0fa4d2c480c049c3fa7f1abb96387c0330732,1280,720,RT,ST,True,2,lack_of_fusion;porosity,2011;401,기공;융합불량,polygon,True,7edf20ec67c094b4aa32882a1be2546324734444727676caf81ad91e5d781a13,grp_ST_8889af0ae580,1,ST|lack_of_fusion,train,C1,,,none,,none,,aihub-mock-v1,1,MOCK — 실이미지 없음. 스키마 검증·선행 개발 전용
aihub71761:data/raw/aihub71761/RT/ST/w00480_f2.png,aihub71761,data/raw/aihub71761/RT/ST/w00480_f2.png,88ade4d896d8cdc153fa8aaf5ac72c44b80ca1601d8601d07136607dc9e6cf86,1280,720,RT,ST,True,1,porosity,2011,기공,polygon,True,1ca4bd5a511adfa6805b70263ea3874ae25a83a29711139adb336377dd09942b,grp_ST_22a0684c272c,4,ST|porosity,eval,,,,none,,none,,aihub-mock-v1,1,MOCK — 실이미지 없음. 스키마 검증·선행 개발 전용
aihub71761:data/raw/aihub71761/RT/ST/w00556_f0.png,aihub71761,data/raw/aihub71761/RT/ST/w00556_f0.png,88bba0f7495b3e5fe78b344242754201058ddd58203ea22aed2b328bf8b80006,1280,720,RT,ST,True,1,crack,100,균열,polygon,True,87b412044c8f2b95c0c50b49919ab1b3b380fb19f1dec65b92e637e1460f42c7,grp_ST_88bba0f7495b,1,ST|crack,train,C1,,,none,,none,,aihub-mock-v1,1,MOCK — 실이미지 없음. 스키마 검증·선행 개발 전용
aihub71761:data/raw/aihub71761/RT/ST/w00248_f0.png,aihub71761,data/raw/aihub71761/RT/ST/w00248_f0.png,88c8b17c2112f0ba452bbde8f44126aff0892794d13ee9e6334796be53f45df4,1280,720,RT,ST,True,1,crack,100,균열,polygon,True,5f95bd305be382fb2643959baef7e00a8dabe0bee2543b4ce1069b0b641c51d6,grp_ST_88c8b17c2112,1,ST|crack,train,C1,,,none,,none,,aihub-mock-v1,1,MOCK — 실이미지 없음. 스키마 검증·선행 개발 전용
aihub71761:data/raw/aihub71761/RT/ST/w00189_f0.png,aihub71761,data/raw/aihub71761/RT/ST/w00189_f0.png,8931e42fd4f62fa4387668f38260643bea1662eaaa9d8bb3a198741553605c0f,1280,720,RT,ST,True,2,porosity;slag_inclusion,2011;301,기공;슬래그혼입,polygon,True,813799c6c5d85e07437706e3a97126df4df458cf5fce334ed1d7c5df0f67419f,grp_ST_8931e42fd4f6,1,ST|slag_inclusion,eval,,,,none,,none,,aihub-mock-v1,1,MOCK — 실이미지 없음. 스키마 검증·선행 개발 전용
aihub71761:data/raw/aihub71761/RT/ST/w00237_f0.png,aihub71761,data/raw/aihub71761/RT/ST/w00237_f0.png,893a1f0d4f3eb7104a1770bed075e20511fff02957b70656dc909766371e5eaa,1280,720,RT,ST,True,1,lack_of_fusion,401,융합불량,polygon,True,7ba26bc3d116001e271b311072ad1b24ba52d9db3f59767110692ac8f7fd54dd,grp_ST_3a8a53615ebe,4,ST|lack_of_fusion,train,C1,,,none,,none,,aihub-mock-v1,1,MOCK — 실이미지 없음. 스키마 검증·선행 개발 전용
aihub71761:data/raw/aihub71761/RT/ST/w00399_f0.png,aihub71761,data/raw/aihub71761/RT/ST/w00399_f0.png,8949f3551e3e3bd5caf8bfc97d54f33afb7e911e1f92e761e12b4a2d130612f7,1280,720,RT,ST,True,1,porosity,2011,기공,polygon,True,f890b17c570dad5fed47ddbba3b9573aa0f12956c73d33a6ebed9de271eb7c90,grp_ST_8949f3551e3e,1,ST|porosity,train,C1,,,none,,none,,aihub-mock-v1,1,MOCK — 실이미지 없음. 스키마 검증·선행 개발 전용
aihub71761:data/raw/aihub71761/RT/ST/w00504_f0.png,aihub71761,data/raw/aihub71761/RT/ST/w00504_f0.png,89cc89befba2fc416f53cf6867402ed2a135a6aca12ebf4808c35e2c12a380d8,1280,720,RT,ST,True,1,porosity,2011,기공,polygon,True,364143057f3bcbb301b527dedc173e2555bc601756c77405ad5a1e871049ca43,grp_ST_89cc89befba2,1,ST|porosity,train,C1,,,none,,none,,aihub-mock-v1,1,MOCK — 실이미지 없음. 스키마 검증·선행 개발 전용
aihub71761:data/raw/aihub71761/RT/ST/w00268_f0.png,aihub71761,data/raw/aihub71761/RT/ST/w00268_f0.png,8a140eed83545609b5594414a194e9d6b554ba47c948173a37456a5bc162c0cc,1280,720,RT,ST,False,0,,,,polygon,True,e7f454996dccf1f28ffbc88b3139fa8fa932623c9a55ab45efdd9ec524864c61,grp_ST_8a140eed8354,1,ST|__normal__,train,C1,,,none,,none,,aihub-mock-v1,1,MOCK — 실이미지 없음. 스키마 검증·선행 개발 전용
aihub71761:data/raw/aihub71761/RT/ST/w00343_f0.png,aihub71761,data/raw/aihub71761/RT/ST/w00343_f0.png,8a5ebbcb1bcb544110b88eb1f58f2d599db108d483be26bc529e0cecd83d84be,1280,720,RT,ST,False,0,,,,polygon,True,2489984f1de7ac6d1599bedb83add4c788a7b3715fbecde22c0a307b5b5d3fb4,grp_ST_1a7734cee3bd,4,ST|__normal__,train,C2,,,none,,none,,aihub-mock-v1,1,MOCK — 실이미지 없음. 스키마 검증·선행 개발 전용
aihub71761:data/raw/aihub71761/RT/ST/w00053_f0.png,aihub71761,data/raw/aihub71761/RT/ST/w00053_f0.png,8a71c3012b8abf7122b29e9e442402d222a546fc1861227ac0dd262b7cc296de,1280,720,RT,ST,False,0,,,,polygon,True,bea6570b872a0acdffb65a4f1f288f6fe579f1e59cd43d480427464284f66695,grp_ST_0e2792fef79a,4,ST|__normal__,eval,,judgment_2000,,none,,none,,aihub-mock-v1,1,MOCK — 실이미지 없음. 스키마 검증·선행 개발 전용
aihub71761:data/raw/aihub71761/RT/AL/w00008_f0.png,aihub71761,data/raw/aihub71761/RT/AL/w00008_f0.png,8aa53418f8f1b388f6fb5a42604115a52376bb35b2de97a475ed4264f5f5f988,1280,720,RT,AL,True,1,porosity,2011,기공,polygon,True,7ba8a594bb886b9dc460ffbcd2c2f8d96d2ceb51771e0bcc2bc650b747c048e0,grp_AL_8aa53418f8f1,1,AL|porosity,eval,,,,none,,none,,aihub-mock-v1,1,MOCK — 실이미지 없음. 스키마 검증·선행 개발 전용
aihub71761:data/raw/aihub71761/RT/ST/w00528_f0.png,aihub71761,data/raw/aihub71761/RT/ST/w00528_f0.png,8ad4c8f1a749de7e212300ccf7714cfc7f1509fae7c51aa8945152939053de84,1280,720,RT,ST,False,0,,,,polygon,True,1c60af2d550dc488af56c6d8f52569bf5174e0a6253469a97b4629ce4c2f8fa3,grp_ST_8ad4c8f1a749,1,ST|__normal__,eval,,judgment_2000,,none,,none,,aihub-mock-v1,1,MOCK — 실이미지 없음. 스키마 검증·선행 개발 전용
aihub71761:data/raw/aihub71761/RT/ST/w00277_f0.png,aihub71761,data/raw/aihub71761/RT/ST/w00277_f0.png,8af6fec7bdaf155e415b6f31fcced342bfcadb3bebc69f236a4abfc09a9e0716,1280,720,RT,ST,True,2,porosity;slag_inclusion,2011;301,기공;슬래그혼입,polygon,True,b2ce8265db474e4bcc54c8e46d36fd96312571b39a0461e21f06225e99309a06,grp_ST_8af6fec7bdaf,1,ST|slag_inclusion,train,C1,,,none,,none,,aihub-mock-v1,1,MOCK — 실이미지 없음. 스키마 검증·선행 개발 전용
aihub71761:data/raw/aihub71761/RT/ST/w00501_f0.png,aihub71761,data/raw/aihub71761/RT/ST/w00501_f0.png,8af9959fd200121db9a8c26799e4428adaa2e7950ce2cc971f107446666896f5,1280,720,RT,ST,True,1,porosity,2011,기공,polygon,True,324eca416f2aef4e5a8cff4cdc1e179179b8b39d28ca55c395304625b1391f9a,grp_ST_8af9959fd200,3,ST|porosity,eval,,,,none,,none,,aihub-mock-v1,1,MOCK — 실이미지 없음. 스키마 검증·선행 개발 전용
aihub71761:data/raw/aihub71761/RT/ST/w00307_f0.png,aihub71761,data/raw/aihub71761/RT/ST/w00307_f0.png,8b80cdd1a235620a971d50e080b5e7dddc20ceeccdc52e5ab03023478cda4bb3,1280,720,RT,ST,False,0,,,,polygon,True,bbd0244ed76fe637195d1edabcf766d20e83bafe44c5536c0832ed717e3439c7,grp_ST_8b80cdd1a235,1,ST|__normal__,train,C2,,,none,,none,,aihub-mock-v1,1,MOCK — 실이미지 없음. 스키마 검증·선행 개발 전용
aihub71761:data/raw/aihub71761/RT/ST/w00584_f2.png,aihub71761,data/raw/aihub71761/RT/ST/w00584_f2.png,8c3b371c7749c380a4a443481f0a195664d01774217305a2a927d5d2ba884202,1280,720,RT,ST,True,1,crack,100,균열,polygon,True,f8287e310ceb22ad464e644a64625bf97aec70403016cb25cc1d1d5a05b1bcdf,grp_ST_8c3b371c7749,3,ST|crack,train,C1,,,none,,none,,aihub-mock-v1,1,MOCK — 실이미지 없음. 스키마 검증·선행 개발 전용
aihub71761:data/raw/aihub71761/RT/ST/w00024_f0.png,aihub71761,data/raw/aihub71761/RT/ST/w00024_f0.png,8c703379a40898c5926916ed9697cf8123ef0a6a6eb9bcb50668c85a3afabe34,1280,720,RT,ST,False,0,,,,polygon,True,e50ec197d99ebb1125bc4c75a0b98df2b24cdb9d1ca27558c97650fd69ae1f6d,grp_ST_736e99bd0c3d,2,ST|__normal__,train,C1,,,none,,none,,aihub-mock-v1,1,MOCK — 실이미지 없음. 스키마 검증·선행 개발 전용
aihub71761:data/raw/aihub71761/RT/AL/w00005_f0.png,aihub71761,data/raw/aihub71761/RT/AL/w00005_f0.png,8d053f7e373c68d8c3ca59a243dd25fa98a385f9ebbcf07f1ba19907e2a7c862,1280,720,RT,AL,True,1,porosity,2011,기공,polygon,True,f46ca5af37e51a2192f4e8e2271769467a642429ddda67e594351ef9e203f714,grp_AL_8d053f7e373c,1,AL|porosity,train,C3,,,none,,none,,aihub-mock-v1,1,MOCK — 실이미지 없음. 스키마 검증·선행 개발 전용
aihub71761:data/raw/aihub71761/RT/ST/w00361_f0.png,aihub71761,data/raw/aihub71761/RT/ST/w00361_f0.png,8d06d7666b9931985c456b635ef59cd031b2bc300a8c71e3022ce8e40a246066,1280,720,RT,ST,False,0,,,,polygon,True,8e08759a8dda9a58b0b4296802bd5a9e7d37a9366fdbc9c6fb6b550e166e6e76,grp_ST_2662a319194f,2,ST|__normal__,eval,,judgment_2000,,none,,none,,aihub-mock-v1,1,MOCK — 실이미지 없음. 스키마 검증·선행 개발 전용
aihub71761:data/raw/aihub71761/RT/ST/w00417_f0.png,aihub71761,data/raw/aihub71761/RT/ST/w00417_f0.png,8d0ea84f04169df4ebb04a17736617a35e8af1d0d7b1f597adade46e8bf82f02,1280,720,RT,ST,False,0,,,,polygon,True,13a096a51f978344af056758040c2368e373e7fceaedcd040538f31499dc7e3c,grp_ST_3bbfc85339b3,3,ST|__normal__,train,C1,,,none,,none,,aihub-mock-v1,1,MOCK — 실이미지 없음. 스키마 검증·선행 개발 전용
aihub71761:data/raw/aihub71761/RT/ST/w00422_f0.png,aihub71761,data/raw/aihub71761/RT/ST/w00422_f0.png,8d3bcdd81883880bd31312c17665f9f826fbe83d1d89f72b1f3112d1a8e9aa59,1280,720,RT,ST,True,1,porosity,2011,기공,polygon,True,d8219037d152ae3784184b20ac6bfbaec7d6a6bb0a7c2efc86b276aed68740fa,grp_ST_8d3bcdd81883,1,ST|porosity,train,C1,,,none,,none,,aihub-mock-v1,1,MOCK — 실이미지 없음. 스키마 검증·선행 개발 전용
aihub71761:data/raw/aihub71761/RT/ST/w00522_f0.png,aihub71761,data/raw/aihub71761/RT/ST/w00522_f0.png,8d4043daece64b2242d768b200a5a7703c9fc071a905da48bef7c3729327d84e,1280,720,RT,ST,True,1,lack_of_fusion,401,융합불량,polygon,True,3655d6aeca1e38dce92b2b654b37d1f344764ee4d8ae7ef0734d5c16555f3aea,grp_ST_8d4043daece6,1,ST|lack_of_fusion,train,C1,,,none,,none,,aihub-mock-v1,1,MOCK — 실이미지 없음. 스키마 검증·선행 개발 전용
aihub71761:data/raw/aihub71761/RT/ST/w00437_f2.png,aihub71761,data/raw/aihub71761/RT/ST/w00437_f2.png,8daadb8387bc9076a7b211268f9cb0f23cb2f31495b596a89456dc52d80ca62f,1280,720,RT,ST,True,1,porosity,2011,기공,polygon,True,226c721412b8a6df50970e5dc2f0ecf76a43f9a905d0a3c0fc3b9292dbf06f6c,grp_ST_0989fff910ff,4,ST|porosity,train,C1,,,none,,none,,aihub-mock-v1,1,MOCK — 실이미지 없음. 스키마 검증·선행 개발 전용
aihub71761:data/raw/aihub71761/RT/ST/w00241_f0.png,aihub71761,data/raw/aihub71761/RT/ST/w00241_f0.png,8dbf75f1cd8e760f30580b4f3e7b6f6593976e0ed9474dba4a7b7ceb18ddd068,1280,720,RT,ST,False,0,,,,polygon,True,50eed4d642bf10326f077da528aa01c82b54e6c4a0f3329890d2ba53d356ebb2,grp_ST_1b6689d1667f,3,ST|__normal__,train,C2,,,none,,none,,aihub-mock-v1,1,MOCK — 실이미지 없음. 스키마 검증·선행 개발 전용
aihub71761:data/raw/aihub71761/RT/ST/w00264_f0.png,aihub71761,data/raw/aihub71761/RT/ST/w00264_f0.png,8dece3af89c6cb9a400b0d5b70f0fbc824125d5452545eeb05a42235bead5515,1280,720,RT,ST,True,1,crack,100,균열,polygon,True,2b90c45b98f831f00663433578756710fa53bab3a3d787179af887534fdd67d6,grp_ST_8dece3af89c6,1,ST|crack,train,C1,,,none,,none,,aihub-mock-v1,1,MOCK — 실이미지 없음. 스키마 검증·선행 개발 전용
aihub71761:data/raw/aihub71761/RT/ST/w00263_f0.png,aihub71761,data/raw/aihub71761/RT/ST/w00263_f0.png,8e0c3cec1fe14176ce455eb2e3aa5234f131cb234e861776c6f33eb9bbea4fb0,1280,720,RT,ST,False,0,,,,polygon,True,595ba9e5adafd63c2d9796e91ab99ae6505a4a9d1f04a038ea17cb3d0a4ad1f9,grp_ST_8e0c3cec1fe1,2,ST|__normal__,eval,,,,none,,none,,aihub-mock-v1,1,MOCK — 실이미지 없음. 스키마 검증·선행 개발 전용
aihub71761:data/raw/aihub71761/RT/ST/w00369_f0.png,aihub71761,data/raw/aihub71761/RT/ST/w00369_f0.png,8e5ec72fa095130924466ce2c636951b36c915602ef378c3da33c19664ef0068,1280,720,RT,ST,True,1,lack_of_fusion,401,융합불량,polygon,True,e0fc645dc16c47b37b107e9c73c8b47688a304e9bd7d0d1ac9b324f341179735,grp_ST_8e5ec72fa095,1,ST|lack_of_fusion,train,C1,,,none,,none,,aihub-mock-v1,1,MOCK — 실이미지 없음. 스키마 검증·선행 개발 전용
aihub71761:data/raw/aihub71761/RT/ST/w00524_f0.png,aihub71761,data/raw/aihub71761/RT/ST/w00524_f0.png,8e885a5a34f55965ee11e58bd951671891c6bda40923df3925db0b2a045f3ee8,1280,720,RT,ST,True,1,porosity,2011,기공,polygon,True,ec6a2b77c7b04e85575895af8ddef5feeb43eb481e6f25a0933f542b22b425fd,grp_ST_8e885a5a34f5,1,ST|porosity,eval,,,,none,,none,,aihub-mock-v1,1,MOCK — 실이미지 없음. 스키마 검증·선행 개발 전용
aihub71761:data/raw/aihub71761/RT/ST/w00185_f0.png,aihub71761,data/raw/aihub71761/RT/ST/w00185_f0.png,8ed5171e0c210aecb27f927be067d1abf8d3a6279d1961b71dd201a754538aac,1280,720,RT,ST,False,0,,,,polygon,True,b6a1161e1d0f43e6896f370247ad53dd1fb8e47d7454c6018f9ac007add314ca,grp_ST_8ed5171e0c21,1,ST|__normal__,eval,,,,none,,none,,aihub-mock-v1,1,MOCK — 실이미지 없음. 스키마 검증·선행 개발 전용
aihub71761:data/raw/aihub71761/RT/ST/w00374_f0.png,aihub71761,data/raw/aihub71761/RT/ST/w00374_f0.png,901a22c6132c4e8d51cd3b05525ec7944a561c4554b98e89d3f25d1a405afdb0,1280,720,RT,ST,True,2,lack_of_fusion;porosity,2011;401,기공;융합불량,polygon,True,9b5181669d03855bb2e4581dcb88eb64f166156d318cae109789c5ca888cd684,grp_ST_901a22c6132c,1,ST|lack_of_fusion,train,C1,,,none,,none,,aihub-mock-v1,1,MOCK — 실이미지 없음. 스키마 검증·선행 개발 전용
aihub71761:data/raw/aihub71761/RT/AL/w00087_f0.png,aihub71761,data/raw/aihub71761/RT/AL/w00087_f0.png,905ecc6b41d6f8b206a74a098294b18d0a1ec884900dfaa324f4b08c5f71fa1a,1280,720,RT,AL,True,1,porosity,2011,기공,polygon,True,d6462edf564b5a700f3e4e94bf18e2cecc567feeb228bcec2460e109ba2b5874,grp_AL_905ecc6b41d6,1,AL|porosity,train,C3,,,none,,none,,aihub-mock-v1,1,MOCK — 실이미지 없음. 스키마 검증·선행 개발 전용
aihub71761:data/raw/aihub71761/RT/ST/w00164_f1.png,aihub71761,data/raw/aihub71761/RT/ST/w00164_f1.png,90ad0b2b9196a606dcd9ddafb3365bb02b454e03585e369c46a45ab283548327,1280,720,RT,ST,False,0,,,,polygon,True,f9b07066a8d2bd305fdde1d6d182e11cf3fd6fee31615a306bad81b553818214,grp_ST_0ff7662cd864,4,ST|__normal__,train,C1,,,none,,none,,aihub-mock-v1,1,MOCK — 실이미지 없음. 스키마 검증·선행 개발 전용
aihub71761:data/raw/aihub71761/RT/ST/w00257_f3.png,aihub71761,data/raw/aihub71761/RT/ST/w00257_f3.png,9155e0e7a143352c831c70d12a5fc9796f7e6a75552c3b1f5193c7169f7813de,1280,720,RT,ST,False,0,,,,polygon,True,6734e475d899bee3f8d8d379447ebcf067fc03a4a5c0062261313f0c62713f70,grp_ST_9155e0e7a143,4,ST|__normal__,train,C1,,,none,,none,,aihub-mock-v1,1,MOCK — 실이미지 없음. 스키마 검증·선행 개발 전용
aihub71761:data/raw/aihub71761/RT/ST/w00244_f1.png,aihub71761,data/raw/aihub71761/RT/ST/w00244_f1.png,9205058752bfd33ef385976704bf48a5f5a0a9293cb559ddb055098d7b24cd13,1280,720,RT,ST,True,1,porosity,2011,기공,polygon,True,49276aae3c8729589e6a2103986d7918ed2b24385396adb9534e3573a680e476,grp_ST_7b0f82edd098,3,ST|porosity,train,C1,,,none,,none,,aihub-mock-v1,1,MOCK — 실이미지 없음. 스키마 검증·선행 개발 전용
aihub71761:data/raw/aihub71761/RT/AL/w00043_f1.png,aihub71761,data/raw/aihub71761/RT/AL/w00043_f1.png,920da07b5a08bc311a4090b6b1ae0c97894796d9b073ea17e7194dc359355826,1280,720,RT,AL,False,0,,,,polygon,True,f4e6570fe9c8a719852fe3951948b87cbb7107f233ce52130b46186eb5a4c74b,grp_AL_5d6f54754793,4,AL|__normal__,train,C3,,,none,,none,,aihub-mock-v1,1,MOCK — 실이미지 없음. 스키마 검증·선행 개발 전용
aihub71761:data/raw/aihub71761/RT/ST/w00532_f0.png,aihub71761,data/raw/aihub71761/RT/ST/w00532_f0.png,92195a88812d648d11bf84c7a67f3e32424ff369511df67968928c9fd44a89bf,1280,720,RT,ST,False,0,,,,polygon,True,6ec27bf9e69ab2997c794098924c94bfe5ff1d31f54bba0dab7043218b577228,grp_ST_1171d3f43764,3,ST|__normal__,train,C1,,,none,,none,,aihub-mock-v1,1,MOCK — 실이미지 없음. 스키마 검증·선행 개발 전용
aihub71761:data/raw/aihub71761/RT/ST/w00407_f0.png,aihub71761,data/raw/aihub71761/RT/ST/w00407_f0.png,92323c57badabf76e9b4ba1e6451571af343614db198fcddaf352c416d3d34f7,1280,720,RT,ST,False,0,,,,polygon,True,9b6dad942483489cb2a80cb076d686bf2248225dd49b097f1fcb1c504f61b463,grp_ST_92323c57bada,1,ST|__normal__,train,C2,,,none,,none,,aihub-mock-v1,1,MOCK — 실이미지 없음. 스키마 검증·선행 개발 전용
aihub71761:data/raw/aihub71761/RT/ST/w00468_f0.png,aihub71761,data/raw/aihub71761/RT/ST/w00468_f0.png,925d05b9b0e27ae9344282d7398e7a1fbb6c2ce9d2b62ff94dc2889a7e70862c,1280,720,RT,ST,True,1,porosity,2011,기공,polygon,True,ee44b0babb7cbc5686953696a8a09adc840ff2413b18617ae9f91f4272045e55,grp_ST_925d05b9b0e2,1,ST|porosity,train,C1,,,none,,none,,aihub-mock-v1,1,MOCK — 실이미지 없음. 스키마 검증·선행 개발 전용
aihub71761:data/raw/aihub71761/RT/ST/w00386_f1.png,aihub71761,data/raw/aihub71761/RT/ST/w00386_f1.png,928b8d939923469a361930a9cce189fb2dff84d33b5fd95428bf188101101cf3,1280,720,RT,ST,True,1,porosity,2011,기공,polygon,True,e0e4800c9e83480496f8a1bc92b6151437c93f17566abc61dc2d4216663ca67b,grp_ST_928b8d939923,2,ST|porosity,eval,,,,none,,none,,aihub-mock-v1,1,MOCK — 실이미지 없음. 스키마 검증·선행 개발 전용
aihub71761:data/raw/aihub71761/RT/ST/w00080_f2.png,aihub71761,data/raw/aihub71761/RT/ST/w00080_f2.png,92d01e892305b0c834ff2cb96746a331c979e3f038996efd1fd2eec84afdf343,1280,720,RT,ST,False,0,,,,polygon,True,2324cd731d6c6fd150def02f9d860c6f84728b619683d2ae392a18da055aab1f,grp_ST_92d01e892305,4,ST|__normal__,eval,,,,none,,none,,aihub-mock-v1,1,MOCK — 실이미지 없음. 스키마 검증·선행 개발 전용
aihub71761:data/raw/aihub71761/RT/ST/w00584_f0.png,aihub71761,data/raw/aihub71761/RT/ST/w00584_f0.png,93094b17161ca432a63104fcabe54e575cbf75de269487b04a817180f8ef85be,1280,720,RT,ST,True,1,crack,100,균열,polygon,True,f8287e310ceb22ad464e644a64625bf97aec70403016cb25cc1d1d5a05b1bcdf,grp_ST_8c3b371c7749,3,ST|crack,train,C1,,,none,,none,,aihub-mock-v1,1,MOCK — 실이미지 없음. 스키마 검증·선행 개발 전용
aihub71761:data/raw/aihub71761/RT/ST/w00083_f2.png,aihub71761,data/raw/aihub71761/RT/ST/w00083_f2.png,9322d15632d3a46b192b7c3e834e62a1a469bb8eb25ab777fd66a489d335fd02,1280,720,RT,ST,False,0,,,,polygon,True,b12ad466e0537eff7bd048bd7dabe80b10c69cdc7421dc4f76fad390b64d4558,grp_ST_7a34241bc24a,3,ST|__normal__,train,C1,,,none,,none,,aihub-mock-v1,1,MOCK — 실이미지 없음. 스키마 검증·선행 개발 전용
aihub71761:data/raw/aihub71761/RT/ST/w00244_f2.png,aihub71761,data/raw/aihub71761/RT/ST/w00244_f2.png,94536e84cbcfda62c934cb6e8f942ee3ecb8a37577890f2cf24c1b82ff46b9c8,1280,720,RT,ST,True,1,porosity,2011,기공,polygon,True,49276aae3c8729589e6a2103986d7918ed2b24385396adb9534e3573a680e476,grp_ST_7b0f82edd098,3,ST|porosity,train,C1,,,none,,none,,aihub-mock-v1,1,MOCK — 실이미지 없음. 스키마 검증·선행 개발 전용
aihub71761:data/raw/aihub71761/RT/ST/w00298_f0.png,aihub71761,data/raw/aihub71761/RT/ST/w00298_f0.png,946bfaff3e2d9be9ebe07d2ea4dba740c368b5390e34ce444e131e78e5c90a58,1280,720,RT,ST,False,0,,,,polygon,True,564c92b7f3325731f23f99c3cc873732b758091a90c6d7578ad41a4b3d0339dc,grp_ST_946bfaff3e2d,1,ST|__normal__,train,C2,,,none,,none,,aihub-mock-v1,1,MOCK — 실이미지 없음. 스키마 검증·선행 개발 전용
aihub71761:data/raw/aihub71761/RT/ST/w00206_f0.png,aihub71761,data/raw/aihub71761/RT/ST/w00206_f0.png,94794b2f4caa5bfbffddc1d0812a5b1f4651fea2af2b967483ac6c18f93f73ed,1280,720,RT,ST,False,0,,,,polygon,True,14e3c889301c438cc91d130be0592792efaf7e3cf6593ab37bc3035a0de5a6fa,grp_ST_94794b2f4caa,1,ST|__normal__,train,C2,,,none,,none,,aihub-mock-v1,1,MOCK — 실이미지 없음. 스키마 검증·선행 개발 전용
aihub71761:data/raw/aihub71761/RT/ST/w00427_f0.png,aihub71761,data/raw/aihub71761/RT/ST/w00427_f0.png,948d61c661a846baecb992de11c34267f0a5b56c6637d50a87cff15806a03459,1280,720,RT,ST,False,0,,,,polygon,True,b52a980cf07fad72d993fc9e0801f91f56b225206269048833c78a89fd8cb226,grp_ST_948d61c661a8,1,ST|__normal__,val,C2,,,none,,none,,aihub-mock-v1,1,MOCK — 실이미지 없음. 스키마 검증·선행 개발 전용
aihub71761:data/raw/aihub71761/RT/ST/w00181_f0.png,aihub71761,data/raw/aihub71761/RT/ST/w00181_f0.png,95056704ba67483bd1ddfa61153b1073076f0daee47b196445775797dc5d1fce,1280,720,RT,ST,True,1,porosity,2011,기공,polygon,True,cc696bfeaba7d0973774272bd655acc763d30889e30a9168664847a86ef5b570,grp_ST_95056704ba67,1,ST|porosity,eval,,,,none,,none,,aihub-mock-v1,1,MOCK — 실이미지 없음. 스키마 검증·선행 개발 전용
aihub71761:data/raw/aihub71761/RT/ST/w00131_f2.png,aihub71761,data/raw/aihub71761/RT/ST/w00131_f2.png,9560c152039f4b72bf9866d7c0d25bcb66e57bf90a37c6848912159e1bd7a653,1280,720,RT,ST,False,0,,,,polygon,True,dcba5c8008a17cc34639d68cff0824e5b565491ebe936a9f7b620b34eb543bdf,grp_ST_00e46319d2a6,3,ST|__normal__,train,C2,,,none,,none,,aihub-mock-v1,1,MOCK — 실이미지 없음. 스키마 검증·선행 개발 전용
aihub71761:data/raw/aihub71761/RT/ST/w00251_f2.png,aihub71761,data/raw/aihub71761/RT/ST/w00251_f2.png,95aa98006d36a2133b6ca6ae2da47baffbfa3088bdf0396cfcc73a3d430c8261,1280,720,RT,ST,True,1,slag_inclusion,301,슬래그혼입,polygon,True,16dee6bc49a64a84fd4ecbb46d91269558bc8e41e818703ee2623579f4b02852,grp_ST_1d49b1e89f73,3,ST|slag_inclusion,train,C1,,,none,,none,,aihub-mock-v1,1,MOCK — 실이미지 없음. 스키마 검증·선행 개발 전용
aihub71761:data/raw/aihub71761/RT/AL/w00023_f1.png,aihub71761,data/raw/aihub71761/RT/AL/w00023_f1.png,95c29592f4998e4acfa76717a49476c71acb7bf8448ffc84ac9e3bc5fc6ee87e,1280,720,RT,AL,True,2,crack;porosity,100;2011,균열;기공,polygon,True,bb3c2a836c78d0fab9d505fa2c0914e679559f00b55a561fa565ebb72460b151,grp_AL_28494f750d9a,3,AL|crack,train,C3,,,none,,none,,aihub-mock-v1,1,MOCK — 실이미지 없음. 스키마 검증·선행 개발 전용
aihub71761:data/raw/aihub71761/RT/AL/w00080_f0.png,aihub71761,data/raw/aihub71761/RT/AL/w00080_f0.png,9662654d681650c032906801ffb9ea0d0677341cf4ee6d4908fd2c69b5629702,1280,720,RT,AL,False,0,,,,polygon,True,c7fd93888837ffdbe037bf87e9343caf1016a7e5a15821a8927802108874216a,grp_AL_9662654d6816,1,AL|__normal__,train,C3,,,none,,none,,aihub-mock-v1,1,MOCK — 실이미지 없음. 스키마 검증·선행 개발 전용
aihub71761:data/raw/aihub71761/RT/ST/w00582_f0.png,aihub71761,data/raw/aihub71761/RT/ST/w00582_f0.png,968e3f8756dbe7cdfe8bdf71e5242d9ff87e93bb0a96246b690ffb91f235d7c2,1280,720,RT,ST,True,1,porosity,2011,기공,polygon,True,fb190d597fed89e2d42612d43d4e5d9bc3bc763e58c5999e2570fdde07a0b9bb,grp_ST_968e3f8756db,1,ST|porosity,train,C1,,,none,,none,,aihub-mock-v1,1,MOCK — 실이미지 없음. 스키마 검증·선행 개발 전용
aihub71761:data/raw/aihub71761/RT/ST/w00461_f0.png,aihub71761,data/raw/aihub71761/RT/ST/w00461_f0.png,96c5fed047968f4cd6bb3c7261f1d576841e2c3c93fd8c7c1ad657c56b11e72f,1280,720,RT,ST,True,1,porosity,2011,기공,polygon,True,69e07244452243e9d1c4128b0ebb2c7321a30b11e1f5be3d5e04a35fc2caa40c,grp_ST_96c5fed04796,1,ST|porosity,train,C1,,,none,,none,,aihub-mock-v1,1,MOCK — 실이미지 없음. 스키마 검증·선행 개발 전용
aihub71761:data/raw/aihub71761/RT/ST/w00113_f0.png,aihub71761,data/raw/aihub71761/RT/ST/w00113_f0.png,97121b0dff575b831bca2319a973850b920731e5b6e2832663c29fa528a82ea3,1280,720,RT,ST,False,0,,,,polygon,True,aa7e055a7f106d7d6350dc203d3797e58622083cb8117840204b6da9506e1f21,grp_ST_97121b0dff57,1,ST|__normal__,train,C2,,,none,,none,,aihub-mock-v1,1,MOCK — 실이미지 없음. 스키마 검증·선행 개발 전용
aihub71761:data/raw/aihub71761/RT/ST/w00293_f0.png,aihub71761,data/raw/aihub71761/RT/ST/w00293_f0.png,971bde592b13f74cfc0979a580e6e08efe7f52e2f7fea3ae4e1ed51017f9cda2,1280,720,RT,ST,True,1,lack_of_fusion,401,융합불량,polygon,True,32d45243ef3659a208cc7cdf2afb5efadc62e99642ea5313ff9ea7ba4ee1b984,grp_ST_971bde592b13,1,ST|lack_of_fusion,train,C1,,,none,,none,,aihub-mock-v1,1,MOCK — 실이미지 없음. 스키마 검증·선행 개발 전용
aihub71761:data/raw/aihub71761/RT/ST/w00172_f0.png,aihub71761,data/raw/aihub71761/RT/ST/w00172_f0.png,97a17778da3738e69723e33db61b623bc84570c16364f43d8888ddf30d7d11a3,1280,720,RT,ST,True,1,porosity,2011,기공,polygon,True,1ce167fa29b82da8831f680babb4a9596de729c4355102c3ebaefd4ef41aa31e,grp_ST_97a17778da37,1,ST|porosity,train,C1,,,none,,none,,aihub-mock-v1,1,MOCK — 실이미지 없음. 스키마 검증·선행 개발 전용
aihub71761:data/raw/aihub71761/RT/ST/w00302_f0.png,aihub71761,data/raw/aihub71761/RT/ST/w00302_f0.png,989c113428b71a02fac92500e96c4e08e1182ab86415306a192d0ee018acc933,1280,720,RT,ST,False,0,,,,polygon,True,a3b647b5516b8889ca5a07a200650195c77a456bb5821453e090ffbb9bad2919,grp_ST_989c113428b7,1,ST|__normal__,train,C1,,,none,,none,,aihub-mock-v1,1,MOCK — 실이미지 없음. 스키마 검증·선행 개발 전용
aihub71761:data/raw/aihub71761/RT/ST/w00257_f1.png,aihub71761,data/raw/aihub71761/RT/ST/w00257_f1.png,98ba09cb279abba8ebeb19cf580edfe74d09b466881ffa7df8403d5faee1feed,1280,720,RT,ST,False,0,,,,polygon,True,6734e475d899bee3f8d8d379447ebcf067fc03a4a5c0062261313f0c62713f70,grp_ST_9155e0e7a143,4,ST|__normal__,train,C1,,,none,,none,,aihub-mock-v1,1,MOCK — 실이미지 없음. 스키마 검증·선행 개발 전용
aihub71761:data/raw/aihub71761/RT/ST/w00026_f0.png,aihub71761,data/raw/aihub71761/RT/ST/w00026_f0.png,98fea497610713a73f9a2d9bf32aec056b7430d9854289cc43985fae5183bb82,1280,720,RT,ST,True,1,porosity,2011,기공,polygon,True,0b8b14633ea3634be068ca31a6c207bdbe5c35474bc8a24118a29f47f315ad7e,grp_ST_98fea4976107,1,ST|porosity,eval,,,,none,,none,,aihub-mock-v1,1,MOCK — 실이미지 없음. 스키마 검증·선행 개발 전용
aihub71761:data/raw/aihub71761/RT/ST/w00129_f0.png,aihub71761,data/raw/aihub71761/RT/ST/w00129_f0.png,99074ec4797c48d871ce3d342bbf95ef3be057c1f8b974a10f2124b07326d506,1280,720,RT,ST,False,0,,,,polygon,True,b811ae8b594233a016116dddcfea0d1bb842b97f7259a44126478c05cbfce1bc,grp_ST_29d1e3fa0b04,3,ST|__normal__,train,C2,,,none,,none,,aihub-mock-v1,1,MOCK — 실이미지 없음. 스키마 검증·선행 개발 전용
aihub71761:data/raw/aihub71761/RT/ST/w00103_f2.png,aihub71761,data/raw/aihub71761/RT/ST/w00103_f2.png,9969335299f66976181733f112c210970a6d432b1df2813cbd0f5cee45059f23,1280,720,RT,ST,True,1,porosity,2011,기공,polygon,True,02ad8abc0257bd2ebb2b555b6c061aeacd2e0f8fa0b030356341a801da464b2a,grp_ST_296dd64d7a67,3,ST|porosity,train,C1,,,none,,none,,aihub-mock-v1,1,MOCK — 실이미지 없음. 스키마 검증·선행 개발 전용
aihub71761:data/raw/aihub71761/RT/AL/w00065_f2.png,aihub71761,data/raw/aihub71761/RT/AL/w00065_f2.png,998984d928a8abe6b456831ec659d868af776634245f63e37bb6b9159d6c6041,1280,720,RT,AL,True,1,slag_inclusion,301,슬래그혼입,polygon,True,7d855fa677a30ef34151fa9dd94226291c3c9e4e10b9d41d27b5d65b81665dc4,grp_AL_4f15a680f497,3,AL|slag_inclusion,train,C3,,,none,,none,,aihub-mock-v1,1,MOCK — 실이미지 없음. 스키마 검증·선행 개발 전용
aihub71761:data/raw/aihub71761/RT/ST/w00575_f0.png,aihub71761,data/raw/aihub71761/RT/ST/w00575_f0.png,9a13d81750445a7f53810fe12f10841bffc98ddbd4fec50622d25fddb7581b49,1280,720,RT,ST,True,1,porosity,2011,기공,polygon,True,6c542e30e1917f2fca5277685dad99f2ee597c57d9ef0216282f27788a5fc8a9,grp_ST_764f63ece213,3,ST|porosity,train,C1,,,none,,none,,aihub-mock-v1,1,MOCK — 실이미지 없음. 스키마 검증·선행 개발 전용
aihub71761:data/raw/aihub71761/RT/ST/w00041_f0.png,aihub71761,data/raw/aihub71761/RT/ST/w00041_f0.png,9a21b071239ca1844e27ff1a8ae5919a615c235870cd15fd9101ff17ca6c624b,1280,720,RT,ST,True,1,porosity,2011,기공,polygon,True,3c4d346ca683caabddb4eaad2b44808eb8242803981d07239f7ab2f4768da291,grp_ST_01245700d531,3,ST|porosity,train,C1,,,none,,none,,aihub-mock-v1,1,MOCK — 실이미지 없음. 스키마 검증·선행 개발 전용
aihub71761:data/raw/aihub71761/RT/ST/w00386_f0.png,aihub71761,data/raw/aihub71761/RT/ST/w00386_f0.png,9b5ec99e52cf620b67010fcb04592a6db045316f67a6df68d96bbb7f393a213d,1280,720,RT,ST,True,1,porosity,2011,기공,polygon,True,e0e4800c9e83480496f8a1bc92b6151437c93f17566abc61dc2d4216663ca67b,grp_ST_928b8d939923,2,ST|porosity,eval,,,,none,,none,,aihub-mock-v1,1,MOCK — 실이미지 없음. 스키마 검증·선행 개발 전용
aihub71761:data/raw/aihub71761/RT/ST/w00564_f0.png,aihub71761,data/raw/aihub71761/RT/ST/w00564_f0.png,9b709ab8e3d082e22226eefb89f0b57c18e831d22757ea129c1b326e471c0139,1280,720,RT,ST,False,0,,,,polygon,True,3bf2e457a0bf678bcb7c99a1f7a61e1894c42cac8e191135dbf0634660f40bac,grp_ST_9b709ab8e3d0,1,ST|__normal__,train,C2,,,none,,none,,aihub-mock-v1,1,MOCK — 실이미지 없음. 스키마 검증·선행 개발 전용
aihub71761:data/raw/aihub71761/RT/ST/w00446_f0.png,aihub71761,data/raw/aihub71761/RT/ST/w00446_f0.png,9b97f269b95fa966b93287d8f9359b2997204bd0cb5684c1dbe1d49a74329f74,1280,720,RT,ST,True,1,porosity,2011,기공,polygon,True,ee48a5d0e21b0fcec908f6abe5776d1f2fda3f86ed2760c5456b421b9f80c15d,grp_ST_9b97f269b95f,1,ST|porosity,train,C1,,,none,,none,,aihub-mock-v1,1,MOCK — 실이미지 없음. 스키마 검증·선행 개발 전용
aihub71761:data/raw/aihub71761/RT/ST/w00123_f0.png,aihub71761,data/raw/aihub71761/RT/ST/w00123_f0.png,9c13405a5ebd3c8a3b716628605bd7a909fec194e31662c715d0661b0d885787,1280,720,RT,ST,False,0,,,,polygon,True,f1584882aa47c86acec208c42cab354dd20447258c0742aae3c573d0ae956bd7,grp_ST_9c13405a5ebd,1,ST|__normal__,train,C2,,,none,,none,,aihub-mock-v1,1,MOCK — 실이미지 없음. 스키마 검증·선행 개발 전용
aihub71761:data/raw/aihub71761/RT/ST/w00318_f0.png,aihub71761,data/raw/aihub71761/RT/ST/w00318_f0.png,9c2c13cafb5a51f176285654fe838f656a05d434fbdc207868113ed9b9fc5406,1280,720,RT,ST,True,1,porosity,2011,기공,polygon,True,f80044f1bb467108d28791ef346faf7396327c99a56d466710e6f43649ffe82f,grp_ST_9c2c13cafb5a,1,ST|porosity,train,C1,,,none,,none,,aihub-mock-v1,1,MOCK — 실이미지 없음. 스키마 검증·선행 개발 전용
aihub71761:data/raw/aihub71761/RT/ST/w00074_f2.png,aihub71761,data/raw/aihub71761/RT/ST/w00074_f2.png,9c93ffeb57df4e06154470abda04060e1673ca80d038ae47671440bd009d3c83,1280,720,RT,ST,False,0,,,,polygon,True,0397808cba8c0aa2eb77a271ee8acf7cc4be7fb151549884e7e3d5b92f4b6dd1,grp_ST_61f7f00b7b13,4,ST|__normal__,train,C1,,,none,,none,,aihub-mock-v1,1,MOCK — 실이미지 없음. 스키마 검증·선행 개발 전용
aihub71761:data/raw/aihub71761/RT/ST/w00124_f0.png,aihub71761,data/raw/aihub71761/RT/ST/w00124_f0.png,9cda114b9a0cb88ae627f4401ca87a3ef7472252073a5a6d2b446bfd281db416,1280,720,RT,ST,True,1,porosity,2011,기공,polygon,True,b7f702d9d2f4b8f4170cbf5481f0d9a7e563c56801a0879923de158899ad8721,grp_ST_9cda114b9a0c,1,ST|porosity,train,C1,,,none,,none,,aihub-mock-v1,1,MOCK — 실이미지 없음. 스키마 검증·선행 개발 전용
aihub71761:data/raw/aihub71761/RT/ST/w00267_f1.png,aihub71761,data/raw/aihub71761/RT/ST/w00267_f1.png,9cdc0fa78fe3b887222582aa84dd141617936b1ab4191b289a56a99c1ddc36a0,1280,720,RT,ST,False,0,,,,polygon,True,dcdda06548886a65e8b31cf963f31455835bcd37dde42037da50c5bba5f15564,grp_ST_79273e3fc8b1,4,ST|__normal__,val,C1,,,none,,none,,aihub-mock-v1,1,MOCK — 실이미지 없음. 스키마 검증·선행 개발 전용
aihub71761:data/raw/aihub71761/RT/ST/w00053_f3.png,aihub71761,data/raw/aihub71761/RT/ST/w00053_f3.png,9d3b0bb202d7569ac311abf3462ed8735c8311e9baaee8719c11d85d9b2c1296,1280,720,RT,ST,False,0,,,,polygon,True,bea6570b872a0acdffb65a4f1f288f6fe579f1e59cd43d480427464284f66695,grp_ST_0e2792fef79a,4,ST|__normal__,eval,,judgment_2000,,none,,none,,aihub-mock-v1,1,MOCK — 실이미지 없음. 스키마 검증·선행 개발 전용
aihub71761:data/raw/aihub71761/RT/ST/w00219_f0.png,aihub71761,data/raw/aihub71761/RT/ST/w00219_f0.png,9d71007c421c9e499a8854dcd13f981b18c2e12d8bff6f4ee64d4a739612aa3f,1280,720,RT,ST,False,0,,,,polygon,True,f9df4e00d70bd23f5dd06194bec90aacbc2938eff24e3e42a077c782c58bd798,grp_ST_9d71007c421c,1,ST|__normal__,train,C2,,,none,,none,,aihub-mock-v1,1,MOCK — 실이미지 없음. 스키마 검증·선행 개발 전용
aihub71761:data/raw/aihub71761/RT/ST/w00098_f3.png,aihub71761,data/raw/aihub71761/RT/ST/w00098_f3.png,9e2b8089360095c500b4223d3b8886e89d9cd466fcd4b78049a2380b8c7f57f5,1280,720,RT,ST,True,1,porosity,2011,기공,polygon,True,3a298d91aa1e6ec2fd872f4b6b3443cbfdb25354d083b3cc6482437b4aa191e6,grp_ST_34f6be041ab1,4,ST|porosity,eval,,,,none,,none,,aihub-mock-v1,1,MOCK — 실이미지 없음. 스키마 검증·선행 개발 전용
aihub71761:data/raw/aihub71761/RT/ST/w00523_f0.png,aihub71761,data/raw/aihub71761/RT/ST/w00523_f0.png,9e532f4a87e93f4f92fdba08824d69ed60f2e2a784f134f4c598b230a9a2c12c,1280,720,RT,ST,True,1,porosity,2011,기공,polygon,True,2fb42754186fb10b8a0acd22796f2df2154ce119d0aa927ceb6088456bdfb1b3,grp_ST_9e532f4a87e9,1,ST|porosity,eval,,judgment_2000,,none,,none,,aihub-mock-v1,1,MOCK — 실이미지 없음. 스키마 검증·선행 개발 전용
aihub71761:data/raw/aihub71761/RT/AL/w00091_f0.png,aihub71761,data/raw/aihub71761/RT/AL/w00091_f0.png,9e7961bb1b41efeafe442e2c9f56b3d34fcff4b62c2a45fa33ee4812f7bb314e,1280,720,RT,AL,True,2,porosity;slag_inclusion,2011;301,기공;슬래그혼입,polygon,True,7be966d4937741275881e642ab035de634b8bb95df5be34db3dc2a1f649fb3c8,grp_AL_9e7961bb1b41,1,AL|slag_inclusion,train,C3,,,none,,none,,aihub-mock-v1,1,MOCK — 실이미지 없음. 스키마 검증·선행 개발 전용
aihub71761:data/raw/aihub71761/RT/ST/w00228_f0.png,aihub71761,data/raw/aihub71761/RT/ST/w00228_f0.png,9eab2f13822130ae0d12305b2855ab43cb06332a6dbb7f1f99dd72dbd886e4de,1280,720,RT,ST,False,0,,,,polygon,True,9f9446bd2b595c32644188ca76f9e43e481cdaafa7d48efbd5ada250bda0d39c,grp_ST_9eab2f138221,1,ST|__normal__,train,C2,,,none,,none,,aihub-mock-v1,1,MOCK — 실이미지 없음. 스키마 검증·선행 개발 전용
aihub71761:data/raw/aihub71761/RT/ST/w00457_f0.png,aihub71761,data/raw/aihub71761/RT/ST/w00457_f0.png,9ecce37fdd05e6ba49d65bc866ae76cd6864b53de1bdb88d80ee313607fbe62c,1280,720,RT,ST,False,0,,,,polygon,True,61664d747e1d5515edf307d668f971207496bee2e8ee80ae3ea9635260355c5f,grp_ST_9ecce37fdd05,1,ST|__normal__,train,C2,,,none,,none,,aihub-mock-v1,1,MOCK — 실이미지 없음. 스키마 검증·선행 개발 전용
aihub71761:data/raw/aihub71761/RT/ST/w00142_f0.png,aihub71761,data/raw/aihub71761/RT/ST/w00142_f0.png,9ed97fe55aa084fd1d07d559aa93673d8b3ce7192a8aed7eb0c6888319fd0bb1,1280,720,RT,ST,True,1,porosity,2011,기공,polygon,True,b5c990f588752eee784926ebfa73e4fd4bf5cabb00ae0b4b294d6e31f0c9ed2f,grp_ST_9ed97fe55aa0,1,ST|porosity,train,C1,,,none,,none,,aihub-mock-v1,1,MOCK — 실이미지 없음. 스키마 검증·선행 개발 전용
aihub71761:data/raw/aihub71761/RT/ST/w00283_f0.png,aihub71761,data/raw/aihub71761/RT/ST/w00283_f0.png,9ee5d552bd2b930ce53847e67ef3816e4ab5a1e38b556d714a1532bbb8feaa3d,1280,720,RT,ST,False,0,,,,polygon,True,7a37ac557ca9e2666d310fbd3385db331984250539460263788c6c0478b25e44,grp_ST_9ee5d552bd2b,1,ST|__normal__,train,C2,,,none,,none,,aihub-mock-v1,1,MOCK — 실이미지 없음. 스키마 검증·선행 개발 전용
aihub71761:data/raw/aihub71761/RT/ST/w00117_f3.png,aihub71761,data/raw/aihub71761/RT/ST/w00117_f3.png,9eef6c83bcbf68df14bdd44d53253d918cbf80f8b5e16d9fb6fd2d60acc65cf7,1280,720,RT,ST,True,1,porosity,2011,기공,polygon,True,495f2ad42d9685553892083aa24f72ed20e7ac2788684bd8931b3c5fe6aae530,grp_ST_866f9d61105d,4,ST|porosity,train,C1,,,none,,none,,aihub-mock-v1,1,MOCK — 실이미지 없음. 스키마 검증·선행 개발 전용
aihub71761:data/raw/aihub71761/RT/ST/w00529_f0.png,aihub71761,data/raw/aihub71761/RT/ST/w00529_f0.png,9f63fd022e25db5b1541dc15ebdfba61625e5b09400770675a7e77436b37e95a,1280,720,RT,ST,False,0,,,,polygon,True,33d18229101cf15a1e4bae64c90dae7ead93b067888949faabbaf637a8e85fec,grp_ST_9f63fd022e25,1,ST|__normal__,eval,,judgment_2000,,none,,none,,aihub-mock-v1,1,MOCK — 실이미지 없음. 스키마 검증·선행 개발 전용
aihub71761:data/raw/aihub71761/RT/ST/w00341_f1.png,aihub71761,data/raw/aihub71761/RT/ST/w00341_f1.png,9f709cfadb852489b66a5033b3b2191f165662b5e043831787a386d6b8d56e25,1280,720,RT,ST,True,2,lack_of_fusion;porosity,2011;401,기공;융합불량,polygon,True,19366fadd1816c400fc55c028ddc71778e632295592bd1a843f4db863010379c,grp_ST_43d12de2d6af,4,ST|lack_of_fusion,val,C1,,,none,,none,,aihub-mock-v1,1,MOCK — 실이미지 없음. 스키마 검증·선행 개발 전용
aihub71761:data/raw/aihub71761/RT/ST/w00021_f0.png,aihub71761,data/raw/aihub71761/RT/ST/w00021_f0.png,9fb41415b64410de7abed1fe6712747f187474b98b6c75f76346614812449822,1280,720,RT,ST,True,1,porosity,2011,기공,polygon,True,233707b763b32cf361304d0c94b6d4f054063ecefdf3c1c6c2e6f7933fcd66c4,grp_ST_9fb41415b644,1,ST|porosity,val,C1,,,none,,none,,aihub-mock-v1,1,MOCK — 실이미지 없음. 스키마 검증·선행 개발 전용
aihub71761:data/raw/aihub71761/RT/ST/w00199_f1.png,aihub71761,data/raw/aihub71761/RT/ST/w00199_f1.png,9fc2d3698ff55cebcb61d946bcd915d4b0354f639414c0f2965c70c687275932,1280,720,RT,ST,False,0,,,,polygon,True,ee04883839afb6bfb649da3a8c07089252b1cb8cf9b743b7cb410f2a9bf4f5ae,grp_ST_2faaa954e7f8,4,ST|__normal__,train,C2,,,none,,none,,aihub-mock-v1,1,MOCK — 실이미지 없음. 스키마 검증·선행 개발 전용
aihub71761:data/raw/aihub71761/RT/ST/w00459_f0.png,aihub71761,data/raw/aihub71761/RT/ST/w00459_f0.png,a095997dcacf7caa52bbe2fc6de75452b027141ebc71bd2a46381e6cf60ea2ad,1280,720,RT,ST,False,0,,,,polygon,True,5652ac678f1f657feba6771e64d9a03a6b9a67380ff4398542c513d7cd66904d,grp_ST_a095997dcacf,1,ST|__normal__,train,C1,,,none,,none,,aihub-mock-v1,1,MOCK — 실이미지 없음. 스키마 검증·선행 개발 전용
aihub71761:data/raw/aihub71761/RT/AL/w00090_f0.png,aihub71761,data/raw/aihub71761/RT/AL/w00090_f0.png,a0b9872171fc391140f405e35ed3d953fcb272ca24532d66b8f9e5bd6796deb9,1280,720,RT,AL,True,1,porosity,2011,기공,polygon,True,a8dcf41e039f974ebd3e3f42471342a4977dc99c0f016e19c6dd3d652f4102e2,grp_AL_a0b9872171fc,1,AL|porosity,train,C3,,,none,,none,,aihub-mock-v1,1,MOCK — 실이미지 없음. 스키마 검증·선행 개발 전용
aihub71761:data/raw/aihub71761/RT/ST/w00028_f0.png,aihub71761,data/raw/aihub71761/RT/ST/w00028_f0.png,a0c81383af29d5f814bd20edf2f6fb8d3e1d9c513dc646a4f8b92d187ff518ce,1280,720,RT,ST,False,0,,,,polygon,True,b9dcb21b1c1bd3e5ec82a92f6e9884c70d128e9de86225a3c15d2b18a24bd0fe,grp_ST_a0c81383af29,1,ST|__normal__,eval,,,,none,,none,,aihub-mock-v1,1,MOCK — 실이미지 없음. 스키마 검증·선행 개발 전용
aihub71761:data/raw/aihub71761/RT/ST/w00039_f0.png,aihub71761,data/raw/aihub71761/RT/ST/w00039_f0.png,a0cdbe3570776caa78abc19fe1ed58f395eea6f9eb51928fcb60e50f8dba6d0e,1280,720,RT,ST,True,1,porosity,2011,기공,polygon,True,8524db19b27a7a2b1103bf8fccffc5567f21a3db248d75d61e34912ee6b70b94,grp_ST_a0cdbe357077,1,ST|porosity,eval,,,,none,,none,,aihub-mock-v1,1,MOCK — 실이미지 없음. 스키마 검증·선행 개발 전용
aihub71761:data/raw/aihub71761/RT/ST/w00016_f0.png,aihub71761,data/raw/aihub71761/RT/ST/w00016_f0.png,a0cff9281c805ddb9315a4dd6d4c2acb8a02af510a60383ecef6dd88ff41774d,1280,720,RT,ST,False,0,,,,polygon,True,8591b939bc5aa039be13073bd9d58d34eb876d533be8085ac02438fb5e48375d,grp_ST_a0cff9281c80,1,ST|__normal__,train,C2,,,none,,none,,aihub-mock-v1,1,MOCK — 실이미지 없음. 스키마 검증·선행 개발 전용
aihub71761:data/raw/aihub71761/RT/ST/w00015_f0.png,aihub71761,data/raw/aihub71761/RT/ST/w00015_f0.png,a0e122565185eb49191a73f67bceb676cee4e8c8ff0ef02f888ed7305810ad62,1280,720,RT,ST,False,0,,,,polygon,True,780d354189155fde7b3a215342954c99dd5fe011621bf5f464d4c4cec26e6ffe,grp_ST_a0e122565185,1,ST|__normal__,val,C1,,,none,,none,,aihub-mock-v1,1,MOCK — 실이미지 없음. 스키마 검증·선행 개발 전용
aihub71761:data/raw/aihub71761/RT/ST/w00226_f0.png,aihub71761,data/raw/aihub71761/RT/ST/w00226_f0.png,a1581cdc1937a39e4fb26db7c008b49f16ad5b716f67f7f31790d77720eeef89,1280,720,RT,ST,True,1,porosity,2011,기공,polygon,True,14edc15a28ef153162b5a8ca95deb24dfe6c4ece027672a99bf66776a5fee73e,grp_ST_3d9552d141b7,2,ST|porosity,train,C1,,,none,,none,,aihub-mock-v1,1,MOCK — 실이미지 없음. 스키마 검증·선행 개발 전용
aihub71761:data/raw/aihub71761/RT/ST/w00278_f0.png,aihub71761,data/raw/aihub71761/RT/ST/w00278_f0.png,a1760092d07e4ae187e9e36550275b9146751551fca103f7eb82f5a5b95940ef,1280,720,RT,ST,True,1,porosity,2011,기공,polygon,True,39559ac96276331376bedecbdf6c2a8386819b19bdcf7a9cb0e566ba6c78b809,grp_ST_a1760092d07e,1,ST|porosity,train,C1,,,none,,none,,aihub-mock-v1,1,MOCK — 실이미지 없음. 스키마 검증·선행 개발 전용
aihub71761:data/raw/aihub71761/RT/ST/w00424_f0.png,aihub71761,data/raw/aihub71761/RT/ST/w00424_f0.png,a17ee9e130a356758556220b4abbc6282260c4d65b709c707d06fc0bb15044c2,1280,720,RT,ST,True,1,porosity,2011,기공,polygon,True,fb6b0d26bb4c3a5132e28709fb46a4c044dcd0f9eafe50c6216e8cceca730135,grp_ST_a17ee9e130a3,1,ST|porosity,train,C1,,,none,,none,,aihub-mock-v1,1,MOCK — 실이미지 없음. 스키마 검증·선행 개발 전용
aihub71761:data/raw/aihub71761/RT/ST/w00257_f2.png,aihub71761,data/raw/aihub71761/RT/ST/w00257_f2.png,a198c7f16539d7f95ededeac0c47b947a0eb7b85f7fdc629baa48777e5dbb2c7,1280,720,RT,ST,False,0,,,,polygon,True,6734e475d899bee3f8d8d379447ebcf067fc03a4a5c0062261313f0c62713f70,grp_ST_9155e0e7a143,4,ST|__normal__,train,C1,,,none,,none,,aihub-mock-v1,1,MOCK — 실이미지 없음. 스키마 검증·선행 개발 전용
aihub71761:data/raw/aihub71761/RT/ST/w00144_f0.png,aihub71761,data/raw/aihub71761/RT/ST/w00144_f0.png,a19a0a3220d37ef231ff1b4be62ba9e570b3d7485e899003a91321161fa2128e,1280,720,RT,ST,True,1,lack_of_fusion,401,융합불량,polygon,True,f3e1a3412462f4c636cb884003aa1dc7cc3e77ca79d9aa7e6b47edeead99f61f,grp_ST_a19a0a3220d3,1,ST|lack_of_fusion,eval,,,,none,,none,,aihub-mock-v1,1,MOCK — 실이미지 없음. 스키마 검증·선행 개발 전용
aihub71761:data/raw/aihub71761/RT/ST/w00176_f0.png,aihub71761,data/raw/aihub71761/RT/ST/w00176_f0.png,a1c622849266a3e7d352bd8e1e713cc4a0d32145afffd0fd60cf26d5ecbcb87c,1280,720,RT,ST,False,0,,,,polygon,True,76f947699939a7244b280b209379f16e36897aa818e95734d0ad031bef68b649,grp_ST_a1c622849266,1,ST|__normal__,train,C1,,,none,,none,,aihub-mock-v1,1,MOCK — 실이미지 없음. 스키마 검증·선행 개발 전용
aihub71761:data/raw/aihub71761/RT/ST/w00472_f1.png,aihub71761,data/raw/aihub71761/RT/ST/w00472_f1.png,a21d5828dbd964ddd82741f13bb5fa7173c2b26b4172229ddaefa66b4f8727c6,1280,720,RT,ST,True,1,lack_of_fusion,401,융합불량,polygon,True,01d49ad504e3fdbcf32a087005f2077574f4dab769a7985857ef7c9fde0767e2,grp_ST_7e344cb996f3,4,ST|lack_of_fusion,train,C1,,,none,,none,,aihub-mock-v1,1,MOCK — 실이미지 없음. 스키마 검증·선행 개발 전용
aihub71761:data/raw/aihub71761/RT/AL/w00099_f1.png,aihub71761,data/raw/aihub71761/RT/AL/w00099_f1.png,a224da85c9e086cede2b4abc127058be754e898b06ff74b730af83c393fca73e,1280,720,RT,AL,True,1,slag_inclusion,301,슬래그혼입,polygon,True,6f7f94154211eb7edf30c9b33d4727a221abe13aed11a972c813af7acec7a143,grp_AL_60087a6991ee,4,AL|slag_inclusion,train,C3,,,none,,none,,aihub-mock-v1,1,MOCK — 실이미지 없음. 스키마 검증·선행 개발 전용
aihub71761:data/raw/aihub71761/RT/ST/w00072_f0.png,aihub71761,data/raw/aihub71761/RT/ST/w00072_f0.png,a2651df2113e49d574b4b8144f1ff95dcaea88894e207db6faca7590fa60a7d4,1280,720,RT,ST,True,1,porosity,2011,기공,polygon,True,71a7f8b9a25d905eab3b6ff182d408ea10621fc4472526fc68f6516174cdb059,grp_ST_a2651df2113e,1,ST|porosity,train,C1,,,none,,none,,aihub-mock-v1,1,MOCK — 실이미지 없음. 스키마 검증·선행 개발 전용
aihub71761:data/raw/aihub71761/RT/ST/w00060_f0.png,aihub71761,data/raw/aihub71761/RT/ST/w00060_f0.png,a295661730d67232d7f8e407ea326e1f7b900abbee2086cc6259df0b61e4887b,1280,720,RT,ST,True,1,porosity,2011,기공,polygon,True,47fd44a1061ca6a4ecc310c8fd45c5adb34d537291a54fe308989c5d71c2a908,grp_ST_a295661730d6,1,ST|porosity,val,C1,,,none,,none,,aihub-mock-v1,1,MOCK — 실이미지 없음. 스키마 검증·선행 개발 전용
aihub71761:data/raw/aihub71761/RT/ST/w00082_f0.png,aihub71761,data/raw/aihub71761/RT/ST/w00082_f0.png,a33a5e2059f2ad258834933c8226bed8d01f314af2d00655ca26104340cd641d,1280,720,RT,ST,False,0,,,,polygon,True,c3fdd81523875492519e3866addbcaaa4301ff09bab09a029bf6a743b5dadcbf,grp_ST_a33a5e2059f2,1,ST|__normal__,val,C1,,,none,,none,,aihub-mock-v1,1,MOCK — 실이미지 없음. 스키마 검증·선행 개발 전용
aihub71761:data/raw/aihub71761/RT/ST/w00009_f1.png,aihub71761,data/raw/aihub71761/RT/ST/w00009_f1.png,a3ab74b2d6bfce7a750c5fdac8f64bb5e9c808fbf9652e3fef2d48b1ff0df702,1280,720,RT,ST,False,0,,,,polygon,True,9cad748216d0ba4d3791e1e71c73c18066f3b5330179f2c43299839e2e7c9d51,grp_ST_457881843ba4,2,ST|__normal__,train,C2,,,none,,none,,aihub-mock-v1,1,MOCK — 실이미지 없음. 스키마 검증·선행 개발 전용
aihub71761:data/raw/aihub71761/RT/ST/w00454_f0.png,aihub71761,data/raw/aihub71761/RT/ST/w00454_f0.png,a3aca7eb11d5fc9bf286847e13b47baf97b50e305f0f3b72b3b697a957d12b45,1280,720,RT,ST,True,2,porosity;slag_inclusion,2011;301,기공;슬래그혼입,polygon,True,b788a468b562a3c49f225bcdbe71e60b77517801c6c52fdc13a7a14e24dcf909,grp_ST_a3aca7eb11d5,1,ST|slag_inclusion,train,C1,,,none,,none,,aihub-mock-v1,1,MOCK — 실이미지 없음. 스키마 검증·선행 개발 전용
aihub71761:data/raw/aihub71761/RT/AL/w00043_f3.png,aihub71761,data/raw/aihub71761/RT/AL/w00043_f3.png,a40f1c42726f21337a42b560edb15c770bc426710c5147944095bb18c5579ab6,1280,720,RT,AL,False,0,,,,polygon,True,f4e6570fe9c8a719852fe3951948b87cbb7107f233ce52130b46186eb5a4c74b,grp_AL_5d6f54754793,4,AL|__normal__,train,C3,,,none,,none,,aihub-mock-v1,1,MOCK — 실이미지 없음. 스키마 검증·선행 개발 전용
aihub71761:data/raw/aihub71761/RT/AL/w00002_f0.png,aihub71761,data/raw/aihub71761/RT/AL/w00002_f0.png,a4455f7ec20eeb471ffdee6d076e932c6cf0213e6d14400b2f614e285c18639e,1280,720,RT,AL,True,1,lack_of_fusion,401,융합불량,polygon,True,55d4a81c6f77138e12a9efb0318427bfcbb0fe35ae51705070828d1a6ad1d951,grp_AL_a4455f7ec20e,1,AL|lack_of_fusion,eval,,,,none,,none,,aihub-mock-v1,1,MOCK — 실이미지 없음. 스키마 검증·선행 개발 전용
aihub71761:data/raw/aihub71761/RT/AL/w00116_f0.png,aihub71761,data/raw/aihub71761/RT/AL/w00116_f0.png,a4a38567d34b0819c501861ef5bac7c6a74089b5d367e91748c4acfbcd8c8078,1280,720,RT,AL,True,1,porosity,2011,기공,polygon,True,0566cf6d561b17517da3d7b76698a0b8324188c1b2bd223054bfaee3e2e549f2,grp_AL_1ca44bb3e02e,3,AL|porosity,eval,,,,none,,none,,aihub-mock-v1,1,MOCK — 실이미지 없음. 스키마 검증·선행 개발 전용
aihub71761:data/raw/aihub71761/RT/ST/w00602_f0.png,aihub71761,data/raw/aihub71761/RT/ST/w00602_f0.png,a4e9807696d61ad5c8e4ba13819daee978c70c7b371212a1d39e87929abe31b9,1280,720,RT,ST,True,1,porosity,2011,기공,polygon,True,ae92a166ba2b1435a19782027dd44b766a1f0d576e2700b22a92c45c71226c07,grp_ST_a4e9807696d6,1,ST|porosity,train,C1,,,none,,none,,aihub-mock-v1,1,MOCK — 실이미지 없음. 스키마 검증·선행 개발 전용
aihub71761:data/raw/aihub71761/RT/ST/w00234_f0.png,aihub71761,data/raw/aihub71761/RT/ST/w00234_f0.png,a5076ef61dd0cf436f8a9c2f72327ff63908ae54cacfdef90e50ee5e91f9933b,1280,720,RT,ST,False,0,,,,polygon,True,d5502896d3a80795ffb50fee22be1d86e147c40377bfaa386bd62595a5795d08,grp_ST_a5076ef61dd0,1,ST|__normal__,train,C2,,,none,,none,,aihub-mock-v1,1,MOCK — 실이미지 없음. 스키마 검증·선행 개발 전용
aihub71761:data/raw/aihub71761/RT/ST/w00071_f0.png,aihub71761,data/raw/aihub71761/RT/ST/w00071_f0.png,a5850318ca392e6f67815ad4b07ced1bb55d8f4be23cdef868ca153bdf1d56f5,1280,720,RT,ST,False,0,,,,polygon,True,083efc1b2d172bc288033d4cb916bda17d3b735af986ac20b9eb934b8a9f244e,grp_ST_2438fd20a41d,4,ST|__normal__,train,C1,,,none,,none,,aihub-mock-v1,1,MOCK — 실이미지 없음. 스키마 검증·선행 개발 전용
aihub71761:data/raw/aihub71761/RT/ST/w00483_f0.png,aihub71761,data/raw/aihub71761/RT/ST/w00483_f0.png,a592dc66687cf66638bda40f7a181c8160ccf2093ab2009c83b69d94de82f499,1280,720,RT,ST,True,1,porosity,2011,기공,polygon,True,9eee42ba4369dff3458826bbb74c093fa59de2395eb3fbd57fa947e9206e6dcd,grp_ST_a592dc66687c,1,ST|porosity,train,C1,,,none,,none,,aihub-mock-v1,1,MOCK — 실이미지 없음. 스키마 검증·선행 개발 전용
aihub71761:data/raw/aihub71761/RT/ST/w00048_f0.png,aihub71761,data/raw/aihub71761/RT/ST/w00048_f0.png,a5dac62f9a312ffd699e83337b1aea1a72b74b8815528a5bb2c999f53c93e2a8,1280,720,RT,ST,False,0,,,,polygon,True,e27990e32c9bd0df9c43f9d2978773cd4e0c470b4ec7814df7055057629b84df,grp_ST_a5dac62f9a31,1,ST|__normal__,eval,,,,none,,none,,aihub-mock-v1,1,MOCK — 실이미지 없음. 스키마 검증·선행 개발 전용
aihub71761:data/raw/aihub71761/RT/ST/w00165_f0.png,aihub71761,data/raw/aihub71761/RT/ST/w00165_f0.png,a5de46c2ed0352ef5217e84f543ba40336591cafbf43f3799de625a6ccc06f63,1280,720,RT,ST,False,0,,,,polygon,True,d96449d8806a70fba8054d12d34180ca07e44d8a2cd2659e2c4df531a5a5e03b,grp_ST_a5de46c2ed03,1,ST|__normal__,train,C2,,,none,,none,,aihub-mock-v1,1,MOCK — 실이미지 없음. 스키마 검증·선행 개발 전용
aihub71761:data/raw/aihub71761/RT/AL/w00058_f0.png,aihub71761,data/raw/aihub71761/RT/AL/w00058_f0.png,a62cca9e0c3ea9bb5520022490dcf87da9a1b008b38b7ca2e8ffd18548d9fe50,1280,720,RT,AL,False,0,,,,polygon,True,3305d15ff287b7ec146ad759db60aeffad749fa3ca8ec273b6a76d9273b71b4e,grp_AL_a62cca9e0c3e,1,AL|__normal__,eval,,,,none,,none,,aihub-mock-v1,1,MOCK — 실이미지 없음. 스키마 검증·선행 개발 전용
aihub71761:data/raw/aihub71761/RT/ST/w00071_f1.png,aihub71761,data/raw/aihub71761/RT/ST/w00071_f1.png,a6638a3716cab8b415c3223cbd81291353ffa6cfd4e39fe5a7d0246f1f9a1262,1280,720,RT,ST,False,0,,,,polygon,True,083efc1b2d172bc288033d4cb916bda17d3b735af986ac20b9eb934b8a9f244e,grp_ST_2438fd20a41d,4,ST|__normal__,train,C1,,,none,,none,,aihub-mock-v1,1,MOCK — 실이미지 없음. 스키마 검증·선행 개발 전용
aihub71761:data/raw/aihub71761/RT/AL/w00009_f0.png,aihub71761,data/raw/aihub71761/RT/AL/w00009_f0.png,a70ef7d6e4128494a7c0273bbd36869cb5f022fff15c3253f806ad398dee74ce,1280,720,RT,AL,False,0,,,,polygon,True,e89612acf0969ff93a534addbcd774b9101be2dfccafe04af74fba6518a4f37a,grp_AL_a70ef7d6e412,1,AL|__normal__,train,C3,,,none,,none,,aihub-mock-v1,1,MOCK — 실이미지 없음. 스키마 검증·선행 개발 전용
aihub71761:data/raw/aihub71761/RT/ST/w00589_f0.png,aihub71761,data/raw/aihub71761/RT/ST/w00589_f0.png,a717ba3966dab490fefe890a05ec025083336ae9c8b9290cd4eae6810e6095ae,1280,720,RT,ST,False,0,,,,polygon,True,37f65dccbd62ee8635d7bdd94c820c7e06b37fb08f4172e413c35ffbbafc5108,grp_ST_a717ba3966da,1,ST|__normal__,val,C1,,,none,,none,,aihub-mock-v1,1,MOCK — 실이미지 없음. 스키마 검증·선행 개발 전용
aihub71761:data/raw/aihub71761/RT/AL/w00073_f0.png,aihub71761,data/raw/aihub71761/RT/AL/w00073_f0.png,a76407df4b81f711298c630a1cdfc5ea0fbfc8f74b26ed4f9a5fb21b65e1a9cf,1280,720,RT,AL,False,0,,,,polygon,True,5333db07a0c8bba0d7942e32cf6ab26a9697b7fb7310511466f70e595e4ac958,grp_AL_83a145eeb2a4,2,AL|__normal__,train,C3,,,none,,none,,aihub-mock-v1,1,MOCK — 실이미지 없음. 스키마 검증·선행 개발 전용
aihub71761:data/raw/aihub71761/RT/ST/w00552_f0.png,aihub71761,data/raw/aihub71761/RT/ST/w00552_f0.png,a771ae3e5d68b34bb5d420af04a1262da998638c96fb3678ae8a9e15ad26fcbf,1280,720,RT,ST,False,0,,,,polygon,True,2ff32faf7d42b6a5ed25740a8794e1956fdce15360f7f0a6e032a8fd27a1f204,grp_ST_33fc4517df3c,3,ST|__normal__,train,C2,,,none,,none,,aihub-mock-v1,1,MOCK — 실이미지 없음. 스키마 검증·선행 개발 전용
aihub71761:data/raw/aihub71761/RT/ST/w00387_f0.png,aihub71761,data/raw/aihub71761/RT/ST/w00387_f0.png,a7d0c8bb55bb07e231b760a981ee9b9b2ab6cb7666e02943ca3951bb97991fa5,1280,720,RT,ST,True,1,porosity,2011,기공,polygon,True,a4cc918847d476319cefe29b45e18c2d6b4a5cb3bf2643de552bcafa520bb638,grp_ST_a7d0c8bb55bb,1,ST|porosity,val,C1,,,none,,none,,aihub-mock-v1,1,MOCK — 실이미지 없음. 스키마 검증·선행 개발 전용
aihub71761:data/raw/aihub71761/RT/ST/w00317_f2.png,aihub71761,data/raw/aihub71761/RT/ST/w00317_f2.png,a7fd7d1af3a4ed616692b1dd8b246b10d33e8a0242ae49b90625c77b794ce627,1280,720,RT,ST,False,0,,,,polygon,True,16a38b5d6019bc55f41f18d7adf32d20598c33352aa8874a22d62b7e8221c06f,grp_ST_05270596ca8b,4,ST|__normal__,eval,,,,none,,none,,aihub-mock-v1,1,MOCK — 실이미지 없음. 스키마 검증·선행 개발 전용
aihub71761:data/raw/aihub71761/RT/ST/w00533_f0.png,aihub71761,data/raw/aihub71761/RT/ST/w00533_f0.png,a800e7ecbd346c3aefd0d479a0f9ce7451d7eeb45e697081354ae343f8cb44da,1280,720,RT,ST,False,0,,,,polygon,True,81c6ca434dbb334962f482cc817ca11952cb0462f02f00af819aefd060f4bb9d,grp_ST_a800e7ecbd34,1,ST|__normal__,train,C2,,,none,,none,,aihub-mock-v1,1,MOCK — 실이미지 없음. 스키마 검증·선행 개발 전용
aihub71761:data/raw/aihub71761/RT/ST/w00398_f3.png,aihub71761,data/raw/aihub71761/RT/ST/w00398_f3.png,a85eeaac0ce1609019e6a916e54d5812a3b8c9bbc769defd95efc4c489554af0,1280,720,RT,ST,True,1,porosity,2011,기공,polygon,True,a7538e699974a15f9c5dded700113ec7820aab33fe021b6d386b67303218beab,grp_ST_2609e61df8aa,4,ST|porosity,eval,,,,none,,none,,aihub-mock-v1,1,MOCK — 실이미지 없음. 스키마 검증·선행 개발 전용
aihub71761:data/raw/aihub71761/RT/ST/w00052_f1.png,aihub71761,data/raw/aihub71761/RT/ST/w00052_f1.png,a875716fcbbb599b564cee9feb317a75287319f354897ff20c2a5b0e39770336,1280,720,RT,ST,True,1,porosity,2011,기공,polygon,True,264823f093286231b9bf161d1cc2945a9fc98a4c10e6dcfd7d5603e531a9a3a6,grp_ST_a875716fcbbb,2,ST|porosity,train,C1,,,none,,none,,aihub-mock-v1,1,MOCK — 실이미지 없음. 스키마 검증·선행 개발 전용
aihub71761:data/raw/aihub71761/RT/ST/w00147_f0.png,aihub71761,data/raw/aihub71761/RT/ST/w00147_f0.png,a893f63adeec63929ae7ad2e0f8d5ef1e1e26fedb4aea7a9cfb5f9a0f5233a1e,1280,720,RT,ST,False,0,,,,polygon,True,d8a6751e2a6ea2f96a23b3c3fd3e78428d47605458807c55174f1e8c570a2954,grp_ST_6cc5d84c45fb,2,ST|__normal__,train,C2,,,none,,none,,aihub-mock-v1,1,MOCK — 실이미지 없음. 스키마 검증·선행 개발 전용
aihub71761:data/raw/aihub71761/RT/ST/w00495_f0.png,aihub71761,data/raw/aihub71761/RT/ST/w00495_f0.png,a8ce76d5faa4039862fc6f99e2d22c9a1169cf6fa50667034218a7192dd95b5f,1280,720,RT,ST,True,1,porosity,2011,기공,polygon,True,9e5db5dbf4a6ffe4b40e3d059165537d1c34939d22f40fb3e9b9360ba4f07167,grp_ST_a8ce76d5faa4,1,ST|porosity,val,C1,,,none,,none,,aihub-mock-v1,1,MOCK — 실이미지 없음. 스키마 검증·선행 개발 전용
aihub71761:data/raw/aihub71761/RT/ST/w00538_f0.png,aihub71761,data/raw/aihub71761/RT/ST/w00538_f0.png,a93debbcd75a1ed0ac764083d56f7dfbc2cb485fb150763c5a060b9140c6d031,1280,720,RT,ST,False,0,,,,polygon,True,61443be92b657c807d64aff27796c6a2a96541962008180db70dece5220971ec,grp_ST_a93debbcd75a,1,ST|__normal__,train,C2,,,none,,none,,aihub-mock-v1,1,MOCK — 실이미지 없음. 스키마 검증·선행 개발 전용
aihub71761:data/raw/aihub71761/RT/ST/w00349_f0.png,aihub71761,data/raw/aihub71761/RT/ST/w00349_f0.png,a94b20862fd9193466be178edf7fbc44f0ea4414c79790fb1a290c2da09785e2,1280,720,RT,ST,True,1,crack,100,균열,polygon,True,99bd87b668ff30cddb8acb33aec8cc02c9f637aba3f00fbc52ac8476db914da6,grp_ST_a94b20862fd9,1,ST|crack,train,C1,,,none,,none,,aihub-mock-v1,1,MOCK — 실이미지 없음. 스키마 검증·선행 개발 전용
aihub71761:data/raw/aihub71761/RT/AL/w00068_f0.png,aihub71761,data/raw/aihub71761/RT/AL/w00068_f0.png,a95d013b544147593dab77c528c47c520f52b3b12a475eedc0a3e26f8e612cbd,1280,720,RT,AL,False,0,,,,polygon,True,ca1c241a332ff78cfd689df3e75b973f8e2048c06e269b56e4853f9ebd513c9d,grp_AL_a95d013b5441,1,AL|__normal__,train,C3,,,none,,none,,aihub-mock-v1,1,MOCK — 실이미지 없음. 스키마 검증·선행 개발 전용
aihub71761:data/raw/aihub71761/RT/ST/w00029_f2.png,aihub71761,data/raw/aihub71761/RT/ST/w00029_f2.png,a98f955c28575b173a30fd4f104c86c878ff21e80580b1e2508240b50f824457,1280,720,RT,ST,False,0,,,,polygon,True,eb7b78487b08b986d69477c4d84eefd3515e2d794d87a51e8da56fa191bf0590,grp_ST_3a813dd444d6,4,ST|__normal__,train,C1,,,none,,none,,aihub-mock-v1,1,MOCK — 실이미지 없음. 스키마 검증·선행 개발 전용
aihub71761:data/raw/aihub71761/RT/ST/w00346_f0.png,aihub71761,data/raw/aihub71761/RT/ST/w00346_f0.png,a9c842ed336a45566049e9d05e0944d9e82f613e1677f45be7e8123b8aacf58e,1280,720,RT,ST,False,0,,,,polygon,True,70daa62f9cbb3d46705f92a667af9149e379d6cf73847670e44f95f74f7d9644,grp_ST_538675f80488,3,ST|__normal__,eval,,,,none,,none,,aihub-mock-v1,1,MOCK — 실이미지 없음. 스키마 검증·선행 개발 전용
aihub71761:data/raw/aihub71761/RT/ST/w00211_f0.png,aihub71761,data/raw/aihub71761/RT/ST/w00211_f0.png,aa13fc18dec83b6364fc5cb6334836891935ec9aa429e77281a0cd9756ec479a,1280,720,RT,ST,False,0,,,,polygon,True,78cbd8680d49b23e07b88bf86836a1b4b5937c1311cdd568f89e2e8fab84af60,grp_ST_aa13fc18dec8,1,ST|__normal__,train,C2,,,none,,none,,aihub-mock-v1,1,MOCK — 실이미지 없음. 스키마 검증·선행 개발 전용
aihub71761:data/raw/aihub71761/RT/ST/w00585_f0.png,aihub71761,data/raw/aihub71761/RT/ST/w00585_f0.png,aaa620184d2ecf24bd1adeb222cfce970ff4336e6fffc057a5f273b863034258,1280,720,RT,ST,False,0,,,,polygon,True,5f99c3246ca5ff5d476629984f2c1d865229c924ea72da484dc2da25529ca574,grp_ST_aaa620184d2e,1,ST|__normal__,train,C2,,,none,,none,,aihub-mock-v1,1,MOCK — 실이미지 없음. 스키마 검증·선행 개발 전용
aihub71761:data/raw/aihub71761/RT/ST/w00215_f0.png,aihub71761,data/raw/aihub71761/RT/ST/w00215_f0.png,aac0a0b986335b0f1c10c3417791bfa7c7f9b32cda81a50b2acd6da1e6204df7,1280,720,RT,ST,False,0,,,,polygon,True,516bf5a1747c47a92c2871ba2c7401156303f53095335dd1cd52ac80373320eb,grp_ST_aac0a0b98633,1,ST|__normal__,eval,,,,none,,none,,aihub-mock-v1,1,MOCK — 실이미지 없음. 스키마 검증·선행 개발 전용
aihub71761:data/raw/aihub71761/RT/ST/w00127_f0.png,aihub71761,data/raw/aihub71761/RT/ST/w00127_f0.png,aaf59e332aeb072dc73d56012a40859cffa39f3ae699b419a64d8b2c99165308,1280,720,RT,ST,True,1,porosity,2011,기공,polygon,True,244ccd11431e7cae0561d7fd8e03f9fc39cf23e80e7c59a616c14fc5259e6283,grp_ST_aaf59e332aeb,1,ST|porosity,train,C1,,,none,,none,,aihub-mock-v1,1,MOCK — 실이미지 없음. 스키마 검증·선행 개발 전용
aihub71761:data/raw/aihub71761/RT/ST/w00542_f1.png,aihub71761,data/raw/aihub71761/RT/ST/w00542_f1.png,ab15726102dd5100c018e727b535991249c2fd5fb5cc5979179660e4cef93ef4,1280,720,RT,ST,True,1,porosity,2011,기공,polygon,True,9463bd5618709b67eca198d890292c4809879a9ed9beef11ed72568987e2c859,grp_ST_2085a5b5cf3d,2,ST|porosity,train,C1,,,none,,none,,aihub-mock-v1,1,MOCK — 실이미지 없음. 스키마 검증·선행 개발 전용
aihub71761:data/raw/aihub71761/RT/ST/w00229_f2.png,aihub71761,data/raw/aihub71761/RT/ST/w00229_f2.png,ab38030d80909df8565fe768a6fc5a7a09ee55202cf42747e18591e510dd39c5,1280,720,RT,ST,True,1,lack_of_fusion,401,융합불량,polygon,True,f688323d8829fa5422e16c797f0004a83b9b4f9f72bad8c08540cf3e9f61e570,grp_ST_101793266061,4,ST|lack_of_fusion,eval,,,,none,,none,,aihub-mock-v1,1,MOCK — 실이미지 없음. 스키마 검증·선행 개발 전용
aihub71761:data/raw/aihub71761/RT/ST/w00444_f0.png,aihub71761,data/raw/aihub71761/RT/ST/w00444_f0.png,ab6489e6c08cbe800460980ee662b85ac0cab9f6772b016832b55b2530af54f8,1280,720,RT,ST,True,1,porosity,2011,기공,polygon,True,8dde303e157003a54e38120cb0c5fc9a100879c102a2b79a999345c9636949d0,grp_ST_ab6489e6c08c,1,ST|porosity,train,C1,,,none,,none,,aihub-mock-v1,1,MOCK — 실이미지 없음. 스키마 검증·선행 개발 전용
aihub71761:data/raw/aihub71761/RT/AL/w00014_f0.png,aihub71761,data/raw/aihub71761/RT/AL/w00014_f0.png,ab746048866eb0e5b4baf7be5aeb4152636aad7660e6b088f822dcc2e472c4ec,1280,720,RT,AL,True,1,slag_inclusion,301,슬래그혼입,polygon,True,91e001f4f6d44100241b5f5e57e552c5183b8c5f7d1cff6dc630e55f53ed6079,grp_AL_ab746048866e,1,AL|slag_inclusion,train,C3,,,none,,none,,aihub-mock-v1,1,MOCK — 실이미지 없음. 스키마 검증·선행 개발 전용
aihub71761:data/raw/aihub71761/RT/ST/w00052_f0.png,aihub71761,data/raw/aihub71761/RT/ST/w00052_f0.png,ab95c71ddad9841377082168070dbe3d2d211e661827476f0e395434150b9e9a,1280,720,RT,ST,True,1,porosity,2011,기공,polygon,True,264823f093286231b9bf161d1cc2945a9fc98a4c10e6dcfd7d5603e531a9a3a6,grp_ST_a875716fcbbb,2,ST|porosity,train,C1,,,none,,none,,aihub-mock-v1,1,MOCK — 실이미지 없음. 스키마 검증·선행 개발 전용
aihub71761:data/raw/aihub71761/RT/ST/w00511_f0.png,aihub71761,data/raw/aihub71761/RT/ST/w00511_f0.png,aba3685000d61b5a39bdd0881775b2475a4c236f51c3c4733d86df6017700074,1280,720,RT,ST,False,0,,,,polygon,True,538388341d35f64c2f5503b55710ad3b9cdb6093ce247c65ecaac8bb1fa8c073,grp_ST_aba3685000d6,1,ST|__normal__,train,C1,,,none,,none,,aihub-mock-v1,1,MOCK — 실이미지 없음. 스키마 검증·선행 개발 전용
aihub71761:data/raw/aihub71761/RT/ST/w00197_f0.png,aihub71761,data/raw/aihub71761/RT/ST/w00197_f0.png,abb2037add11713a77306435e6bd86adaea89b3f57566c63b85ba5ac3e0a5ccc,1280,720,RT,ST,True,1,porosity,2011,기공,polygon,True,3760d60c40765c6544708be12c21576dc6dc26af51c8e250fc550557347a4dc3,grp_ST_885267646669,2,ST|porosity,eval,,,,none,,none,,aihub-mock-v1,1,MOCK — 실이미지 없음. 스키마 검증·선행 개발 전용
aihub71761:data/raw/aihub71761/RT/AL/w00043_f2.png,aihub71761,data/raw/aihub71761/RT/AL/w00043_f2.png,ad0cc9200d5e2f5c4eb5b00f2db445bbac45a0e39f035f3db39dfedecc50c0f4,1280,720,RT,AL,False,0,,,,polygon,True,f4e6570fe9c8a719852fe3951948b87cbb7107f233ce52130b46186eb5a4c74b,grp_AL_5d6f54754793,4,AL|__normal__,train,C3,,,none,,none,,aihub-mock-v1,1,MOCK — 실이미지 없음. 스키마 검증·선행 개발 전용
aihub71761:data/raw/aihub71761/RT/ST/w00341_f2.png,aihub71761,data/raw/aihub71761/RT/ST/w00341_f2.png,ad7484fe76a4164550dd9f579b2a0d6d486e86abd8f157faea6c011d0ce9f945,1280,720,RT,ST,True,2,lack_of_fusion;porosity,2011;401,기공;융합불량,polygon,True,19366fadd1816c400fc55c028ddc71778e632295592bd1a843f4db863010379c,grp_ST_43d12de2d6af,4,ST|lack_of_fusion,val,C1,,,none,,none,,aihub-mock-v1,1,MOCK — 실이미지 없음. 스키마 검증·선행 개발 전용
aihub71761:data/raw/aihub71761/RT/ST/w00321_f2.png,aihub71761,data/raw/aihub71761/RT/ST/w00321_f2.png,ada61692a52c5a0ed109c8ebfbb8f0d2975bdc077d232ed52f80ffa410cad84e,1280,720,RT,ST,True,1,porosity,2011,기공,polygon,True,3fa2ac107b160f72fd563cca39eb68c16005aac816c3e018fadb8d71fb42a34a,grp_ST_5e78719a76fd,3,ST|porosity,train,C1,,,none,,none,,aihub-mock-v1,1,MOCK — 실이미지 없음. 스키마 검증·선행 개발 전용
aihub71761:data/raw/aihub71761/RT/ST/w00471_f0.png,aihub71761,data/raw/aihub71761/RT/ST/w00471_f0.png,add65cd35406f81d88c432095b8c4f75646315bff938c3a2d7f62b5a45c25888,1280,720,RT,ST,True,1,porosity,2011,기공,polygon,True,05e8bc0df563323828cf2ee790786092e570fd648b3d6b4bfcf5502c3fbdaf29,grp_ST_add65cd35406,1,ST|porosity,eval,,,,none,,none,,aihub-mock-v1,1,MOCK — 실이미지 없음. 스키마 검증·선행 개발 전용
aihub71761:data/raw/aihub71761/RT/ST/w00409_f0.png,aihub71761,data/raw/aihub71761/RT/ST/w00409_f0.png,ae12d1e2989d765aacd2c49928f8b4d146bffb5ed7dcdd74843db1f0fe1a925c,1280,720,RT,ST,True,1,porosity,2011,기공,polygon,True,a9593b7319f18c08ce0852086a8c25407bfef68ddace6252d7b098fb9b8ab5cf,grp_ST_ae12d1e2989d,1,ST|porosity,train,C1,,,none,,none,,aihub-mock-v1,1,MOCK — 실이미지 없음. 스키마 검증·선행 개발 전용
aihub71761:data/raw/aihub71761/RT/ST/w00173_f0.png,aihub71761,data/raw/aihub71761/RT/ST/w00173_f0.png,ae27a53032af4f9abc1c482212140f446c1798ea4df6af84bd77dbcc5ba76e28,1280,720,RT,ST,False,0,,,,polygon,True,b44cb8a1a6f3677c0e24ebd23430184de5a03dc5d1e042960b803d38ddfe9664,grp_ST_ae27a53032af,1,ST|__normal__,train,C1,,,none,,none,,aihub-mock-v1,1,MOCK — 실이미지 없음. 스키마 검증·선행 개발 전용
aihub71761:data/raw/aihub71761/RT/ST/w00317_f1.png,aihub71761,data/raw/aihub71761/RT/ST/w00317_f1.png,ae47e4c1933617f42b96c23c340632471c2dc3a59ae2abc136fa8dc968600628,1280,720,RT,ST,False,0,,,,polygon,True,16a38b5d6019bc55f41f18d7adf32d20598c33352aa8874a22d62b7e8221c06f,grp_ST_05270596ca8b,4,ST|__normal__,eval,,,,none,,none,,aihub-mock-v1,1,MOCK — 실이미지 없음. 스키마 검증·선행 개발 전용
aihub71761:data/raw/aihub71761/RT/ST/w00195_f0.png,aihub71761,data/raw/aihub71761/RT/ST/w00195_f0.png,ae6755d6645bce2de3e13252b9c77d8c1e40a5e44e90a4bf29fec99e11a25d3e,1280,720,RT,ST,True,1,porosity,2011,기공,polygon,True,6e0ae10ff7b73cba733525f2872bd1b676b7bfc7c0a2b84c9967a884450ae0ba,grp_ST_ae6755d6645b,1,ST|porosity,train,C1,,,none,,none,,aihub-mock-v1,1,MOCK — 실이미지 없음. 스키마 검증·선행 개발 전용
aihub71761:data/raw/aihub71761/RT/ST/w00125_f1.png,aihub71761,data/raw/aihub71761/RT/ST/w00125_f1.png,aea64870411277af56f08eb0db21d1b4df877f3daf55012a9b7f569ae25da3c4,1280,720,RT,ST,True,1,porosity,2011,기공,polygon,True,538a44681f964d64f67b6431d2116555c6679a0dd3df9421d4d4ab253d3edbf9,grp_ST_0b70f8de01e4,2,ST|porosity,train,C1,,,none,,none,,aihub-mock-v1,1,MOCK — 실이미지 없음. 스키마 검증·선행 개발 전용
aihub71761:data/raw/aihub71761/RT/ST/w00503_f0.png,aihub71761,data/raw/aihub71761/RT/ST/w00503_f0.png,aee8c03d7ae8c361f7915026f297412f70d52074000b7ef5f6171782e77d1b4d,1280,720,RT,ST,False,0,,,,polygon,True,053c3e1ec0ea0221feaedfa28462a46cefa83cdf92d13d0d41d8d2587aa85572,grp_ST_aee8c03d7ae8,1,ST|__normal__,train,C1,,,none,,none,,aihub-mock-v1,1,MOCK — 실이미지 없음. 스키마 검증·선행 개발 전용
aihub71761:data/raw/aihub71761/RT/ST/w00146_f0.png,aihub71761,data/raw/aihub71761/RT/ST/w00146_f0.png,aeed3d7eeff96825b3927e74f211848234588eb405119aed01091eeab16546b1,1280,720,RT,ST,False,0,,,,polygon,True,40b171faa617ce8b9d057e3957b1a016ee816a4b81227f636d8a2bfb93756463,grp_ST_aeed3d7eeff9,1,ST|__normal__,train,C1,,,none,,none,,aihub-mock-v1,1,MOCK — 실이미지 없음. 스키마 검증·선행 개발 전용
aihub71761:data/raw/aihub71761/RT/ST/w00098_f1.png,aihub71761,data/raw/aihub71761/RT/ST/w00098_f1.png,af36c5a2018e02eb2a10e4d5f604df2381b9b51e425129f172f20d920cbbb040,1280,720,RT,ST,True,1,porosity,2011,기공,polygon,True,3a298d91aa1e6ec2fd872f4b6b3443cbfdb25354d083b3cc6482437b4aa191e6,grp_ST_34f6be041ab1,4,ST|porosity,eval,,,,none,,none,,aihub-mock-v1,1,MOCK — 실이미지 없음. 스키마 검증·선행 개발 전용
aihub71761:data/raw/aihub71761/RT/ST/w00150_f3.png,aihub71761,data/raw/aihub71761/RT/ST/w00150_f3.png,afacc4ff92edaf3c3f783170fdd7376a8c8335103bee60bbe81af41cd761e847,1280,720,RT,ST,False,0,,,,polygon,True,5346042475942ae9d9e43d0ffb795b0f00ac9aede36ad9dd0ac9eedcd19b1e50,grp_ST_21240fbbed36,4,ST|__normal__,eval,,judgment_2000,,none,,none,,aihub-mock-v1,1,MOCK — 실이미지 없음. 스키마 검증·선행 개발 전용
aihub71761:data/raw/aihub71761/RT/ST/w00183_f1.png,aihub71761,data/raw/aihub71761/RT/ST/w00183_f1.png,afb3ca9bc378c348255fc840ffd851bc4626b28a25c0144c49e95b1ea74765a3,1280,720,RT,ST,False,0,,,,polygon,True,9089c42a5098f210038ece0fb91bc6c201c3bdacac6be4103c2e9517b69699b0,grp_ST_31d12ccd2c89,2,ST|__normal__,train,C1,,,none,,none,,aihub-mock-v1,1,MOCK — 실이미지 없음. 스키마 검증·선행 개발 전용
aihub71761:data/raw/aihub71761/RT/AL/w00048_f0.png,aihub71761,data/raw/aihub71761/RT/AL/w00048_f0.png,afb4d8b5b5069230cd387bffefa32af1e9bcb6dcc4b6705ce6bac199da09faf8,1280,720,RT,AL,False,0,,,,polygon,True,a959c7442898b5b55ad6a38841e273db3596767e237fa7cdcd8d29e927d1df8f,grp_AL_afb4d8b5b506,1,AL|__normal__,train,C3,,,none,,none,,aihub-mock-v1,1,MOCK — 실이미지 없음. 스키마 검증·선행 개발 전용
aihub71761:data/raw/aihub71761/RT/ST/w00095_f0.png,aihub71761,data/raw/aihub71761/RT/ST/w00095_f0.png,afede5efcb3ef8e47ad72d21cfb7dd78ab05c71c128a589ba41b979a36cc2601,1280,720,RT,ST,False,0,,,,polygon,True,7c783446967ae508a668dbfd755e93eb270946f09871d37745c27fd05ebcaedf,grp_ST_7a00ec2c8331,3,ST|__normal__,train,C2,,,none,,none,,aihub-mock-v1,1,MOCK — 실이미지 없음. 스키마 검증·선행 개발 전용
aihub71761:data/raw/aihub71761/RT/ST/w00006_f0.png,aihub71761,data/raw/aihub71761/RT/ST/w00006_f0.png,b00c863299772313dfa87d4d16c22ed46908fb05e7cad159f3eacf9533d41eaa,1280,720,RT,ST,False,0,,,,polygon,True,4eb47c401042b0af72dabc11e1d865758424c97267a8ed4fd3dd24914ff83d78,grp_ST_b00c86329977,1,ST|__normal__,train,C1,,,none,,none,,aihub-mock-v1,1,MOCK — 실이미지 없음. 스키마 검증·선행 개발 전용
aihub71761:data/raw/aihub71761/RT/ST/w00448_f0.png,aihub71761,data/raw/aihub71761/RT/ST/w00448_f0.png,b04538e92b4c7e3db7be24e5f0aabd80cd70d50964d9d090ff6b9fb21fbe2c7b,1280,720,RT,ST,True,1,porosity,2011,기공,polygon,True,f1a8b4263e32cc41f003b0dcb2fd52a3600b195fec0afcfbe8173ba6d3f75304,grp_ST_b04538e92b4c,1,ST|porosity,train,C1,,,none,,none,,aihub-mock-v1,1,MOCK — 실이미지 없음. 스키마 검증·선행 개발 전용
aihub71761:data/raw/aihub71761/RT/ST/w00018_f0.png,aihub71761,data/raw/aihub71761/RT/ST/w00018_f0.png,b0bffb3607470dfde9bc480b8cbb61dfd8375928a8b2326adf4eb8f74d5a2820,1280,720,RT,ST,False,0,,,,polygon,True,1a24824018d753b93abd38774f1fab42b81968a5f10d4d86ac9ceda933294437,grp_ST_b0bffb360747,1,ST|__normal__,train,C1,,,none,,none,,aihub-mock-v1,1,MOCK — 실이미지 없음. 스키마 검증·선행 개발 전용
aihub71761:data/raw/aihub71761/RT/ST/w00537_f0.png,aihub71761,data/raw/aihub71761/RT/ST/w00537_f0.png,b0e8aa8190c806fb7686ab9575f4913fe37360355c305c9aa91952ff44399045,1280,720,RT,ST,False,0,,,,polygon,True,831c1f5d484030e7d7c8e3a3b3184e7a6142e9a4b5d39b29108b71c405fff6b2,grp_ST_b0e8aa8190c8,1,ST|__normal__,train,C2,,,none,,none,,aihub-mock-v1,1,MOCK — 실이미지 없음. 스키마 검증·선행 개발 전용
aihub71761:data/raw/aihub71761/RT/ST/w00532_f1.png,aihub71761,data/raw/aihub71761/RT/ST/w00532_f1.png,b11e926875b02b4985136cedb6c1688ac7ceaf9bc7629984de8abf85328127cb,1280,720,RT,ST,False,0,,,,polygon,True,6ec27bf9e69ab2997c794098924c94bfe5ff1d31f54bba0dab7043218b577228,grp_ST_1171d3f43764,3,ST|__normal__,train,C1,,,none,,none,,aihub-mock-v1,1,MOCK — 실이미지 없음. 스키마 검증·선행 개발 전용
aihub71761:data/raw/aihub71761/RT/ST/w00496_f0.png,aihub71761,data/raw/aihub71761/RT/ST/w00496_f0.png,b140c698f0a33114de86e1d0662b8b85a0ced4a2e02d0847e195356d3ab64257,1280,720,RT,ST,True,1,porosity,2011,기공,polygon,True,c9c3f000fc4fea3d35bd65c6cc5c8e0c1f7b26d176582a59ec6749a6b78b639d,grp_ST_b140c698f0a3,1,ST|porosity,train,C1,,,none,,none,,aihub-mock-v1,1,MOCK — 실이미지 없음. 스키마 검증·선행 개발 전용
aihub71761:data/raw/aihub71761/RT/ST/w00516_f0.png,aihub71761,data/raw/aihub71761/RT/ST/w00516_f0.png,b15a874d7a70281a8281107efa291ac2f7d04b77ab3c7796c75f514f24118f35,1280,720,RT,ST,False,0,,,,polygon,True,ba98396bf88c639e2bbade94f8facfd3770a7e1a3901583d75f47c24b7898143,grp_ST_70b8b626de1b,3,ST|__normal__,train,C1,,,none,,none,,aihub-mock-v1,1,MOCK — 실이미지 없음. 스키마 검증·선행 개발 전용
aihub71761:data/raw/aihub71761/RT/AL/w00003_f0.png,aihub71761,data/raw/aihub71761/RT/AL/w00003_f0.png,b17960c3d2898480300de4c04f70eaad2d722d27d61cf3823a7b14fa83e5d606,1280,720,RT,AL,False,0,,,,polygon,True,b415c2e95741bd73eef00e33e3a9e5093bcbe657058d052c4c50bdbcda907fae,grp_AL_b17960c3d289,1,AL|__normal__,train,C3,,,none,,none,,aihub-mock-v1,1,MOCK — 실이미지 없음. 스키마 검증·선행 개발 전용
aihub71761:data/raw/aihub71761/RT/ST/w00484_f0.png,aihub71761,data/raw/aihub71761/RT/ST/w00484_f0.png,b1aada1c4c4b3303f113acc81cdab7a5f87d43f9adfa7e89c3bbffe2d814921b,1280,720,RT,ST,True,1,porosity,2011,기공,polygon,True,0ff7dabd79dbeba7c0f5a580feeb66602e12477811d290d751abb957ee93c3ea,grp_ST_0dd929e47d43,4,ST|porosity,train,C1,,,none,,none,,aihub-mock-v1,1,MOCK — 실이미지 없음. 스키마 검증·선행 개발 전용
aihub71761:data/raw/aihub71761/RT/ST/w00300_f1.png,aihub71761,data/raw/aihub71761/RT/ST/w00300_f1.png,b1d571495316959fa72584c54182e9c3274df1c806ed626b403b450752be4246,1280,720,RT,ST,True,1,porosity,2011,기공,polygon,True,712a038f2f13c45c39da9ed6f2b31bd0e5971c071a5c03540de06b8926508021,grp_ST_8451c2ed73b1,4,ST|porosity,train,C1,,,none,,none,,aihub-mock-v1,1,MOCK — 실이미지 없음. 스키마 검증·선행 개발 전용
aihub71761:data/raw/aihub71761/RT/ST/w00177_f0.png,aihub71761,data/raw/aihub71761/RT/ST/w00177_f0.png,b1e940eaf956478bfa0e6a35b13b8048d017d489df186506a022de5a65d09e3d,1280,720,RT,ST,False,0,,,,polygon,True,32b6ec477401142bcff59f61e52ef60a7921b073e4f4a4ebacee69279256f8c1,grp_ST_b1e940eaf956,1,ST|__normal__,val,C2,,,none,,none,,aihub-mock-v1,1,MOCK — 실이미지 없음. 스키마 검증·선행 개발 전용
aihub71761:data/raw/aihub71761/RT/ST/w00464_f0.png,aihub71761,data/raw/aihub71761/RT/ST/w00464_f0.png,b208d837a3f5d13d4cf785c6edb2004c0e5b52c8b7668ec9f33f115e5af81917,1280,720,RT,ST,False,0,,,,polygon,True,865a77f4ccda1e9bde6018dde4e466787f5997c618912636b30196579b4c1bbf,grp_ST_13cf7887e9ab,2,ST|__normal__,eval,,,,none,,none,,aihub-mock-v1,1,MOCK — 실이미지 없음. 스키마 검증·선행 개발 전용
aihub71761:data/raw/aihub71761/RT/ST/w00149_f2.png,aihub71761,data/raw/aihub71761/RT/ST/w00149_f2.png,b234f4539049472fb7d1c4fa8d44a390f1a5131cb2d6e73edc71bce97f5dde85,1280,720,RT,ST,False,0,,,,polygon,True,1ed27c176e3ce0bbc6bac0b99e6abca19c9f7ecf52b27590fd83dc5222b5c502,grp_ST_0cd829be9e0c,4,ST|__normal__,train,C1,,,none,,none,,aihub-mock-v1,1,MOCK — 실이미지 없음. 스키마 검증·선행 개발 전용
aihub71761:data/raw/aihub71761/RT/ST/w00059_f0.png,aihub71761,data/raw/aihub71761/RT/ST/w00059_f0.png,b2b5de4df847508460a93cb04cb84bf9466b90852a347d185f37753bc5c15a4c,1280,720,RT,ST,False,0,,,,polygon,True,fbd7de51ccaa9b198efb223dc83d60360b2899b7e5391bc112b1129d85c04261,grp_ST_b2b5de4df847,1,ST|__normal__,train,C2,,,none,,none,,aihub-mock-v1,1,MOCK — 실이미지 없음. 스키마 검증·선행 개발 전용
aihub71761:data/raw/aihub71761/RT/ST/w00081_f0.png,aihub71761,data/raw/aihub71761/RT/ST/w00081_f0.png,b365c1df73000c64dd850ae8abc06956684843f345d2d3f6f622e4b73128d2fc,1280,720,RT,ST,False,0,,,,polygon,True,4ef9db41551d69a229d1251191e24e033eae64977a77463d88f766a7bf4a3b8b,grp_ST_b365c1df7300,1,ST|__normal__,train,C2,,,none,,none,,aihub-mock-v1,1,MOCK — 실이미지 없음. 스키마 검증·선행 개발 전용
aihub71761:data/raw/aihub71761/RT/ST/w00029_f1.png,aihub71761,data/raw/aihub71761/RT/ST/w00029_f1.png,b3ba95bed6caea18097d84a04c4549c1d6546a248924bb403d47be702d70c844,1280,720,RT,ST,False,0,,,,polygon,True,eb7b78487b08b986d69477c4d84eefd3515e2d794d87a51e8da56fa191bf0590,grp_ST_3a813dd444d6,4,ST|__normal__,train,C1,,,none,,none,,aihub-mock-v1,1,MOCK — 실이미지 없음. 스키마 검증·선행 개발 전용
aihub71761:data/raw/aihub71761/RT/ST/w00286_f0.png,aihub71761,data/raw/aihub71761/RT/ST/w00286_f0.png,b3c39dc058ec2cb1e1608aa45d292214bd2dd30009a32e8dab3cae6d77afcdaa,1280,720,RT,ST,False,0,,,,polygon,True,b12337c22beed5196dd7db5d176f71788bd69502df3d2b0a763f338ff39957ab,grp_ST_b3c39dc058ec,1,ST|__normal__,train,C1,,,none,,none,,aihub-mock-v1,1,MOCK — 실이미지 없음. 스키마 검증·선행 개발 전용
aihub71761:data/raw/aihub71761/RT/ST/w00346_f1.png,aihub71761,data/raw/aihub71761/RT/ST/w00346_f1.png,b3c5fb18422b3c04439e081da3dbb69f35f2e34dbd9eb1587b6499f8e9edd020,1280,720,RT,ST,False,0,,,,polygon,True,70daa62f9cbb3d46705f92a667af9149e379d6cf73847670e44f95f74f7d9644,grp_ST_538675f80488,3,ST|__normal__,eval,,,,none,,none,,aihub-mock-v1,1,MOCK — 실이미지 없음. 스키마 검증·선행 개발 전용
aihub71761:data/raw/aihub71761/RT/ST/w00166_f0.png,aihub71761,data/raw/aihub71761/RT/ST/w00166_f0.png,b3dd1dd8a9b9d2beb3df7b97a4cdc6606d8399e520634b1b0ee6f9f0abd81968,1280,720,RT,ST,False,0,,,,polygon,True,67f9698a298c2b26b703de4aeeddae5c551e56a54ded9fb0555f55be46d01dc5,grp_ST_b3dd1dd8a9b9,1,ST|__normal__,train,C2,,,none,,none,,aihub-mock-v1,1,MOCK — 실이미지 없음. 스키마 검증·선행 개발 전용
aihub71761:data/raw/aihub71761/RT/AL/w00012_f0.png,aihub71761,data/raw/aihub71761/RT/AL/w00012_f0.png,b3e8f333480c3bebacd615b3ed7844e904c0ab17632b3ece5c36e33a7c1c83ee,1280,720,RT,AL,False,0,,,,polygon,True,631632a83f6383e71c48ebfce2771744b8eaf6ea6bab9b28d3f1a718023b0277,grp_AL_b3e8f333480c,1,AL|__normal__,train,C3,,,none,,none,,aihub-mock-v1,1,MOCK — 실이미지 없음. 스키마 검증·선행 개발 전용
aihub71761:data/raw/aihub71761/RT/ST/w00535_f0.png,aihub71761,data/raw/aihub71761/RT/ST/w00535_f0.png,b419ca23809cc85f6370a88d94c44acb6d36a194e370f0fb11d13c3f82f9ec42,1280,720,RT,ST,True,1,slag_inclusion,301,슬래그혼입,polygon,True,664d2e3db41331f93cedd58ed0cd3322e66c0b8ee9c1ee1cd58a11ec396eb1cd,grp_ST_b419ca23809c,1,ST|slag_inclusion,train,C1,,,none,,none,,aihub-mock-v1,1,MOCK — 실이미지 없음. 스키마 검증·선행 개발 전용
aihub71761:data/raw/aihub71761/RT/ST/w00150_f2.png,aihub71761,data/raw/aihub71761/RT/ST/w00150_f2.png,b41bd7fd0779398f0197331311fea6eec809087431929229c51af72e89d20ed3,1280,720,RT,ST,False,0,,,,polygon,True,5346042475942ae9d9e43d0ffb795b0f00ac9aede36ad9dd0ac9eedcd19b1e50,grp_ST_21240fbbed36,4,ST|__normal__,eval,,judgment_2000,,none,,none,,aihub-mock-v1,1,MOCK — 실이미지 없음. 스키마 검증·선행 개발 전용
aihub71761:data/raw/aihub71761/RT/AL/w00084_f0.png,aihub71761,data/raw/aihub71761/RT/AL/w00084_f0.png,b4657524128cd402b05f015f6ad73a614239d6cf91224e1abe60177554775887,1280,720,RT,AL,False,0,,,,polygon,True,e374f5535d4bc2a7c1248a56daa4607fbad81047bf16535772a9f29c15556a66,grp_AL_b4657524128c,1,AL|__normal__,train,C3,,,none,,none,,aihub-mock-v1,1,MOCK — 실이미지 없음. 스키마 검증·선행 개발 전용
aihub71761:data/raw/aihub71761/RT/ST/w00329_f0.png,aihub71761,data/raw/aihub71761/RT/ST/w00329_f0.png,b47a4c02ac02ba0948f77e27991e59489615caa5815adacc2da66c8f76d48f2a,1280,720,RT,ST,False,0,,,,polygon,True,6964bf7b97ddff734400d249de2b5ec6040c41b11d274d0240b11c1f2f20c78a,grp_ST_66dc07f36d3c,4,ST|__normal__,train,C2,,,none,,none,,aihub-mock-v1,1,MOCK — 실이미지 없음. 스키마 검증·선행 개발 전용
aihub71761:data/raw/aihub71761/RT/ST/w00105_f0.png,aihub71761,data/raw/aihub71761/RT/ST/w00105_f0.png,b48b9498dd7d46db4878adcaa86e9521ce729adac48d68e814958ba0cc485275,1280,720,RT,ST,True,1,porosity,2011,기공,polygon,True,5572ef4aea9bbe92e6bee5c636ed7843527ba97b302c307100bbccc4a2579df0,grp_ST_b48b9498dd7d,1,ST|porosity,train,C1,,,none,,none,,aihub-mock-v1,1,MOCK — 실이미지 없음. 스키마 검증·선행 개발 전용
aihub71761:data/raw/aihub71761/RT/ST/w00499_f0.png,aihub71761,data/raw/aihub71761/RT/ST/w00499_f0.png,b492895a126fc752ad519d073965bf41fa085118d2ecdadea5e2e92ba3925df7,1280,720,RT,ST,True,1,porosity,2011,기공,polygon,True,48ee9d8f6c34b5d904b50249dce145f126487a90e64cfda6f21886061702be1a,grp_ST_b492895a126f,1,ST|porosity,train,C1,,,none,,none,,aihub-mock-v1,1,MOCK — 실이미지 없음. 스키마 검증·선행 개발 전용
aihub71761:data/raw/aihub71761/RT/ST/w00089_f0.png,aihub71761,data/raw/aihub71761/RT/ST/w00089_f0.png,b49793ade52d78361c98d22761491981ac2e2ff692039414dcb7783bff86ca04,1280,720,RT,ST,True,1,porosity,2011,기공,polygon,True,c510d4d987117c1fc7076353b35b3b9f81b13e056b58fa444a2aa5fb5eb884d5,grp_ST_b49793ade52d,1,ST|porosity,eval,,judgment_2000,,none,,none,,aihub-mock-v1,1,MOCK — 실이미지 없음. 스키마 검증·선행 개발 전용
aihub71761:data/raw/aihub71761/RT/AL/w00086_f0.png,aihub71761,data/raw/aihub71761/RT/AL/w00086_f0.png,b54720e044a322b4e80f89b02ee75751b7b719290a3728c2d004da1bd53b60dd,1280,720,RT,AL,True,1,porosity,2011,기공,polygon,True,46f0b7b8f136dd6f49eb50887d9b5fd78931737cb0a2bf15e5b538a5832cd9e3,grp_AL_b54720e044a3,1,AL|porosity,train,C3,,,none,,none,,aihub-mock-v1,1,MOCK — 실이미지 없음. 스키마 검증·선행 개발 전용
aihub71761:data/raw/aihub71761/RT/ST/w00249_f2.png,aihub71761,data/raw/aihub71761/RT/ST/w00249_f2.png,b640503dc6a5fc847ac409eb4f6cf83a2977aa24a266ab500438a39d854e7a65,1280,720,RT,ST,True,1,porosity,2011,기공,polygon,True,9d5fd745cd5e5186fbb79475b6238e78c61d09456ad8bd3665f99207ab964b06,grp_ST_b640503dc6a5,3,ST|porosity,train,C1,,,none,,none,,aihub-mock-v1,1,MOCK — 실이미지 없음. 스키마 검증·선행 개발 전용
aihub71761:data/raw/aihub71761/RT/ST/w00151_f3.png,aihub71761,data/raw/aihub71761/RT/ST/w00151_f3.png,b640f50cf848a2210a35e0e472a2de3dde18be8c52d96e0dcdb97c4131a11d14,1280,720,RT,ST,True,2,porosity;slag_inclusion,2011;301,기공;슬래그혼입,polygon,True,f8ee8ae84e131a332794a40bb875717b5c09856d63e8336f39899093d19a0cdc,grp_ST_0d8968aecc05,4,ST|slag_inclusion,train,C2,,,none,,none,,aihub-mock-v1,1,MOCK — 실이미지 없음. 스키마 검증·선행 개발 전용
aihub71761:data/raw/aihub71761/RT/ST/w00565_f0.png,aihub71761,data/raw/aihub71761/RT/ST/w00565_f0.png,b6d6c2f096952b75852b529af82f095a5b2c5c899b676faad8579d207c63a46c,1280,720,RT,ST,True,2,porosity;slag_inclusion,2011;301,기공;슬래그혼입,polygon,True,5633b40ddae8a9007ed32d538519dab2dfc78d788deeade18ebdb19d9505cb54,grp_ST_b6d6c2f09695,1,ST|slag_inclusion,train,C1,,,none,,none,,aihub-mock-v1,1,MOCK — 실이미지 없음. 스키마 검증·선행 개발 전용
aihub71761:data/raw/aihub71761/RT/ST/w00138_f0.png,aihub71761,data/raw/aihub71761/RT/ST/w00138_f0.png,b6e8f66a0a0e7d4977ed803bfd09fc3ecb36c3f7306c1ad5501f2a0f9fefd309,1280,720,RT,ST,True,1,porosity,2011,기공,polygon,True,e1fe1c7a75c6ec79cbc5d7ee95b29418debae17562c9049def0f6cef3de11474,grp_ST_b6e8f66a0a0e,1,ST|porosity,train,C1,,,none,,none,,aihub-mock-v1,1,MOCK — 실이미지 없음. 스키마 검증·선행 개발 전용
aihub71761:data/raw/aihub71761/RT/ST/w00330_f0.png,aihub71761,data/raw/aihub71761/RT/ST/w00330_f0.png,b6f0d6557a95b992c81f7587c42c37c56fafe99c9ef876b60c9e91aefe19f057,1280,720,RT,ST,False,0,,,,polygon,True,4188c4ddf3bfb15a53a5b2140965f0126c842c9db351004c140897505e06a212,grp_ST_b6f0d6557a95,1,ST|__normal__,train,C1,,,none,,none,,aihub-mock-v1,1,MOCK — 실이미지 없음. 스키마 검증·선행 개발 전용
aihub71761:data/raw/aihub71761/RT/ST/w00281_f0.png,aihub71761,data/raw/aihub71761/RT/ST/w00281_f0.png,b71e6af38c7d2b29fb755f4908e98805035ee23130046b839901fe5b942398ef,1280,720,RT,ST,True,2,lack_of_fusion;porosity,2011;401,기공;융합불량,polygon,True,f4dcbefe011e5503927fc2b10bd58dd8a6d99b5690fe8c08c32d9f77cb1e0725,grp_ST_b71e6af38c7d,1,ST|lack_of_fusion,train,C1,,,none,,none,,aihub-mock-v1,1,MOCK — 실이미지 없음. 스키마 검증·선행 개발 전용
aihub71761:data/raw/aihub71761/RT/ST/w00507_f0.png,aihub71761,data/raw/aihub71761/RT/ST/w00507_f0.png,b75058172d1c4d8c98294c476a743915bd72ccd18058b7f803956aa39cf73097,1280,720,RT,ST,False,0,,,,polygon,True,f8363e33a16a986faf4d26b68c67273271d5e82c8ea332703ebba225980c128f,grp_ST_b75058172d1c,1,ST|__normal__,train,C2,,,none,,none,,aihub-mock-v1,1,MOCK — 실이미지 없음. 스키마 검증·선행 개발 전용
aihub71761:data/raw/aihub71761/RT/AL/w00000_f0.png,aihub71761,data/raw/aihub71761/RT/AL/w00000_f0.png,b779ebc952c05fff014061d8a8de69021f1232311256b6d14f67eecab9d7e322,1280,720,RT,AL,False,0,,,,polygon,True,0cba7b17955771099433c6e3776f35e27a21775cd754326c17fcd93dbfdbfd90,grp_AL_b779ebc952c0,1,AL|__normal__,train,C3,,,none,,none,,aihub-mock-v1,1,MOCK — 실이미지 없음. 스키마 검증·선행 개발 전용
aihub71761:data/raw/aihub71761/RT/ST/w00230_f3.png,aihub71761,data/raw/aihub71761/RT/ST/w00230_f3.png,b7882fefee632f2e37d97554d30c7c37a500eaeeb9a85bad4bf6d0ab6155fd3b,1280,720,RT,ST,True,1,porosity,2011,기공,polygon,True,052c89c5e799bef26de2cafa7d51fdd028e555da60e6324fb4d1a1920b5ecb98,grp_ST_515c22606bcf,4,ST|porosity,train,C1,,,none,,none,,aihub-mock-v1,1,MOCK — 실이미지 없음. 스키마 검증·선행 개발 전용
aihub71761:data/raw/aihub71761/RT/ST/w00420_f0.png,aihub71761,data/raw/aihub71761/RT/ST/w00420_f0.png,b7954cd58061edc3387a757c1d3bf4445061a6f8ce0fdd3b8bad63944bd3138f,1280,720,RT,ST,True,2,porosity;slag_inclusion,2011;301,기공;슬래그혼입,polygon,True,f3b847f4018e23fca08688b037be3273d665d6a468dcf667c2f86867a7686a85,grp_ST_b7954cd58061,1,ST|slag_inclusion,eval,,,,none,,none,,aihub-mock-v1,1,MOCK — 실이미지 없음. 스키마 검증·선행 개발 전용
aihub71761:data/raw/aihub71761/RT/ST/w00521_f0.png,aihub71761,data/raw/aihub71761/RT/ST/w00521_f0.png,b797d096a323c3f10d15dd95a427a904175486b5de586e321ad9a54ab3c33a6c,1280,720,RT,ST,False,0,,,,polygon,True,d4467eee9a5bf7463053e871415f1a5fbefb1547e975db782b1ec2f80dbe8736,grp_ST_b797d096a323,1,ST|__normal__,train,C2,,,none,,none,,aihub-mock-v1,1,MOCK — 실이미지 없음. 스키마 검증·선행 개발 전용
aihub71761:data/raw/aihub71761/RT/AL/w00109_f0.png,aihub71761,data/raw/aihub71761/RT/AL/w00109_f0.png,b83e017d2c8b37cc53858e94f12553e3dba380c2c321ee978cb7fa6e477fc1d3,1280,720,RT,AL,False,0,,,,polygon,True,582689dc2c35db21d64df468ab29bd0f2b757fa08c3e015739b6206a76f077f0,grp_AL_2ac1eb7e6118,4,AL|__normal__,val,C3,,,none,,none,,aihub-mock-v1,1,MOCK — 실이미지 없음. 스키마 검증·선행 개발 전용
aihub71761:data/raw/aihub71761/RT/AL/w00006_f0.png,aihub71761,data/raw/aihub71761/RT/AL/w00006_f0.png,b8467ccbdde87246b3552e17bce1f92ac3e6a0b7e8ada3bf1d4a2fa9d87285c3,1280,720,RT,AL,True,1,slag_inclusion,301,슬래그혼입,polygon,True,1e9c29fc205caeabc373caf32e34579fc81815fca780285b8576710615a6c330,grp_AL_06c02934adf2,2,AL|slag_inclusion,train,C3,,,none,,none,,aihub-mock-v1,1,MOCK — 실이미지 없음. 스키마 검증·선행 개발 전용
aihub71761:data/raw/aihub71761/RT/ST/w00109_f0.png,aihub71761,data/raw/aihub71761/RT/ST/w00109_f0.png,b8eb916217c8629193d3d0053ceb6b7294bbd4af4c102e9b5e0a587f300307d3,1280,720,RT,ST,True,1,porosity,2011,기공,polygon,True,c0253eb48bba1af1dfd68fb4e513e147f41cc71a0b1b3d1634bb28ec7179b5ee,grp_ST_b8eb916217c8,1,ST|porosity,train,C1,,,none,,none,,aihub-mock-v1,1,MOCK — 실이미지 없음. 스키마 검증·선행 개발 전용
aihub71761:data/raw/aihub71761/RT/ST/w00568_f0.png,aihub71761,data/raw/aihub71761/RT/ST/w00568_f0.png,b90f4b6b30a0052be994cae0860f8519f17c4684efaac7a8f19d973e9169dff2,1280,720,RT,ST,True,1,porosity,2011,기공,polygon,True,020043a41222ecfc2e03cbcffd874aa1e3e3b50f34e12878ff1d707be6a6421a,grp_ST_b90f4b6b30a0,1,ST|porosity,train,C1,,,none,,none,,aihub-mock-v1,1,MOCK — 실이미지 없음. 스키마 검증·선행 개발 전용
aihub71761:data/raw/aihub71761/RT/ST/w00122_f0.png,aihub71761,data/raw/aihub71761/RT/ST/w00122_f0.png,b9b987c31fb48fd97729ab134914c22dcc047a513ca6e9bbfdca96302f1c0bcf,1280,720,RT,ST,True,1,porosity,2011,기공,polygon,True,38d0f95a6f69e294c04aa1a4e0f143ed4eec698acfffcd4f1e5ae932096960ab,grp_ST_b9b987c31fb4,1,ST|porosity,train,C1,,,none,,none,,aihub-mock-v1,1,MOCK — 실이미지 없음. 스키마 검증·선행 개발 전용
aihub71761:data/raw/aihub71761/RT/ST/w00540_f0.png,aihub71761,data/raw/aihub71761/RT/ST/w00540_f0.png,ba72810d022d7554f5c51ea937ad6d206d4357b41b10b68ab2b83b12681a2674,1280,720,RT,ST,True,1,porosity,2011,기공,polygon,True,a3b73283c60d0386bfa08102b22e829bbb5b8054a3a68a71a47a40a7ebd89795,grp_ST_ba72810d022d,1,ST|porosity,train,C1,,,none,,none,,aihub-mock-v1,1,MOCK — 실이미지 없음. 스키마 검증·선행 개발 전용
aihub71761:data/raw/aihub71761/RT/ST/w00472_f2.png,aihub71761,data/raw/aihub71761/RT/ST/w00472_f2.png,baa4ca63e0de0b2a70f846eb0b069ea158546ce3d8f63aa1a4b968d89e5b7380,1280,720,RT,ST,True,1,lack_of_fusion,401,융합불량,polygon,True,01d49ad504e3fdbcf32a087005f2077574f4dab769a7985857ef7c9fde0767e2,grp_ST_7e344cb996f3,4,ST|lack_of_fusion,train,C1,,,none,,none,,aihub-mock-v1,1,MOCK — 실이미지 없음. 스키마 검증·선행 개발 전용
aihub71761:data/raw/aihub71761/RT/ST/w00560_f0.png,aihub71761,data/raw/aihub71761/RT/ST/w00560_f0.png,bad12fb4ac2e4e6f44f0e31befab7cdbc68f63633fa9c97cb26d785b84425e22,1280,720,RT,ST,True,2,crack;porosity,100;2011,균열;기공,polygon,True,4156e5c62bd9c9e9f85434bef3a84ade60a31cd524d4750f74e3bb0eab094271,grp_ST_bad12fb4ac2e,1,ST|crack,val,C1,,,none,,none,,aihub-mock-v1,1,MOCK — 실이미지 없음. 스키마 검증·선행 개발 전용
aihub71761:data/raw/aihub71761/RT/ST/w00010_f0.png,aihub71761,data/raw/aihub71761/RT/ST/w00010_f0.png,badf5920a5bc6dd533f8833f554f87d0ab7fc753511596f234a69028e27fb69d,1280,720,RT,ST,True,1,porosity,2011,기공,polygon,True,b182f2895157a3615f9b4ab211dd1b16a61671dfe1fd8ffb2a7486d5abcfa685,grp_ST_badf5920a5bc,1,ST|porosity,train,C1,,,none,,none,,aihub-mock-v1,1,MOCK — 실이미지 없음. 스키마 검증·선행 개발 전용
aihub71761:data/raw/aihub71761/RT/ST/w00453_f0.png,aihub71761,data/raw/aihub71761/RT/ST/w00453_f0.png,bb2b5ef41b6afcfb80a59a3951c850dec32968902a137b754d1dc9ec5b4f86b5,1280,720,RT,ST,True,1,porosity,2011,기공,polygon,True,6506f07e6be56bfbed2f1ec153958fd81053656b2f45f984408c4a6b25b23836,grp_ST_bb2b5ef41b6a,1,ST|porosity,eval,,,,none,,none,,aihub-mock-v1,1,MOCK — 실이미지 없음. 스키마 검증·선행 개발 전용
aihub71761:data/raw/aihub71761/RT/ST/w00492_f1.png,aihub71761,data/raw/aihub71761/RT/ST/w00492_f1.png,bb5cf3de03093789b98544a5e493407d80f8f707203edc646b31e1640fd90a89,1280,720,RT,ST,True,1,porosity,2011,기공,polygon,True,ebdcb2df5f2a14e1f49475e3504161ecec8cb92ff3ae425b909ae825a4f486ab,grp_ST_001ac1c31ce3,4,ST|porosity,train,C1,,,none,,none,,aihub-mock-v1,1,MOCK — 실이미지 없음. 스키마 검증·선행 개발 전용
aihub71761:data/raw/aihub71761/RT/ST/w00435_f0.png,aihub71761,data/raw/aihub71761/RT/ST/w00435_f0.png,bb928f5ecf6ef92876725a7d500b0ba5217fa9f6ac4926cbe4f87f6715e2f1ae,1280,720,RT,ST,True,2,lack_of_fusion;porosity,2011;401,기공;융합불량,polygon,True,945c7fcf546352f0817e81a818b082756bb6f0bb73af60e25a2b9562976e7c8f,grp_ST_bb928f5ecf6e,1,ST|lack_of_fusion,eval,,judgment_2000,,none,,none,,aihub-mock-v1,1,MOCK — 실이미지 없음. 스키마 검증·선행 개발 전용
aihub71761:data/raw/aihub71761/RT/ST/w00373_f0.png,aihub71761,data/raw/aihub71761/RT/ST/w00373_f0.png,bba43467ee6eb539e68ebf5d3c312e68ef8b1e5ba3bcae56c70cdffd86409f38,1280,720,RT,ST,True,1,porosity,2011,기공,polygon,True,87de8333298a77a6b4c2f64c6b30a80be1f6671a70347f9c4d817b3061a1c662,grp_ST_bba43467ee6e,1,ST|porosity,train,C1,,,none,,none,,aihub-mock-v1,1,MOCK — 실이미지 없음. 스키마 검증·선행 개발 전용
aihub71761:data/raw/aihub71761/RT/ST/w00107_f0.png,aihub71761,data/raw/aihub71761/RT/ST/w00107_f0.png,bbf8334128dd0ebfee31c56cbd7bd8bd8b85564b384c46faaa0b5b0333957180,1280,720,RT,ST,False,0,,,,polygon,True,e02ca836d05c845b5794f89d71ef4cc3a9da222463a62cf6bcc1970f3e3ab309,grp_ST_bbf8334128dd,1,ST|__normal__,train,C2,,,none,,none,,aihub-mock-v1,1,MOCK — 실이미지 없음. 스키마 검증·선행 개발 전용
aihub71761:data/raw/aihub71761/RT/ST/w00199_f2.png,aihub71761,data/raw/aihub71761/RT/ST/w00199_f2.png,bc48154957921732065b51cfbb46afba152fef22d4988297a0c757db1d49c7b7,1280,720,RT,ST,False,0,,,,polygon,True,ee04883839afb6bfb649da3a8c07089252b1cb8cf9b743b7cb410f2a9bf4f5ae,grp_ST_2faaa954e7f8,4,ST|__normal__,train,C2,,,none,,none,,aihub-mock-v1,1,MOCK — 실이미지 없음. 스키마 검증·선행 개발 전용
aihub71761:data/raw/aihub71761/RT/ST/w00205_f0.png,aihub71761,data/raw/aihub71761/RT/ST/w00205_f0.png,bcbc0d756635b70cc6b6119a65d43e701165d3ebd9fdb5e8d007755e0ef40960,1280,720,RT,ST,False,0,,,,polygon,True,8cbea611c87b8529fcb0f00f1a932d5a7aabc7a441758af1335f194a43dc6937,grp_ST_bcbc0d756635,1,ST|__normal__,eval,,,,none,,none,,aihub-mock-v1,1,MOCK — 실이미지 없음. 스키마 검증·선행 개발 전용
aihub71761:data/raw/aihub71761/RT/ST/w00551_f0.png,aihub71761,data/raw/aihub71761/RT/ST/w00551_f0.png,bd51329ded19be9aa1b0fdf995686d5e57e268b0f05eaa97dd0e863a45511336,1280,720,RT,ST,True,1,porosity,2011,기공,polygon,True,15e743ce12b144ace759a316ceec9a09efa3a24ed8778460ba829579e36897cd,grp_ST_bd51329ded19,1,ST|porosity,train,C1,,,none,,none,,aihub-mock-v1,1,MOCK — 실이미지 없음. 스키마 검증·선행 개발 전용
aihub71761:data/raw/aihub71761/RT/ST/w00235_f0.png,aihub71761,data/raw/aihub71761/RT/ST/w00235_f0.png,bd6608cd4c86ff150159f2f03166180498a41a1663a6d7e61af7076e3cc55182,1280,720,RT,ST,False,0,,,,polygon,True,37ba81dcf2d975fa77aac3452365b8cd7f883a52e1b7441605c0449319225411,grp_ST_43cd5482bd28,2,ST|__normal__,train,C2,,,none,,none,,aihub-mock-v1,1,MOCK — 실이미지 없음. 스키마 검증·선행 개발 전용
aihub71761:data/raw/aihub71761/RT/ST/w00599_f0.png,aihub71761,data/raw/aihub71761/RT/ST/w00599_f0.png,bd6e418c2a8cfba19dabe93c61b50abe604635f58c8d4c4c5c73b0ac0383d7d6,1280,720,RT,ST,False,0,,,,polygon,True,06be521545a3236d08851e41ea79573a5ee2fe10ab7a7dd7a6a6c98051b43a0a,grp_ST_bd6e418c2a8c,1,ST|__normal__,train,C1,,,none,,none,,aihub-mock-v1,1,MOCK — 실이미지 없음. 스키마 검증·선행 개발 전용
aihub71761:data/raw/aihub71761/RT/ST/w00366_f0.png,aihub71761,data/raw/aihub71761/RT/ST/w00366_f0.png,bdb05e08a6863d61694268d6a7c52d09d1742b5147d140c1a2a5c7be7420f342,1280,720,RT,ST,False,0,,,,polygon,True,e63df9afc9d277b0093fc071392a9edb0204016033925d6b06a1186b59286165,grp_ST_bdb05e08a686,1,ST|__normal__,train,C2,,,none,,none,,aihub-mock-v1,1,MOCK — 실이미지 없음. 스키마 검증·선행 개발 전용
aihub71761:data/raw/aihub71761/RT/ST/w00343_f3.png,aihub71761,data/raw/aihub71761/RT/ST/w00343_f3.png,be068cb25dbe5fc4c90b3c0e7986376211bdb755a874215b9d5b97c1c8b18626,1280,720,RT,ST,False,0,,,,polygon,True,2489984f1de7ac6d1599bedb83add4c788a7b3715fbecde22c0a307b5b5d3fb4,grp_ST_1a7734cee3bd,4,ST|__normal__,train,C2,,,none,,none,,aihub-mock-v1,1,MOCK — 실이미지 없음. 스키마 검증·선행 개발 전용
aihub71761:data/raw/aihub71761/RT/ST/w00083_f1.png,aihub71761,data/raw/aihub71761/RT/ST/w00083_f1.png,be297b2795c27dd5b52ae8e5db2636ae36b21501e6ea370cbaacefc2be227d64,1280,720,RT,ST,False,0,,,,polygon,True,b12ad466e0537eff7bd048bd7dabe80b10c69cdc7421dc4f76fad390b64d4558,grp_ST_7a34241bc24a,3,ST|__normal__,train,C1,,,none,,none,,aihub-mock-v1,1,MOCK — 실이미지 없음. 스키마 검증·선행 개발 전용
aihub71761:data/raw/aihub71761/RT/AL/w00040_f0.png,aihub71761,data/raw/aihub71761/RT/AL/w00040_f0.png,be4af4bd86e6361f02455e825d3d8b6105f469f36868d4be73c9a09c66bb0581,1280,720,RT,AL,False,0,,,,polygon,True,774eb2482a093d14dbc7ce8e6bdf184aa5fe17216adade9df2e6156f93fd558a,grp_AL_be4af4bd86e6,1,AL|__normal__,eval,,,,none,,none,,aihub-mock-v1,1,MOCK — 실이미지 없음. 스키마 검증·선행 개발 전용
aihub71761:data/raw/aihub71761/RT/AL/w00094_f0.png,aihub71761,data/raw/aihub71761/RT/AL/w00094_f0.png,be922bb407df1a1058e6e5c0f4f4dd4cd415d2faa19f1c277eadd881e5003382,1280,720,RT,AL,True,1,porosity,2011,기공,polygon,True,5b1144b30822980893451b2a13d944ef04d6e4c59199d167e715dd9bd67cb55b,grp_AL_be922bb407df,1,AL|porosity,val,C3,,,none,,none,,aihub-mock-v1,1,MOCK — 실이미지 없음. 스키마 검증·선행 개발 전용
aihub71761:data/raw/aihub71761/RT/ST/w00284_f1.png,aihub71761,data/raw/aihub71761/RT/ST/w00284_f1.png,beb6fa362b13f9dd94ee3af1f1979a11cdbb24e269d101d63761405645981266,1280,720,RT,ST,True,1,porosity,2011,기공,polygon,True,9ea4a637a4d2a3f663b5c3f364c876c40e886c3a516bd5462c7196558e823cb6,grp_ST_beb6fa362b13,2,ST|porosity,train,C1,,,none,,none,,aihub-mock-v1,1,MOCK — 실이미지 없음. 스키마 검증·선행 개발 전용
aihub71761:data/raw/aihub71761/RT/ST/w00287_f0.png,aihub71761,data/raw/aihub71761/RT/ST/w00287_f0.png,bee4f7ebef6700fda234b734687ac9129c06f1baf8e11bec0b764d030d9f0c43,1280,720,RT,ST,False,0,,,,polygon,True,93d4ed9b57be40112c1ab8764da01aaad68cc30f78d8f4f59fc2536b2a901ed9,grp_ST_bee4f7ebef67,1,ST|__normal__,eval,,,,none,,none,,aihub-mock-v1,1,MOCK — 실이미지 없음. 스키마 검증·선행 개발 전용
aihub71761:data/raw/aihub71761/RT/ST/w00045_f0.png,aihub71761,data/raw/aihub71761/RT/ST/w00045_f0.png,bf309f76076fd9e7cae62bb5c20592f89878b02604c035654d3c8395741338f4,1280,720,RT,ST,False,0,,,,polygon,True,534fb251fa675fbe79c352e6e9e79015a8d817b92720eb5d3317fdc7ef640793,grp_ST_bf309f76076f,1,ST|__normal__,eval,,,,none,,none,,aihub-mock-v1,1,MOCK — 실이미지 없음. 스키마 검증·선행 개발 전용
aihub71761:data/raw/aihub71761/RT/ST/w00479_f0.png,aihub71761,data/raw/aihub71761/RT/ST/w00479_f0.png,bf95a0b952db8689d10ee33cc17c9bb87e20162b367f8c096a5003ab861d6cfc,1280,720,RT,ST,False,0,,,,polygon,True,31f1fd6e5e6cfcd0213cb4c2890671a7116582d1915786126c1658a250533735,grp_ST_bf95a0b952db,1,ST|__normal__,train,C1,,,none,,none,,aihub-mock-v1,1,MOCK — 실이미지 없음. 스키마 검증·선행 개발 전용
aihub71761:data/raw/aihub71761/RT/ST/w00437_f1.png,aihub71761,data/raw/aihub71761/RT/ST/w00437_f1.png,bfe5667c3206e90099b635e8e06d6469708d2236a8d33b913ecb7d1ca9dbbdeb,1280,720,RT,ST,True,1,porosity,2011,기공,polygon,True,226c721412b8a6df50970e5dc2f0ecf76a43f9a905d0a3c0fc3b9292dbf06f6c,grp_ST_0989fff910ff,4,ST|porosity,train,C1,,,none,,none,,aihub-mock-v1,1,MOCK — 실이미지 없음. 스키마 검증·선행 개발 전용
aihub71761:data/raw/aihub71761/RT/AL/w00032_f0.png,aihub71761,data/raw/aihub71761/RT/AL/w00032_f0.png,c0219f551985a9205329db4304fbacbb4628587bd58861447870f2b990e29cb3,1280,720,RT,AL,False,0,,,,polygon,True,09208a128775858fe16c3152ff28fa781d01c8fa5c67a563da5528b2d2bde756,grp_AL_c0219f551985,1,AL|__normal__,train,C3,,,none,,none,,aihub-mock-v1,1,MOCK — 실이미지 없음. 스키마 검증·선행 개발 전용
aihub71761:data/raw/aihub71761/RT/ST/w00492_f2.png,aihub71761,data/raw/aihub71761/RT/ST/w00492_f2.png,c1d034e7d8395e34903dc97de0d36b4f52f25cf264696943c2c69c38645e05b0,1280,720,RT,ST,True,1,porosity,2011,기공,polygon,True,ebdcb2df5f2a14e1f49475e3504161ecec8cb92ff3ae425b909ae825a4f486ab,grp_ST_001ac1c31ce3,4,ST|porosity,train,C1,,,none,,none,,aihub-mock-v1,1,MOCK — 실이미지 없음. 스키마 검증·선행 개발 전용
aihub71761:data/raw/aihub71761/RT/ST/w00321_f0.png,aihub71761,data/raw/aihub71761/RT/ST/w00321_f0.png,c22091d70a96abcc46e2bf93590cfd06b3ac2fc92d8e6d1bbd2a83e09c731aa7,1280,720,RT,ST,True,1,porosity,2011,기공,polygon,True,3fa2ac107b160f72fd563cca39eb68c16005aac816c3e018fadb8d71fb42a34a,grp_ST_5e78719a76fd,3,ST|porosity,train,C1,,,none,,none,,aihub-mock-v1,1,MOCK — 실이미지 없음. 스키마 검증·선행 개발 전용
aihub71761:data/raw/aihub71761/RT/ST/w00284_f0.png,aihub71761,data/raw/aihub71761/RT/ST/w00284_f0.png,c238c70adc2f6cfdbfe689be5376c1daabdf682aad1926740f255c0e8f4d5c99,1280,720,RT,ST,True,1,porosity,2011,기공,polygon,True,9ea4a637a4d2a3f663b5c3f364c876c40e886c3a516bd5462c7196558e823cb6,grp_ST_beb6fa362b13,2,ST|porosity,train,C1,,,none,,none,,aihub-mock-v1,1,MOCK — 실이미지 없음. 스키마 검증·선행 개발 전용
aihub71761:data/raw/aihub71761/RT/ST/w00547_f0.png,aihub71761,data/raw/aihub71761/RT/ST/w00547_f0.png,c25852c10230a6273b00bd044062a866e5bdc62759d5fa2e506af97edca3a33a,1280,720,RT,ST,True,1,porosity,2011,기공,polygon,True,73658c089fe79daa12d7e041802c7ed9967679d2c066babe4547b0bdb5498202,grp_ST_c25852c10230,1,ST|porosity,train,C1,,,none,,none,,aihub-mock-v1,1,MOCK — 실이미지 없음. 스키마 검증·선행 개발 전용
aihub71761:data/raw/aihub71761/RT/ST/w00160_f0.png,aihub71761,data/raw/aihub71761/RT/ST/w00160_f0.png,c2c3e6fb217882ba617c9aefda2ad31e94344af92b160c73ba04f5aa331960c7,1280,720,RT,ST,False,0,,,,polygon,True,c59a1b3627ac7bd832147f5271124d773ab6d78200b5da368a693f351b42b137,grp_ST_c2c3e6fb2178,1,ST|__normal__,eval,,,,none,,none,,aihub-mock-v1,1,MOCK — 실이미지 없음. 스키마 검증·선행 개발 전용
aihub71761:data/raw/aihub71761/RT/ST/w00332_f0.png,aihub71761,data/raw/aihub71761/RT/ST/w00332_f0.png,c3f70d09bf9913e10dd39aa559577bbfc78efe75fee25c25cec26cb7aafa1f7f,1280,720,RT,ST,False,0,,,,polygon,True,525428db38b434f8bf525d0022ffea145fd0029e82ad7ca201dc1433474070d5,grp_ST_c3f70d09bf99,1,ST|__normal__,train,C1,,,none,,none,,aihub-mock-v1,1,MOCK — 실이미지 없음. 스키마 검증·선행 개발 전용
aihub71761:data/raw/aihub71761/RT/ST/w00371_f3.png,aihub71761,data/raw/aihub71761/RT/ST/w00371_f3.png,c4013a53864b155b7732526ecb1ec07374259ddb0ed3fe1fdc871774659c9ce1,1280,720,RT,ST,True,1,crack,100,균열,polygon,True,b8ba12db861f226f010f56d11bc1b47e2b0f5d2e1461cd5ace72c6813afb40b4,grp_ST_3823e04c7863,4,ST|crack,train,C2,,,none,,none,,aihub-mock-v1,1,MOCK — 실이미지 없음. 스키마 검증·선행 개발 전용
aihub71761:data/raw/aihub71761/RT/ST/w00383_f0.png,aihub71761,data/raw/aihub71761/RT/ST/w00383_f0.png,c435ca238f5ad34335490a4b6003cdfbbd24398ff1b901ac610819d4ecd4c1e5,1280,720,RT,ST,True,1,porosity,2011,기공,polygon,True,5ed25b23069433649e37ee0da9628b9fab5e47b4739c532805c89b2f34c6db1a,grp_ST_c435ca238f5a,1,ST|porosity,eval,,judgment_2000,,none,,none,,aihub-mock-v1,1,MOCK — 실이미지 없음. 스키마 검증·선행 개발 전용
aihub71761:data/raw/aihub71761/RT/ST/w00473_f0.png,aihub71761,data/raw/aihub71761/RT/ST/w00473_f0.png,c446907e32673882422b32417992fe9b72200135283f7a42e8c0e9ab80e1b941,1280,720,RT,ST,True,2,lack_of_fusion;porosity,2011;401,기공;융합불량,polygon,True,577b13080ff47dbbb0542c3628eb7974f5c6c054e180be4f5336cf10e90a32a6,grp_ST_c446907e3267,1,ST|lack_of_fusion,train,C1,,,none,,none,,aihub-mock-v1,1,MOCK — 실이미지 없음. 스키마 검증·선행 개발 전용
aihub71761:data/raw/aihub71761/RT/AL/w00100_f0.png,aihub71761,data/raw/aihub71761/RT/AL/w00100_f0.png,c5b1c4373fddc45875450dc60309d2b8fd4dad5659ec44d0f46d01b6bee623ae,1280,720,RT,AL,False,0,,,,polygon,True,e834fce9e11a0ae46b588e2228e084b6e30e3a541d812015d927ab227efd545e,grp_AL_c5b1c4373fdd,1,AL|__normal__,train,C3,,,none,,none,,aihub-mock-v1,1,MOCK — 실이미지 없음. 스키마 검증·선행 개발 전용
aihub71761:data/raw/aihub71761/RT/ST/w00390_f0.png,aihub71761,data/raw/aihub71761/RT/ST/w00390_f0.png,c5c750821b1bd8e7e59d0d41b54a2af84d7ce17886cdfa4a3d4e5c0e3bf790df,1280,720,RT,ST,True,1,slag_inclusion,301,슬래그혼입,polygon,True,f9f17b439b0a175dc11807fab2d67e07cb9aab9c2201fdb7a04e52c2db86177c,grp_ST_c5c750821b1b,1,ST|slag_inclusion,train,C1,,,none,,none,,aihub-mock-v1,1,MOCK — 실이미지 없음. 스키마 검증·선행 개발 전용
aihub71761:data/raw/aihub71761/RT/ST/w00334_f0.png,aihub71761,data/raw/aihub71761/RT/ST/w00334_f0.png,c62c08cd606a4b5a98a7ffad6b7523f9a293afc938470ad44c75f10f1e0644af,1280,720,RT,ST,True,1,porosity,2011,기공,polygon,True,828c9bc5158260e6e4e45197f3615ede0a89b3ba4410b7628083ee655c56b5b2,grp_ST_c62c08cd606a,1,ST|porosity,eval,,judgment_2000,,none,,none,,aihub-mock-v1,1,MOCK — 실이미지 없음. 스키마 검증·선행 개발 전용
aihub71761:data/raw/aihub71761/RT/ST/w00396_f0.png,aihub71761,data/raw/aihub71761/RT/ST/w00396_f0.png,c63165d6348164f6ce11b793e4c9c562bbd72659b5e05fc1c265ebb91b3672e5,1280,720,RT,ST,False,0,,,,polygon,True,afeab8ecd546c74fa622472843eb6cc81031362fe4bbb73f9c6154c42da11241,grp_ST_c63165d63481,1,ST|__normal__,train,C1,,,none,,none,,aihub-mock-v1,1,MOCK — 실이미지 없음. 스키마 검증·선행 개발 전용
aihub71761:data/raw/aihub71761/RT/ST/w00472_f3.png,aihub71761,data/raw/aihub71761/RT/ST/w00472_f3.png,c651d93d15509acbd9388a957bcf721b88d237aee84b04ec4e10590c477311ba,1280,720,RT,ST,True,1,lack_of_fusion,401,융합불량,polygon,True,01d49ad504e3fdbcf32a087005f2077574f4dab769a7985857ef7c9fde0767e2,grp_ST_7e344cb996f3,4,ST|lack_of_fusion,train,C1,,,none,,none,,aihub-mock-v1,1,MOCK — 실이미지 없음. 스키마 검증·선행 개발 전용
aihub71761:data/raw/aihub71761/RT/AL/w00110_f0.png,aihub71761,data/raw/aihub71761/RT/AL/w00110_f0.png,c691e718d05f279ab889ddeba19d3dca1432b189e1c7936c5560f0b97272290f,1280,720,RT,AL,False,0,,,,polygon,True,e1a88e7ab5dac8f125bd154b5ce170eb0404a01d5a8333f7c2afbc94139de8da,grp_AL_c691e718d05f,1,AL|__normal__,train,C3,,,none,,none,,aihub-mock-v1,1,MOCK — 실이미지 없음. 스키마 검증·선행 개발 전용
aihub71761:data/raw/aihub71761/RT/ST/w00209_f0.png,aihub71761,data/raw/aihub71761/RT/ST/w00209_f0.png,c6e66e67abe465a543c49081cb4e50fdbef48027cf3c4198c6a00b78e9343348,1280,720,RT,ST,True,2,crack;porosity,100;2011,균열;기공,polygon,True,3723859bcd484a4cc6d526602ac4a14d6fab65a3e1a3e6f603e4005531a0aab5,grp_ST_c6e66e67abe4,1,ST|crack,eval,,judgment_2000,,none,,none,,aihub-mock-v1,1,MOCK — 실이미지 없음. 스키마 검증·선행 개발 전용
aihub71761:data/raw/aihub71761/RT/ST/w00033_f0.png,aihub71761,data/raw/aihub71761/RT/ST/w00033_f0.png,c6eb4d44972e094ffb3c08f98fd45e3e25bbe5f55c72457b72fd7cd5b35e11e5,1280,720,RT,ST,False,0,,,,polygon,True,a84ad0438449ea5b1c645cecd5f78d2256d9796b856ced10fde887d6321b4672,grp_ST_c6eb4d44972e,1,ST|__normal__,eval,,,,none,,none,,aihub-mock-v1,1,MOCK — 실이미지 없음. 스키마 검증·선행 개발 전용
aihub71761:data/raw/aihub71761/RT/AL/w00063_f0.png,aihub71761,data/raw/aihub71761/RT/AL/w00063_f0.png,c6ede8083df3f48cd11bc7b7e488a090b93b19242caa9814a291704ce52178a8,1280,720,RT,AL,True,1,porosity,2011,기공,polygon,True,41dd278e4740a9dfc82d631179e9ea54b23407b8df50118c11a7a112d68daee1,grp_AL_c6ede8083df3,1,AL|porosity,train,C3,,,none,,none,,aihub-mock-v1,1,MOCK — 실이미지 없음. 스키마 검증·선행 개발 전용
aihub71761:data/raw/aihub71761/RT/ST/w00562_f0.png,aihub71761,data/raw/aihub71761/RT/ST/w00562_f0.png,c739b4c6ed6b992679427f0aab3380579e844ad1dae1a59342e3599277d57bf5,1280,720,RT,ST,False,0,,,,polygon,True,2d1fd61ea4377f4ab0c4832809834916b0e89dc60260fd9750656e717a631a84,grp_ST_c739b4c6ed6b,1,ST|__normal__,train,C2,,,none,,none,,aihub-mock-v1,1,MOCK — 실이미지 없음. 스키마 검증·선행 개발 전용
aihub71761:data/raw/aihub71761/RT/AL/w00050_f0.png,aihub71761,data/raw/aihub71761/RT/AL/w00050_f0.png,c7522441b99adcd099d94a5e606a2456700039a244ee57621d926c07e1e43638,1280,720,RT,AL,True,2,lack_of_fusion;porosity,2011;401,기공;융합불량,polygon,True,383c680be5c8149670260f2d641d5924f31540e0a0adf5eb9b20b74b0269fabd,grp_AL_c7522441b99a,1,AL|lack_of_fusion,train,C3,,,none,,none,,aihub-mock-v1,1,MOCK — 실이미지 없음. 스키마 검증·선행 개발 전용
aihub71761:data/raw/aihub71761/RT/ST/w00558_f0.png,aihub71761,data/raw/aihub71761/RT/ST/w00558_f0.png,c766d50913bcb9d9219a17d52e6830138b436bc59c188bed87d992cc66c07d3b,1280,720,RT,ST,True,2,porosity;slag_inclusion,2011;301,기공;슬래그혼입,polygon,True,5d1dc7e6a74dba2dcf791809b18ab91a19e5246705b77f8eaf294c2eac77f145,grp_ST_c766d50913bc,1,ST|slag_inclusion,eval,,,,none,,none,,aihub-mock-v1,1,MOCK — 실이미지 없음. 스키마 검증·선행 개발 전용
aihub71761:data/raw/aihub71761/RT/ST/w00080_f1.png,aihub71761,data/raw/aihub71761/RT/ST/w00080_f1.png,c7e0cd4529460d6f0c92bc44d20016ed69b7d5657b1d2bfbef94bc96c9af6e0d,1280,720,RT,ST,False,0,,,,polygon,True,2324cd731d6c6fd150def02f9d860c6f84728b619683d2ae392a18da055aab1f,grp_ST_92d01e892305,4,ST|__normal__,eval,,,,none,,none,,aihub-mock-v1,1,MOCK — 실이미지 없음. 스키마 검증·선행 개발 전용
aihub71761:data/raw/aihub71761/RT/ST/w00398_f1.png,aihub71761,data/raw/aihub71761/RT/ST/w00398_f1.png,c80b58cd7731125ae2bbc37c18bb45d0ba5b8b9ec1490ab5a3790416f5d4013d,1280,720,RT,ST,True,1,porosity,2011,기공,polygon,True,a7538e699974a15f9c5dded700113ec7820aab33fe021b6d386b67303218beab,grp_ST_2609e61df8aa,4,ST|porosity,eval,,,,none,,none,,aihub-mock-v1,1,MOCK — 실이미지 없음. 스키마 검증·선행 개발 전용
aihub71761:data/raw/aihub71761/RT/ST/w00578_f0.png,aihub71761,data/raw/aihub71761/RT/ST/w00578_f0.png,c8856dcfb65a17ff1a0dac3a7e8cf6c4774018794df7f94c29e786663fce9732,1280,720,RT,ST,True,2,crack;porosity,100;2011,균열;기공,polygon,True,7f5ddea70f9a9d8ae687ee2f432bcfef2dd08bdf6c65e4724f5964ea13055b3d,grp_ST_c8856dcfb65a,1,ST|crack,train,C1,,,none,,none,,aihub-mock-v1,1,MOCK — 실이미지 없음. 스키마 검증·선행 개발 전용
aihub71761:data/raw/aihub71761/RT/ST/w00292_f0.png,aihub71761,data/raw/aihub71761/RT/ST/w00292_f0.png,c8b8ba5970f55d511a32fa9b11d1dc0556d53af659e79b92297397f6b96ffaf1,1280,720,RT,ST,True,1,porosity,2011,기공,polygon,True,095db37d856c23b4250cff51d62f59608dc98dcfd62b59f1f529dc52a0be6713,grp_ST_06c8460b6887,4,ST|porosity,val,C1,,,none,,none,,aihub-mock-v1,1,MOCK — 실이미지 없음. 스키마 검증·선행 개발 전용
aihub71761:data/raw/aihub71761/RT/ST/w00426_f0.png,aihub71761,data/raw/aihub71761/RT/ST/w00426_f0.png,c8fffed5a0712599cf30b3587cdd04a5f5b3909d16140faf3e983d87cf980ea0,1280,720,RT,ST,True,1,porosity,2011,기공,polygon,True,2c8eeffe52a94e25de12ee98f57c88f0eec89b812a56492cc9ec6f51092f0778,grp_ST_c8fffed5a071,1,ST|porosity,train,C1,,,none,,none,,aihub-mock-v1,1,MOCK — 실이미지 없음. 스키마 검증·선행 개발 전용
aihub71761:data/raw/aihub71761/RT/ST/w00099_f0.png,aihub71761,data/raw/aihub71761/RT/ST/w00099_f0.png,c94c0356b396dc571a5a6a4bc7257f421e85a2822305e12a0e80264b69ce29bb,1280,720,RT,ST,False,0,,,,polygon,True,3dfc36b444ba3417d7496854697b2677f3a85b405dbf93efe7fcc240d2d1e809,grp_ST_c94c0356b396,1,ST|__normal__,train,C1,,,none,,none,,aihub-mock-v1,1,MOCK — 실이미지 없음. 스키마 검증·선행 개발 전용
aihub71761:data/raw/aihub71761/RT/ST/w00319_f0.png,aihub71761,data/raw/aihub71761/RT/ST/w00319_f0.png,ca563cf488b82a39b850f611a96c5a969a1dcc0ebc78f1730eb4abc450012013,1280,720,RT,ST,True,1,porosity,2011,기공,polygon,True,4aa9b80cee3b2e73713bd12981cb0c2f91df5fec1a3c8a291d6b7a9c19e5de69,grp_ST_ca563cf488b8,1,ST|porosity,train,C1,,,none,,none,,aihub-mock-v1,1,MOCK — 실이미지 없음. 스키마 검증·선행 개발 전용
aihub71761:data/raw/aihub71761/RT/AL/w00114_f0.png,aihub71761,data/raw/aihub71761/RT/AL/w00114_f0.png,ca5beefe9040da575060c8473c7126f19c1e5cccb64d735e363b69f2d3c010f8,1280,720,RT,AL,True,1,lack_of_fusion,401,융합불량,polygon,True,fa8733ac354f0f86a204f5fa89b220415c87d756dfa2f22a6f5bdf33b2b3ad4d,grp_AL_ca5beefe9040,1,AL|lack_of_fusion,train,C3,,,none,,none,,aihub-mock-v1,1,MOCK — 실이미지 없음. 스키마 검증·선행 개발 전용
aihub71761:data/raw/aihub71761/RT/ST/w00102_f0.png,aihub71761,data/raw/aihub71761/RT/ST/w00102_f0.png,caa1f23b91ee131315f5ad8a4eebb07d0e4f57d0d34b57c3f2080da2fb232ed8,1280,720,RT,ST,True,1,porosity,2011,기공,polygon,True,0cacee38b0be7957fd8e22e3af8b2b01771cbeaa29fca63c63ec25ad660771bf,grp_ST_caa1f23b91ee,1,ST|porosity,train,C1,,,none,,none,,aihub-mock-v1,1,MOCK — 실이미지 없음. 스키마 검증·선행 개발 전용
aihub71761:data/raw/aihub71761/RT/ST/w00153_f1.png,aihub71761,data/raw/aihub71761/RT/ST/w00153_f1.png,cafefd7b04371f242ada900e2f2538b570b810d6d947bb19cd5fe913222fac2c,1280,720,RT,ST,False,0,,,,polygon,True,ff559e6f1d86f1c88277225ec302bc9dd6e39fabb06228acaaa7e862c104698b,grp_ST_cafefd7b0437,2,ST|__normal__,train,C2,,,none,,none,,aihub-mock-v1,1,MOCK — 실이미지 없음. 스키마 검증·선행 개발 전용
aihub71761:data/raw/aihub71761/RT/ST/w00341_f3.png,aihub71761,data/raw/aihub71761/RT/ST/w00341_f3.png,cb247de0070ef44d340361a16d4fe705573b53cb65059360fc7fdf8e85686e75,1280,720,RT,ST,True,2,lack_of_fusion;porosity,2011;401,기공;융합불량,polygon,True,19366fadd1816c400fc55c028ddc71778e632295592bd1a843f4db863010379c,grp_ST_43d12de2d6af,4,ST|lack_of_fusion,val,C1,,,none,,none,,aihub-mock-v1,1,MOCK — 실이미지 없음. 스키마 검증·선행 개발 전용
aihub71761:data/raw/aihub71761/RT/ST/w00605_f1.png,aihub71761,data/raw/aihub71761/RT/ST/w00605_f1.png,cb4735a6d0ac29243f003c6c4efe3d6f1d856cb40e998144481979a991fbee73,1280,720,RT,ST,False,0,,,,polygon,True,bb216a1d301085a44a53ca7621b0b1b5667db7a268d0e18646acccc1726129ad,grp_ST_cb4735a6d0ac,2,ST|__normal__,train,C1,,,none,,none,,aihub-mock-v1,1,MOCK — 실이미지 없음. 스키마 검증·선행 개발 전용
aihub71761:data/raw/aihub71761/RT/ST/w00421_f0.png,aihub71761,data/raw/aihub71761/RT/ST/w00421_f0.png,cb96d8ea4bae3daa59eb0f2e51d8e040790db5372c960fa220719a24e3b6fa29,1280,720,RT,ST,True,1,lack_of_fusion,401,융합불량,polygon,True,285b52a5cbe6170e3ebe1c46e567a095f2d8ca325c0f33c6c4418ace1a7e7f0d,grp_ST_22f02f12bd11,4,ST|lack_of_fusion,train,C1,,,none,,none,,aihub-mock-v1,1,MOCK — 실이미지 없음. 스키마 검증·선행 개발 전용
aihub71761:data/raw/aihub71761/RT/ST/w00196_f2.png,aihub71761,data/raw/aihub71761/RT/ST/w00196_f2.png,cbb0e5a8b6b8438cca38a61ad3ee7257087c4da9555b0d71a0a6997ce40b3892,1280,720,RT,ST,True,1,lack_of_fusion,401,융합불량,polygon,True,962bc758705c867fb25c28638ac9151a9d650d10827128083f915304abeb22e5,grp_ST_018c075793e9,3,ST|lack_of_fusion,train,C1,,,none,,none,,aihub-mock-v1,1,MOCK — 실이미지 없음. 스키마 검증·선행 개발 전용
aihub71761:data/raw/aihub71761/RT/ST/w00193_f0.png,aihub71761,data/raw/aihub71761/RT/ST/w00193_f0.png,cc5284c6377ad8a55d9bceef462288633fb0455dc75cd276c9a53de40a1361c3,1280,720,RT,ST,False,0,,,,polygon,True,84c4f7d9d1dc44a5a8aca4e20b96f9832deea5e10ad5d4190cc4b337204c0835,grp_ST_cc5284c6377a,1,ST|__normal__,eval,,,,none,,none,,aihub-mock-v1,1,MOCK — 실이미지 없음. 스키마 검증·선행 개발 전용
aihub71761:data/raw/aihub71761/RT/ST/w00074_f0.png,aihub71761,data/raw/aihub71761/RT/ST/w00074_f0.png,cc952193247cc896816de49a11874ab3ea719fadb4c3664f1f89d870fb47360a,1280,720,RT,ST,False,0,,,,polygon,True,0397808cba8c0aa2eb77a271ee8acf7cc4be7fb151549884e7e3d5b92f4b6dd1,grp_ST_61f7f00b7b13,4,ST|__normal__,train,C1,,,none,,none,,aihub-mock-v1,1,MOCK — 실이미지 없음. 스키마 검증·선행 개발 전용
aihub71761:data/raw/aihub71761/RT/ST/w00557_f0.png,aihub71761,data/raw/aihub71761/RT/ST/w00557_f0.png,ccabd2043504229bc8c2a2d7b6c12a34e84c9795f62e815bf22f5af06de1a7a3,1280,720,RT,ST,False,0,,,,polygon,True,34dc83f209416521f284d56c033f184bf7d66487483d98763185ff0bb924f0d2,grp_ST_ccabd2043504,1,ST|__normal__,eval,,judgment_2000,,none,,none,,aihub-mock-v1,1,MOCK — 실이미지 없음. 스키마 검증·선행 개발 전용
aihub71761:data/raw/aihub71761/RT/ST/w00249_f0.png,aihub71761,data/raw/aihub71761/RT/ST/w00249_f0.png,cdbb8f8845a204a8f806b7f4df609942aca14aba6e9e5c8ebf7ea8faff2066c5,1280,720,RT,ST,True,1,porosity,2011,기공,polygon,True,9d5fd745cd5e5186fbb79475b6238e78c61d09456ad8bd3665f99207ab964b06,grp_ST_b640503dc6a5,3,ST|porosity,train,C1,,,none,,none,,aihub-mock-v1,1,MOCK — 실이미지 없음. 스키마 검증·선행 개발 전용
aihub71761:data/raw/aihub71761/RT/ST/w00606_f0.png,aihub71761,data/raw/aihub71761/RT/ST/w00606_f0.png,ce26844706a4c292e6c3d148be18f37662c9e7cfd5bde289e71d1eee20f23c2d,1280,720,RT,ST,True,1,porosity,2011,기공,polygon,True,d374eb8a633e6eb6e9fbc8000530cd0bb5fecea91888049ebe6b06d004643061,grp_ST_ce26844706a4,1,ST|porosity,eval,,,,none,,none,,aihub-mock-v1,1,MOCK — 실이미지 없음. 스키마 검증·선행 개발 전용
aihub71761:data/raw/aihub71761/RT/ST/w00467_f0.png,aihub71761,data/raw/aihub71761/RT/ST/w00467_f0.png,ce4ece4c2605b6f266fdf2d7e7d01e1cfa8503655e01dd1fb3c913d05a68fa66,1280,720,RT,ST,True,1,porosity,2011,기공,polygon,True,b2de2d36aa8274aa04cd04cbae34be14c70fa5695d1d80126a2230aeb57d9a72,grp_ST_ce4ece4c2605,1,ST|porosity,train,C1,,,none,,none,,aihub-mock-v1,1,MOCK — 실이미지 없음. 스키마 검증·선행 개발 전용
aihub71761:data/raw/aihub71761/RT/ST/w00178_f0.png,aihub71761,data/raw/aihub71761/RT/ST/w00178_f0.png,ce50c10163110ec0a1bc23a86f894fe2085cdd3156bb738a327fdd2df8dc313c,1280,720,RT,ST,True,1,porosity,2011,기공,polygon,True,47ef4bdcaf64ad2e825004e4568673dc1d00c570bd4e516f2d42a7b1318d3ef9,grp_ST_ce50c1016311,1,ST|porosity,train,C1,,,none,,none,,aihub-mock-v1,1,MOCK — 실이미지 없음. 스키마 검증·선행 개발 전용
aihub71761:data/raw/aihub71761/RT/ST/w00362_f0.png,aihub71761,data/raw/aihub71761/RT/ST/w00362_f0.png,ce69f8ecf9a262d7a8225455186cf447aafeab52b43b3172eddeaeeab6dea436,1280,720,RT,ST,False,0,,,,polygon,True,27c4ad52edf5508d9be23b7d7ab22bd122795aeacdb0aa7de088d8ece1065588,grp_ST_ce69f8ecf9a2,1,ST|__normal__,eval,,judgment_2000,,none,,none,,aihub-mock-v1,1,MOCK — 실이미지 없음. 스키마 검증·선행 개발 전용
aihub71761:data/raw/aihub71761/RT/ST/w00255_f0.png,aihub71761,data/raw/aihub71761/RT/ST/w00255_f0.png,ce817a6c8d388d9e53bb0f17faeb7d6d8829ae1a0bc8f7f6a37e648682748ad9,1280,720,RT,ST,True,1,porosity,2011,기공,polygon,True,ef29ef0ce52a1bc1ebb4b7214bf5b051adce8b8060533133a1f59b5504ac745f,grp_ST_ce817a6c8d38,1,ST|porosity,val,C1,,,none,,none,,aihub-mock-v1,1,MOCK — 실이미지 없음. 스키마 검증·선행 개발 전용
aihub71761:data/raw/aihub71761/RT/ST/w00137_f0.png,aihub71761,data/raw/aihub71761/RT/ST/w00137_f0.png,cef3c4665c809b0902c6ee61921ad5d98bc452d54e2e3f191560631567793ad9,1280,720,RT,ST,True,1,crack,100,균열,polygon,True,68c2fd31fa0c72f8f0bf44023ca298fc3efdd161aea63e9c0181a7468555398c,grp_ST_cef3c4665c80,1,ST|crack,train,C1,,,none,,none,,aihub-mock-v1,1,MOCK — 실이미지 없음. 스키마 검증·선행 개발 전용
aihub71761:data/raw/aihub71761/RT/ST/w00300_f0.png,aihub71761,data/raw/aihub71761/RT/ST/w00300_f0.png,cf4ac631b1c05c3e92cf35ee6d4e82040059b2ad830ccf3eafc9be3aeea39d87,1280,720,RT,ST,True,1,porosity,2011,기공,polygon,True,712a038f2f13c45c39da9ed6f2b31bd0e5971c071a5c03540de06b8926508021,grp_ST_8451c2ed73b1,4,ST|porosity,train,C1,,,none,,none,,aihub-mock-v1,1,MOCK — 실이미지 없음. 스키마 검증·선행 개발 전용
aihub71761:data/raw/aihub71761/RT/ST/w00391_f0.png,aihub71761,data/raw/aihub71761/RT/ST/w00391_f0.png,cf6a5e25b6d121675f5b936da3c16522fe448409532911aef6daadb9a37101e5,1280,720,RT,ST,False,0,,,,polygon,True,60db0e9c795c628c2e220694b543ca909d9be493d327b75d6194b738d497e973,grp_ST_cf6a5e25b6d1,1,ST|__normal__,train,C2,,,none,,none,,aihub-mock-v1,1,MOCK — 실이미지 없음. 스키마 검증·선행 개발 전용
aihub71761:data/raw/aihub71761/RT/ST/w00395_f2.png,aihub71761,data/raw/aihub71761/RT/ST/w00395_f2.png,cfbdf5607a823e61a684cba44e49c12a7a827c0ff20089202c8f8cd55527a4eb,1280,720,RT,ST,True,1,crack,100,균열,polygon,True,5fdedcfa555e0a9d11441be6a527e322d0273cbdedabd2dac0a26f358cb5211e,grp_ST_0bc5c40adadd,3,ST|crack,eval,,,,none,,none,,aihub-mock-v1,1,MOCK — 실이미지 없음. 스키마 검증·선행 개발 전용
aihub71761:data/raw/aihub71761/RT/ST/w00322_f2.png,aihub71761,data/raw/aihub71761/RT/ST/w00322_f2.png,cfce8fd4cb191bc1862d3c7f71c527335dd08874beccb93ce459d9e9bd1c189d,1280,720,RT,ST,True,1,porosity,2011,기공,polygon,True,627e424c4698735e1a42a5c9393a61935c3f61c2768c9c09656deabb1a60dd64,grp_ST_204bc97ed7bb,4,ST|porosity,train,C1,,,none,,none,,aihub-mock-v1,1,MOCK — 실이미지 없음. 스키마 검증·선행 개발 전용
aihub71761:data/raw/aihub71761/RT/ST/w00180_f0.png,aihub71761,data/raw/aihub71761/RT/ST/w00180_f0.png,d0287ca4b8106d7d5aa78b6e6398543e03b949c81a5da7c4863dc59b49e29aba,1280,720,RT,ST,True,1,porosity,2011,기공,polygon,True,440c94798f0642e61dbebd98c5ad2234a38de8909869e837d680deba36d89ed9,grp_ST_d0287ca4b810,1,ST|porosity,train,C1,,,none,,none,,aihub-mock-v1,1,MOCK — 실이미지 없음. 스키마 검증·선행 개발 전용
aihub71761:data/raw/aihub71761/RT/ST/w00276_f0.png,aihub71761,data/raw/aihub71761/RT/ST/w00276_f0.png,d03be683695d9e2e106f5dd7959740e73c95b27f47dfd677625df939972ae848,1280,720,RT,ST,True,2,porosity;slag_inclusion,2011;301,기공;슬래그혼입,polygon,True,a29b4cf450fd2466e3760fd8dbd2fc9ed46395e8fb4300a5a20df8da25c1f170,grp_ST_d03be683695d,1,ST|slag_inclusion,eval,,judgment_2000,,none,,none,,aihub-mock-v1,1,MOCK — 실이미지 없음. 스키마 검증·선행 개발 전용
aihub71761:data/raw/aihub71761/RT/ST/w00153_f0.png,aihub71761,data/raw/aihub71761/RT/ST/w00153_f0.png,d19d394bc9becd96f75e0b3896fb5eeeedb50fb79afe05b93b8306b64fc54d45,1280,720,RT,ST,False,0,,,,polygon,True,ff559e6f1d86f1c88277225ec302bc9dd6e39fabb06228acaaa7e862c104698b,grp_ST_cafefd7b0437,2,ST|__normal__,train,C2,,,none,,none,,aihub-mock-v1,1,MOCK — 실이미지 없음. 스키마 검증·선행 개발 전용
aihub71761:data/raw/aihub71761/RT/ST/w00438_f0.png,aihub71761,data/raw/aihub71761/RT/ST/w00438_f0.png,d1c4cd50344d76e7b11abe598cefed60cfacd94e9ebd58c15d628e816c1d057a,1280,720,RT,ST,False,0,,,,polygon,True,098fdae3a02f5a9f2b5f6ba1958c08aebb7cc05083103827b3713a43efc638b8,grp_ST_d1c4cd50344d,1,ST|__normal__,train,C1,,,none,,none,,aihub-mock-v1,1,MOCK — 실이미지 없음. 스키마 검증·선행 개발 전용
aihub71761:data/raw/aihub71761/RT/ST/w00405_f0.png,aihub71761,data/raw/aihub71761/RT/ST/w00405_f0.png,d21a80631a0124d8d9bdeaf856510192f2b0f2d9f7ec52883e669a004427d499,1280,720,RT,ST,False,0,,,,polygon,True,adb056c110c5ed1523e66bb569edcbb08467d540c146426680cd1d40dca19924,grp_ST_2cdbe061145e,4,ST|__normal__,train,C1,,,none,,none,,aihub-mock-v1,1,MOCK — 실이미지 없음. 스키마 검증·선행 개발 전용
aihub71761:data/raw/aihub71761/RT/ST/w00080_f3.png,aihub71761,data/raw/aihub71761/RT/ST/w00080_f3.png,d21fc7cc235b1e23fe1f81549216305bbcdf34c963786cd053415dc352e05f07,1280,720,RT,ST,False,0,,,,polygon,True,2324cd731d6c6fd150def02f9d860c6f84728b619683d2ae392a18da055aab1f,grp_ST_92d01e892305,4,ST|__normal__,eval,,,,none,,none,,aihub-mock-v1,1,MOCK — 실이미지 없음. 스키마 검증·선행 개발 전용
aihub71761:data/raw/aihub71761/RT/AL/w00107_f0.png,aihub71761,data/raw/aihub71761/RT/AL/w00107_f0.png,d247e48f7f22377f8bbf7bc4f899dd91acabaac0f2a210409b06092add89fb11,1280,720,RT,AL,True,1,porosity,2011,기공,polygon,True,6801e8012ba7a493fdda7fd9746fa5008d9cbe4e8c9190c05d85fa5f25a21628,grp_AL_d247e48f7f22,1,AL|porosity,eval,,,,none,,none,,aihub-mock-v1,1,MOCK — 실이미지 없음. 스키마 검증·선행 개발 전용
aihub71761:data/raw/aihub71761/RT/ST/w00229_f1.png,aihub71761,data/raw/aihub71761/RT/ST/w00229_f1.png,d24dc6cbf51570a12a417502d0d09b9557fe772226de2d8a48e372205684865f,1280,720,RT,ST,True,1,lack_of_fusion,401,융합불량,polygon,True,f688323d8829fa5422e16c797f0004a83b9b4f9f72bad8c08540cf3e9f61e570,grp_ST_101793266061,4,ST|lack_of_fusion,eval,,,,none,,none,,aihub-mock-v1,1,MOCK — 실이미지 없음. 스키마 검증·선행 개발 전용
aihub71761:data/raw/aihub71761/RT/AL/w00042_f0.png,aihub71761,data/raw/aihub71761/RT/AL/w00042_f0.png,d278c010514c5a2f98c442801993c2bed75f649245347911d116d8221a0dbd6d,1280,720,RT,AL,False,0,,,,polygon,True,a775e7fef57ae6f0c0fa82af2a8e06aac0ca7ea8551bdf3a2d839ae2ded15f5f,grp_AL_d278c010514c,1,AL|__normal__,train,C3,,,none,,none,,aihub-mock-v1,1,MOCK — 실이미지 없음. 스키마 검증·선행 개발 전용
aihub71761:data/raw/aihub71761/RT/ST/w00514_f0.png,aihub71761,data/raw/aihub71761/RT/ST/w00514_f0.png,d2a96bbb89b0831a26fa3d16d1c3bf762c248dee89ebd9bab1d3024dbe0d01b5,1280,720,RT,ST,True,1,porosity,2011,기공,polygon,True,7003214ac02d82cb80eed69d38715c21a4299273d6322228b925593f10b9344e,grp_ST_d2a96bbb89b0,1,ST|porosity,train,C1,,,none,,none,,aihub-mock-v1,1,MOCK — 실이미지 없음. 스키마 검증·선행 개발 전용
aihub71761:data/raw/aihub71761/RT/ST/w00531_f0.png,aihub71761,data/raw/aihub71761/RT/ST/w00531_f0.png,d2c6b96a08b348311fdfb235cbf825468f3674f490dd09a3620f5fa524bfb965,1280,720,RT,ST,True,1,porosity,2011,기공,polygon,True,e38c5d83d52e5b2148bdacad45ddb4a001c1df078651e597e374e5351107da33,grp_ST_d2c6b96a08b3,1,ST|porosity,eval,,,,none,,none,,aihub-mock-v1,1,MOCK — 실이미지 없음. 스키마 검증·선행 개발 전용
aihub71761:data/raw/aihub71761/RT/ST/w00145_f1.png,aihub71761,data/raw/aihub71761/RT/ST/w00145_f1.png,d3073d7f021545a3e966e53b636fbb169b30e09fcad90d6c5d07e377825eebdd,1280,720,RT,ST,True,1,porosity,2011,기공,polygon,True,b9ec46883c271bb0734c2e8aa4387ef1da90480e90d9f0ca0b9009bdff2d5937,grp_ST_48dfd68e0af8,3,ST|porosity,val,C1,,,none,,none,,aihub-mock-v1,1,MOCK — 실이미지 없음. 스키마 검증·선행 개발 전용
aihub71761:data/raw/aihub71761/RT/ST/w00154_f0.png,aihub71761,data/raw/aihub71761/RT/ST/w00154_f0.png,d332729f3a876e98ff3af5954239fc4a45b3f6bf983a9512f2747123d1fa50f4,1280,720,RT,ST,False,0,,,,polygon,True,04e97a6919aeef356928546f39d4bd2025b96c02a491609d45b6a95ba26b8be1,grp_ST_d332729f3a87,1,ST|__normal__,train,C2,,,none,,none,,aihub-mock-v1,1,MOCK — 실이미지 없음. 스키마 검증·선행 개발 전용
aihub71761:data/raw/aihub71761/RT/ST/w00136_f1.png,aihub71761,data/raw/aihub71761/RT/ST/w00136_f1.png,d4d5ee3896b4e51491b4fe6c97c83ff8bbc444d8652c7186414e176f1dc886ed,1280,720,RT,ST,True,2,crack;porosity,100;2011,균열;기공,polygon,True,20d78cff216fc5a1a767d79fc9aa500be1546e614710ac0cdf48514d7311e64b,grp_ST_d4d5ee3896b4,2,ST|crack,train,C1,,,none,,none,,aihub-mock-v1,1,MOCK — 실이미지 없음. 스키마 검증·선행 개발 전용
aihub71761:data/raw/aihub71761/RT/ST/w00073_f0.png,aihub71761,data/raw/aihub71761/RT/ST/w00073_f0.png,d4ee83fbae4fa8e864397f1a45b0120b3e8a4d2a323b508037ad8f75301c8479,1280,720,RT,ST,True,1,lack_of_fusion,401,융합불량,polygon,True,52609338e8f6f8597183f8cb57797179cd5ca56d0aa0feac7c47201f23af9fc9,grp_ST_d4ee83fbae4f,1,ST|lack_of_fusion,val,C1,,,none,,none,,aihub-mock-v1,1,MOCK — 실이미지 없음. 스키마 검증·선행 개발 전용
aihub71761:data/raw/aihub71761/RT/ST/w00247_f0.png,aihub71761,data/raw/aihub71761/RT/ST/w00247_f0.png,d51c30d0511577872aad4c6fedeb8eb8826d53c9c439ce3c352e5893d9d703f0,1280,720,RT,ST,True,2,crack;porosity,100;2011,균열;기공,polygon,True,18a4ed95ec6da0ea1dee84c76ababa62c6aa8f2e6857950d879745572553f948,grp_ST_d51c30d05115,1,ST|crack,train,C2,,,none,,none,,aihub-mock-v1,1,MOCK — 실이미지 없음. 스키마 검증·선행 개발 전용
aihub71761:data/raw/aihub71761/RT/ST/w00452_f0.png,aihub71761,data/raw/aihub71761/RT/ST/w00452_f0.png,d5718b59affb16d2bf302bac63f5b93ce344bf3d728770a4f427f3f26fbd9a37,1280,720,RT,ST,True,1,porosity,2011,기공,polygon,True,c440466d6d490633a3bfdb98277ed212ef8911649b7e2b15330fa0f7eadd9bc0,grp_ST_d5718b59affb,1,ST|porosity,train,C1,,,none,,none,,aihub-mock-v1,1,MOCK — 실이미지 없음. 스키마 검증·선행 개발 전용
aihub71761:data/raw/aihub71761/RT/ST/w00273_f0.png,aihub71761,data/raw/aihub71761/RT/ST/w00273_f0.png,d600d3f3f59389105a2b548f85295c50eecc8efdfa315dafbd4a052fb984f712,1280,720,RT,ST,True,1,lack_of_fusion,401,융합불량,polygon,True,9056bc0234426e10206278391bf40ede1c15e2e02251a4a0e0beb16bf29d5c17,grp_ST_d600d3f3f593,1,ST|lack_of_fusion,eval,,judgment_2000,,none,,none,,aihub-mock-v1,1,MOCK — 실이미지 없음. 스키마 검증·선행 개발 전용
aihub71761:data/raw/aihub71761/RT/ST/w00429_f0.png,aihub71761,data/raw/aihub71761/RT/ST/w00429_f0.png,d602ded928a40aa21777fd0e266abd628e0d6beddbb2c957fad4287a4bb46484,1280,720,RT,ST,True,1,porosity,2011,기공,polygon,True,06bba69355bfd1e119ceeee6db1bb937092d19cd897b2a15050190d68f8b9b62,grp_ST_d602ded928a4,1,ST|porosity,train,C1,,,none,,none,,aihub-mock-v1,1,MOCK — 실이미지 없음. 스키마 검증·선행 개발 전용
aihub71761:data/raw/aihub71761/RT/ST/w00501_f2.png,aihub71761,data/raw/aihub71761/RT/ST/w00501_f2.png,d6069233bac9122ef5b294a29bf73f1ee2e98fda5027e1ee96e7bb5af988b20d,1280,720,RT,ST,True,1,porosity,2011,기공,polygon,True,324eca416f2aef4e5a8cff4cdc1e179179b8b39d28ca55c395304625b1391f9a,grp_ST_8af9959fd200,3,ST|porosity,eval,,,,none,,none,,aihub-mock-v1,1,MOCK — 실이미지 없음. 스키마 검증·선행 개발 전용
aihub71761:data/raw/aihub71761/RT/ST/w00597_f0.png,aihub71761,data/raw/aihub71761/RT/ST/w00597_f0.png,d6647082f4193e652d3eba751633bdace835104ab8283993efa7b2b44e86e243,1280,720,RT,ST,False,0,,,,polygon,True,36a042be61709014c91ad225c0a39ce98becd5f3d63432637bb7cdf0c657effc,grp_ST_d6647082f419,1,ST|__normal__,train,C2,,,none,,none,,aihub-mock-v1,1,MOCK — 실이미지 없음. 스키마 검증·선행 개발 전용
aihub71761:data/raw/aihub71761/RT/ST/w00175_f0.png,aihub71761,data/raw/aihub71761/RT/ST/w00175_f0.png,d6c5e156affbef966b92b3539f6f8fdbc2daf24626b0944437169519ea567fa2,1280,720,RT,ST,True,1,slag_inclusion,301,슬래그혼입,polygon,True,6b239c9ba619cb531ea17b96363f41c5673c137b3c99ab89bda9eb764c7ebcfb,grp_ST_d6c5e156affb,1,ST|slag_inclusion,train,C2,,,none,,none,,aihub-mock-v1,1,MOCK — 실이미지 없음. 스키마 검증·선행 개발 전용
aihub71761:data/raw/aihub71761/RT/ST/w00414_f0.png,aihub71761,data/raw/aihub71761/RT/ST/w00414_f0.png,d76e9f6e465a89cd0d4d82656440e91d3377a302d7cc5de1bde368306177daaa,1280,720,RT,ST,False,0,,,,polygon,True,b2218a734fc3b475a6676f1fd726e06791739d9f7c2ef56128ff1bbb1011d7ef,grp_ST_12cdc66b29e9,3,ST|__normal__,train,C2,,,none,,none,,aihub-mock-v1,1,MOCK — 실이미지 없음. 스키마 검증·선행 개발 전용
aihub71761:data/raw/aihub71761/RT/AL/w00033_f0.png,aihub71761,data/raw/aihub71761/RT/AL/w00033_f0.png,d7a0e4be47dee3769411f4ac45092c3858e732a3a40e74418c05f3ca696f8ac0,1280,720,RT,AL,True,1,porosity,2011,기공,polygon,True,e9265e2ddf13be1b7c105f58f409169374188049df19ae3ce0663def362646a7,grp_AL_33a87d51d1ed,4,AL|porosity,train,C3,,,none,,none,,aihub-mock-v1,1,MOCK — 실이미지 없음. 스키마 검증·선행 개발 전용
aihub71761:data/raw/aihub71761/RT/ST/w00359_f0.png,aihub71761,data/raw/aihub71761/RT/ST/w00359_f0.png,d7b60eb4cde054f9318e1fbb7b01ea102a2e31916229d9e786ab2d97d6ec555b,1280,720,RT,ST,False,0,,,,polygon,True,390bf9815b659abcd95aa0b5de8b8ded073d7c4fbcb24245f2da4bd5b4c771e1,grp_ST_d7b60eb4cde0,1,ST|__normal__,train,C2,,,none,,none,,aihub-mock-v1,1,MOCK — 실이미지 없음. 스키마 검증·선행 개발 전용
aihub71761:data/raw/aihub71761/RT/AL/w00045_f0.png,aihub71761,data/raw/aihub71761/RT/AL/w00045_f0.png,d7c0a85e7ec36c51e3c5033f2a2283756eda62a7cf0a7f4c73656eceacd82ad3,1280,720,RT,AL,False,0,,,,polygon,True,29239460c47728b384efeff03b5038850955b6e54ba0f9908469c2e105840742,grp_AL_d7c0a85e7ec3,1,AL|__normal__,eval,,,,none,,none,,aihub-mock-v1,1,MOCK — 실이미지 없음. 스키마 검증·선행 개발 전용
aihub71761:data/raw/aihub71761/RT/ST/w00285_f0.png,aihub71761,data/raw/aihub71761/RT/ST/w00285_f0.png,d7cc25cd9d390390f49d0d54c92e70565bdaef63bd887468a303661002c7c215,1280,720,RT,ST,False,0,,,,polygon,True,598b292f8f4b90b4a1248f6095f38558a7c8aff8b7618b20832125d07646cc45,grp_ST_d7cc25cd9d39,1,ST|__normal__,train,C2,,,none,,none,,aihub-mock-v1,1,MOCK — 실이미지 없음. 스키마 검증·선행 개발 전용
aihub71761:data/raw/aihub71761/RT/ST/w00075_f0.png,aihub71761,data/raw/aihub71761/RT/ST/w00075_f0.png,d87dec51e413835bc21f9635e3b01402826c618a221c29c0edd67d0d79dac834,1280,720,RT,ST,True,1,crack,100,균열,polygon,True,e15c0110aa5553752c4ebd0109433cf5ecf3eade84f9e4597017b40b8302ed8d,grp_ST_d87dec51e413,1,ST|crack,eval,,,,none,,none,,aihub-mock-v1,1,MOCK — 실이미지 없음. 스키마 검증·선행 개발 전용
aihub71761:data/raw/aihub71761/RT/ST/w00282_f0.png,aihub71761,data/raw/aihub71761/RT/ST/w00282_f0.png,d8d7bb466d606b87683ec7f441789e6161282ab46f92db243342ada90868e70a,1280,720,RT,ST,True,1,porosity,2011,기공,polygon,True,7d122623e224b52ba6fcdaab6de4030793d3fe17e73bcb701172589d9d506f0e,grp_ST_d8d7bb466d60,1,ST|porosity,val,C1,,,none,,none,,aihub-mock-v1,1,MOCK — 실이미지 없음. 스키마 검증·선행 개발 전용
aihub71761:data/raw/aihub71761/RT/ST/w00042_f0.png,aihub71761,data/raw/aihub71761/RT/ST/w00042_f0.png,d8dfafda83b3f15cd1371659d21e493eb4ff998ac76b2c1409b3749a07c853df,1280,720,RT,ST,False,0,,,,polygon,True,53cdeb91843231503b9f653465142f15f14ff38ac75b40e39ce52829e6f3bc63,grp_ST_d8dfafda83b3,1,ST|__normal__,eval,,,,none,,none,,aihub-mock-v1,1,MOCK — 실이미지 없음. 스키마 검증·선행 개발 전용
aihub71761:data/raw/aihub71761/RT/AL/w00036_f0.png,aihub71761,data/raw/aihub71761/RT/AL/w00036_f0.png,d9479fb9797ef1cfdff8ee8d078014b1428f6eab9351e0316373a0995c0f85d4,1280,720,RT,AL,False,0,,,,polygon,True,cc45aa7c2de8b2f55cfa0692048a5850ca58f66ef2385925e7082964165eae34,grp_AL_d9479fb9797e,1,AL|__normal__,eval,,judgment_2000,,none,,none,,aihub-mock-v1,1,MOCK — 실이미지 없음. 스키마 검증·선행 개발 전용
aihub71761:data/raw/aihub71761/RT/ST/w00077_f0.png,aihub71761,data/raw/aihub71761/RT/ST/w00077_f0.png,d97d969a390b530d5a2b482952fbf8a09ced57f54a9926e87b2c8e6046a9b4c6,1280,720,RT,ST,True,1,porosity,2011,기공,polygon,True,e1e358d5a65ed42db200c7d3e73fae74182335c5e2219f6ded3c68e70682b495,grp_ST_d97d969a390b,1,ST|porosity,eval,,judgment_2000,,none,,none,,aihub-mock-v1,1,MOCK — 실이미지 없음. 스키마 검증·선행 개발 전용
aihub71761:data/raw/aihub71761/RT/ST/w00317_f0.png,aihub71761,data/raw/aihub71761/RT/ST/w00317_f0.png,d9a6a444c3ddd4c87035eb8ac4e71b078067e7f7da8186a935507ee6eb24dc7f,1280,720,RT,ST,False,0,,,,polygon,True,16a38b5d6019bc55f41f18d7adf32d20598c33352aa8874a22d62b7e8221c06f,grp_ST_05270596ca8b,4,ST|__normal__,eval,,,,none,,none,,aihub-mock-v1,1,MOCK — 실이미지 없음. 스키마 검증·선행 개발 전용
aihub71761:data/raw/aihub71761/RT/ST/w00566_f0.png,aihub71761,data/raw/aihub71761/RT/ST/w00566_f0.png,da160b17c3e20c72b3947da7dcefebd3714babf07b5ac0a81d80c9d475537eff,1280,720,RT,ST,False,0,,,,polygon,True,ac771c9e3da8f2c6ac7f135af480089ffe6a5e8c0fa5b6f7e131a899a25ada20,grp_ST_da160b17c3e2,1,ST|__normal__,train,C2,,,none,,none,,aihub-mock-v1,1,MOCK — 실이미지 없음. 스키마 검증·선행 개발 전용
aihub71761:data/raw/aihub71761/RT/ST/w00299_f0.png,aihub71761,data/raw/aihub71761/RT/ST/w00299_f0.png,dab050ef21e16840d422aa2e430e993cdc0a15cf7f4eb423c9af6651fa059521,1280,720,RT,ST,False,0,,,,polygon,True,2f666b692c53169bce9fcf4a91eae703bee17940551e7c127afa808e47f4fba1,grp_ST_dab050ef21e1,1,ST|__normal__,train,C1,,,none,,none,,aihub-mock-v1,1,MOCK — 실이미지 없음. 스키마 검증·선행 개발 전용
aihub71761:data/raw/aihub71761/RT/ST/w00384_f0.png,aihub71761,data/raw/aihub71761/RT/ST/w00384_f0.png,dc3d88e9d35b3312d60e1cacbe7b7cf208ac337ff8087ec01221da8b3f335f75,1280,720,RT,ST,True,1,porosity,2011,기공,polygon,True,495edad6019f27c0a1a5b9704423a33316668e93d333886e6645be3aaf964c48,grp_ST_dc3d88e9d35b,1,ST|porosity,train,C1,,,none,,none,,aihub-mock-v1,1,MOCK — 실이미지 없음. 스키마 검증·선행 개발 전용
aihub71761:data/raw/aihub71761/RT/ST/w00478_f0.png,aihub71761,data/raw/aihub71761/RT/ST/w00478_f0.png,dc42b51f406d14c19693affdb9769416b021f1b97def614c1cda52d56605f66c,1280,720,RT,ST,True,1,crack,100,균열,polygon,True,fa065eeb52ae2cb09eb59e9c13e65d4390714bbeda8e2731ffe54ec4378295b4,grp_ST_dc42b51f406d,1,ST|crack,train,C1,,,none,,none,,aihub-mock-v1,1,MOCK — 실이미지 없음. 스키마 검증·선행 개발 전용
aihub71761:data/raw/aihub71761/RT/ST/w00378_f1.png,aihub71761,data/raw/aihub71761/RT/ST/w00378_f1.png,dc5d31d5832d148b9a51af61e078a24960125d868851ff29f3496dcceed9a8e4,1280,720,RT,ST,True,1,porosity,2011,기공,polygon,True,3a9ee800614200221a297cb706ba16b2581cd9afb3b73ef67a8703ffbd5007a1,grp_ST_84d1949e0ef9,2,ST|porosity,train,C1,,,none,,none,,aihub-mock-v1,1,MOCK — 실이미지 없음. 스키마 검증·선행 개발 전용
aihub71761:data/raw/aihub71761/RT/AL/w00118_f1.png,aihub71761,data/raw/aihub71761/RT/AL/w00118_f1.png,dc9a9a10e9e38757c582b8c574654331fb57b813a9b4e1dc0394e0a16f88aa98,1280,720,RT,AL,False,0,,,,polygon,True,ff36f3f8c906b4f13cc24c762f9323bacbdf85a48dc175df86ca9c79f4b6e62e,grp_AL_0dd3ce60a37d,3,AL|__normal__,train,C3,,,none,,none,,aihub-mock-v1,1,MOCK — 실이미지 없음. 스키마 검증·선행 개발 전용
aihub71761:data/raw/aihub71761/RT/ST/w00088_f0.png,aihub71761,data/raw/aihub71761/RT/ST/w00088_f0.png,dd5ad93af60455ee2c949b5eeb970da466d7e3896fd13e4f7f4bf29b4ca0b769,1280,720,RT,ST,False,0,,,,polygon,True,837795dd87fa73f5ea6d2675e333b76435d92331117d6327d53902943424a9b7,grp_ST_dd5ad93af604,1,ST|__normal__,train,C2,,,none,,none,,aihub-mock-v1,1,MOCK — 실이미지 없음. 스키마 검증·선행 개발 전용
aihub71761:data/raw/aihub71761/RT/AL/w00099_f2.png,aihub71761,data/raw/aihub71761/RT/AL/w00099_f2.png,dd85b6455b10f5a63b0f6959bda2aa07ac65125436e5267cc574ebbd07dee496,1280,720,RT,AL,True,1,slag_inclusion,301,슬래그혼입,polygon,True,6f7f94154211eb7edf30c9b33d4727a221abe13aed11a972c813af7acec7a143,grp_AL_60087a6991ee,4,AL|slag_inclusion,train,C3,,,none,,none,,aihub-mock-v1,1,MOCK — 실이미지 없음. 스키마 검증·선행 개발 전용
aihub71761:data/raw/aihub71761/RT/ST/w00121_f0.png,aihub71761,data/raw/aihub71761/RT/ST/w00121_f0.png,dd88d6818d574550ea0d9fe4333c2449c637da7165193589268bccbdb1381c26,1280,720,RT,ST,False,0,,,,polygon,True,be7c7cc40fc37b91c0a379771534b91070e5fa2c39f76c265f3f3d744a4e0162,grp_ST_dd88d6818d57,1,ST|__normal__,train,C2,,,none,,none,,aihub-mock-v1,1,MOCK — 실이미지 없음. 스키마 검증·선행 개발 전용
aihub71761:data/raw/aihub71761/RT/ST/w00117_f1.png,aihub71761,data/raw/aihub71761/RT/ST/w00117_f1.png,dded88e46b26498cf1f1da8c4b91ed250b498983be3ea371f77a9b984b9847f7,1280,720,RT,ST,True,1,porosity,2011,기공,polygon,True,495f2ad42d9685553892083aa24f72ed20e7ac2788684bd8931b3c5fe6aae530,grp_ST_866f9d61105d,4,ST|porosity,train,C1,,,none,,none,,aihub-mock-v1,1,MOCK — 실이미지 없음. 스키마 검증·선행 개발 전용
aihub71761:data/raw/aihub71761/RT/ST/w00327_f0.png,aihub71761,data/raw/aihub71761/RT/ST/w00327_f0.png,ddf7872c9373071d9bab621e8ac2281e34a4f95419f40b8c4a841744fd7a7042,1280,720,RT,ST,True,1,crack,100,균열,polygon,True,7fb87ff5edd38b35e03798452c5dac2135a4e25cf25c61ffb33bc4cd945921c4,grp_ST_ddf7872c9373,1,ST|crack,eval,,,,none,,none,,aihub-mock-v1,1,MOCK — 실이미지 없음. 스키마 검증·선행 개발 전용
aihub71761:data/raw/aihub71761/RT/AL/w00053_f0.png,aihub71761,data/raw/aihub71761/RT/AL/w00053_f0.png,de00fa0506e683d9c25ba7b2a8620cc938a79bc81546a6f699d40134f9a7cf56,1280,720,RT,AL,True,1,porosity,2011,기공,polygon,True,52d60a6953673af12f8736f33a5cb334a0e19b0e89f999fca5535a629a1ee78d,grp_AL_de00fa0506e6,1,AL|porosity,train,C3,,,none,,none,,aihub-mock-v1,1,MOCK — 실이미지 없음. 스키마 검증·선행 개발 전용
aihub71761:data/raw/aihub71761/RT/AL/w00022_f2.png,aihub71761,data/raw/aihub71761/RT/AL/w00022_f2.png,de064a137b6040ed55945e30a985ec2b6a09841c0853a2da19baf7f4cf79cd81,1280,720,RT,AL,True,1,slag_inclusion,301,슬래그혼입,polygon,True,7bf30796f27de1f8a79216e6051313ffa6e76fbccf51667a30435da1dc119dac,grp_AL_3c28b472fba8,3,AL|slag_inclusion,eval,,,,none,,none,,aihub-mock-v1,1,MOCK — 실이미지 없음. 스키마 검증·선행 개발 전용
aihub71761:data/raw/aihub71761/RT/ST/w00546_f0.png,aihub71761,data/raw/aihub71761/RT/ST/w00546_f0.png,de121d4f2215d40da1d1da0e7de24c81ca512f328133485f45a375d88e08c4c7,1280,720,RT,ST,True,2,crack;lack_of_fusion,100;401,균열;융합불량,polygon,True,1ed1b39775d768d352a98185fb3f2c2b967324955db58b7f7f26d98f396d0d2e,grp_ST_de121d4f2215,1,ST|crack,train,C1,,,none,,none,,aihub-mock-v1,1,MOCK — 실이미지 없음. 스키마 검증·선행 개발 전용
aihub71761:data/raw/aihub71761/RT/ST/w00513_f0.png,aihub71761,data/raw/aihub71761/RT/ST/w00513_f0.png,de8e6d3df2635d885946893b2797bb8be408a90f5ad494943d8c0daff388f01a,1280,720,RT,ST,False,0,,,,polygon,True,6919748a50642af63ae2b9c30af72e6b8346513785d0137d2b12ca7d891343d1,grp_ST_de8e6d3df263,1,ST|__normal__,train,C1,,,none,,none,,aihub-mock-v1,1,MOCK — 실이미지 없음. 스키마 검증·선행 개발 전용
aihub71761:data/raw/aihub71761/RT/ST/w00008_f0.png,aihub71761,data/raw/aihub71761/RT/ST/w00008_f0.png,dea3aea25019a5b4cac3ed0a9a142c1ec277484d43240e64ddb1d5013f5408c0,1280,720,RT,ST,True,1,porosity,2011,기공,polygon,True,77217962438835a18eebafb10ca57a49b185eff5c6c863c5ef9a8760b7ad0aaf,grp_ST_dea3aea25019,1,ST|porosity,train,C1,,,none,,none,,aihub-mock-v1,1,MOCK — 실이미지 없음. 스키마 검증·선행 개발 전용
aihub71761:data/raw/aihub71761/RT/AL/w00092_f1.png,aihub71761,data/raw/aihub71761/RT/AL/w00092_f1.png,deaf12ddcfff6af72ef6ef027d8a32b3a4959222dbc69633d6c1292e3a7c607e,1280,720,RT,AL,False,0,,,,polygon,True,2096d02128f393519df5da1b228c27646d3bb0dec8565a54edc5bd8991e4cd7e,grp_AL_348452a6a62d,2,AL|__normal__,train,C3,,,none,,none,,aihub-mock-v1,1,MOCK — 실이미지 없음. 스키마 검증·선행 개발 전용
aihub71761:data/raw/aihub71761/RT/ST/w00428_f0.png,aihub71761,data/raw/aihub71761/RT/ST/w00428_f0.png,def42199623561db5bbdbb38a5ff65e6d4e0570fb76aed96217845b9b2d871df,1280,720,RT,ST,True,1,lack_of_fusion,401,융합불량,polygon,True,2fe9eefbf001b739352184262e80ae3aa4edf7e2a6ada9de925340700bc5f5d6,grp_ST_def421996235,1,ST|lack_of_fusion,train,C1,,,none,,none,,aihub-mock-v1,1,MOCK — 실이미지 없음. 스키마 검증·선행 개발 전용
aihub71761:data/raw/aihub71761/RT/ST/w00482_f0.png,aihub71761,data/raw/aihub71761/RT/ST/w00482_f0.png,df0233850193d0d2145446ed93b28eb05f696757bd3b6f6f2a41df0f41ab7fde,1280,720,RT,ST,False,0,,,,polygon,True,f494a11f1f50538e1760940e774355dde210a08209e2328c4c6d2fee6b3882af,grp_ST_df0233850193,1,ST|__normal__,train,C2,,,none,,none,,aihub-mock-v1,1,MOCK — 실이미지 없음. 스키마 검증·선행 개발 전용
aihub71761:data/raw/aihub71761/RT/ST/w00594_f0.png,aihub71761,data/raw/aihub71761/RT/ST/w00594_f0.png,df20464313f56f28e943df7208d52d2c0714968c54e55601ef365d4eff05b56c,1280,720,RT,ST,True,2,crack;porosity,100;2011,균열;기공,polygon,True,c680603e62b54fea49bea7fbbaaebb9479a9ec9907697e34c52b069649272e3f,grp_ST_df20464313f5,1,ST|crack,train,C1,,,none,,none,,aihub-mock-v1,1,MOCK — 실이미지 없음. 스키마 검증·선행 개발 전용
aihub71761:data/raw/aihub71761/RT/ST/w00480_f1.png,aihub71761,data/raw/aihub71761/RT/ST/w00480_f1.png,df4e81d9b234c82e72fbb5bcd613a4f16fe941cf0541594548401839bcfb66c9,1280,720,RT,ST,True,1,porosity,2011,기공,polygon,True,1ca4bd5a511adfa6805b70263ea3874ae25a83a29711139adb336377dd09942b,grp_ST_22a0684c272c,4,ST|porosity,eval,,,,none,,none,,aihub-mock-v1,1,MOCK — 실이미지 없음. 스키마 검증·선행 개발 전용
aihub71761:data/raw/aihub71761/RT/ST/w00095_f1.png,aihub71761,data/raw/aihub71761/RT/ST/w00095_f1.png,df91bda730a87a994ee964850ba9ccff5ffbfd6a5da33d81f18830f08cc7df6b,1280,720,RT,ST,False,0,,,,polygon,True,7c783446967ae508a668dbfd755e93eb270946f09871d37745c27fd05ebcaedf,grp_ST_7a00ec2c8331,3,ST|__normal__,train,C2,,,none,,none,,aihub-mock-v1,1,MOCK — 실이미지 없음. 스키마 검증·선행 개발 전용
aihub71761:data/raw/aihub71761/RT/ST/w00182_f0.png,aihub71761,data/raw/aihub71761/RT/ST/w00182_f0.png,e03ba52dcb89c097d00e58038b19aa49bb4451e477cbd93b6bfa1364a81e259d,1280,720,RT,ST,True,1,porosity,2011,기공,polygon,True,4d5694007fc9a0ba7cb885204835d771da77279c9afd6dcfcc3c55d4461eb067,grp_ST_e03ba52dcb89,1,ST|porosity,train,C1,,,none,,none,,aihub-mock-v1,1,MOCK — 실이미지 없음. 스키마 검증·선행 개발 전용
aihub71761:data/raw/aihub71761/RT/ST/w00353_f0.png,aihub71761,data/raw/aihub71761/RT/ST/w00353_f0.png,e05a1021e47ffb0e0a50ae7ad760c03ae8d9e9970f010187463d28e4167a783b,1280,720,RT,ST,False,0,,,,polygon,True,6fd2bbbc25f59dfdaae00b3210d03a876440543c6982ec4edc16ab98aa043bf3,grp_ST_e05a1021e47f,1,ST|__normal__,train,C1,,,none,,none,,aihub-mock-v1,1,MOCK — 실이미지 없음. 스키마 검증·선행 개발 전용
aihub71761:data/raw/aihub71761/RT/AL/w00004_f0.png,aihub71761,data/raw/aihub71761/RT/AL/w00004_f0.png,e05b664262f8cbb5daf8d116418f3948cf355cbf0c50424e08d91d30b5eeb793,1280,720,RT,AL,False,0,,,,polygon,True,e4ff809a3dc8babdad8192d992925932f5222473445e2d5ace42c93d1f5473be,grp_AL_20be7a35deb9,2,AL|__normal__,train,C3,,,none,,none,,aihub-mock-v1,1,MOCK — 실이미지 없음. 스키마 검증·선행 개발 전용
aihub71761:data/raw/aihub71761/RT/ST/w00598_f1.png,aihub71761,data/raw/aihub71761/RT/ST/w00598_f1.png,e0bcdf6fb83313091a1cd4cf0c1736f5cc05244f20fa9f982e875af84de75362,1280,720,RT,ST,False,0,,,,polygon,True,d839ff5a3bf8d5cbe9799de45e01e5858c035375a08534bd21bdbe98ce3a515d,grp_ST_176043b2389f,2,ST|__normal__,train,C1,,,none,,none,,aihub-mock-v1,1,MOCK — 실이미지 없음. 스키마 검증·선행 개발 전용
aihub71761:data/raw/aihub71761/RT/AL/w00055_f0.png,aihub71761,data/raw/aihub71761/RT/AL/w00055_f0.png,e0c20bbbb75860840ef1da9968d6682b47e56d8b9d4a61ab390ead9497e40b15,1280,720,RT,AL,True,1,porosity,2011,기공,polygon,True,40d3bde0ed9286764a7c5f6ceef46e4f6a7d4948485ca99cb14143d74c36acec,grp_AL_e0c20bbbb758,1,AL|porosity,train,C3,,,none,,none,,aihub-mock-v1,1,MOCK — 실이미지 없음. 스키마 검증·선행 개발 전용
aihub71761:data/raw/aihub71761/RT/ST/w00079_f2.png,aihub71761,data/raw/aihub71761/RT/ST/w00079_f2.png,e0d4ea22e80d9b4c1ab0aeae19e0d3c2c14ca08031f83da2c1c6ff3f55d6db29,1280,720,RT,ST,False,0,,,,polygon,True,1e3f1980f5f75ce581fa35d9433e2f1d5513cfe6e0a8bded33b09627801a0ff6,grp_ST_4672d5587d92,4,ST|__normal__,train,C2,,,none,,none,,aihub-mock-v1,1,MOCK — 실이미지 없음. 스키마 검증·선행 개발 전용
aihub71761:data/raw/aihub71761/RT/ST/w00061_f0.png,aihub71761,data/raw/aihub71761/RT/ST/w00061_f0.png,e0ef6ecc51134ab0d9788b95dca2984ad71f9cdea6d7c9ec14a7aa06e2676828,1280,720,RT,ST,False,0,,,,polygon,True,29293e2d5f221c90ff311ff283fb91ee0262067d321bdf9f8948897f44dfdd62,grp_ST_e0ef6ecc5113,1,ST|__normal__,train,C2,,,none,,none,,aihub-mock-v1,1,MOCK — 실이미지 없음. 스키마 검증·선행 개발 전용
aihub71761:data/raw/aihub71761/RT/ST/w00096_f0.png,aihub71761,data/raw/aihub71761/RT/ST/w00096_f0.png,e1093fd73af9dea1bd47a2ab03c119e61757e62d01d460cd1800cedd054c03f8,1280,720,RT,ST,False,0,,,,polygon,True,8e57b7fbe043a250c1421821d9136267181cce98aa306a4c7e7f546d607510b5,grp_ST_e1093fd73af9,1,ST|__normal__,train,C2,,,none,,none,,aihub-mock-v1,1,MOCK — 실이미지 없음. 스키마 검증·선행 개발 전용
aihub71761:data/raw/aihub71761/RT/ST/w00579_f0.png,aihub71761,data/raw/aihub71761/RT/ST/w00579_f0.png,e1535222c82b122295f381860896bd76197c6dead9003ba242ba8ca68d9ce4ac,1280,720,RT,ST,False,0,,,,polygon,True,173e0a8edafdcc19e612fd2cff3874f261149d645253d48e51b99a7114bb63ae,grp_ST_e1535222c82b,1,ST|__normal__,train,C1,,,none,,none,,aihub-mock-v1,1,MOCK — 실이미지 없음. 스키마 검증·선행 개발 전용
aihub71761:data/raw/aihub71761/RT/ST/w00296_f0.png,aihub71761,data/raw/aihub71761/RT/ST/w00296_f0.png,e1c01b1efa9e9dbba75c77dc2abf9c6940a1520444707f42f86199b157127d50,1280,720,RT,ST,False,0,,,,polygon,True,e0cf34c65e0d664408871589537a6c679d9a796a9097a2ccc1ccd449830c39ec,grp_ST_35bd84f2a029,2,ST|__normal__,eval,,,,none,,none,,aihub-mock-v1,1,MOCK — 실이미지 없음. 스키마 검증·선행 개발 전용
aihub71761:data/raw/aihub71761/RT/ST/w00584_f1.png,aihub71761,data/raw/aihub71761/RT/ST/w00584_f1.png,e1c25e6331ce44875ba3810e1c5ffb344bcf7b04755222b96d20f43d8333cbb2,1280,720,RT,ST,True,1,crack,100,균열,polygon,True,f8287e310ceb22ad464e644a64625bf97aec70403016cb25cc1d1d5a05b1bcdf,grp_ST_8c3b371c7749,3,ST|crack,train,C1,,,none,,none,,aihub-mock-v1,1,MOCK — 실이미지 없음. 스키마 검증·선행 개발 전용
aihub71761:data/raw/aihub71761/RT/ST/w00550_f0.png,aihub71761,data/raw/aihub71761/RT/ST/w00550_f0.png,e220a21304b57a77d0de14234b6c1af1e446217b49be445d0589b3eeea69a47d,1280,720,RT,ST,False,0,,,,polygon,True,149ad941f549bb2fb0a4c6c0d99b5e237ba93aaccda4e14ffa18c72cd80c9493,grp_ST_52aa976d0f2f,4,ST|__normal__,val,C2,,,none,,none,,aihub-mock-v1,1,MOCK — 실이미지 없음. 스키마 검증·선행 개발 전용
aihub71761:data/raw/aihub71761/RT/ST/w00241_f2.png,aihub71761,data/raw/aihub71761/RT/ST/w00241_f2.png,e238b6c3efdf60119c1370a6e9371583a3f1cecd6170484589f719420588afc4,1280,720,RT,ST,False,0,,,,polygon,True,50eed4d642bf10326f077da528aa01c82b54e6c4a0f3329890d2ba53d356ebb2,grp_ST_1b6689d1667f,3,ST|__normal__,train,C2,,,none,,none,,aihub-mock-v1,1,MOCK — 실이미지 없음. 스키마 검증·선행 개발 전용
aihub71761:data/raw/aihub71761/RT/ST/w00017_f0.png,aihub71761,data/raw/aihub71761/RT/ST/w00017_f0.png,e24f6dc3ba38a1f673f55cb7dc34ec12c3985f440cd59b47abbd288a6b5064f8,1280,720,RT,ST,True,1,lack_of_fusion,401,융합불량,polygon,True,08d3eab3a386190d7fc692e8f2fd18ff95cf07ce5c61a285326fc253455f891a,grp_ST_e24f6dc3ba38,1,ST|lack_of_fusion,train,C1,,,none,,none,,aihub-mock-v1,1,MOCK — 실이미지 없음. 스키마 검증·선행 개발 전용
aihub71761:data/raw/aihub71761/RT/ST/w00365_f1.png,aihub71761,data/raw/aihub71761/RT/ST/w00365_f1.png,e265fec5643646a97f7e4e67cd8b0822f1b09fad55d2dfdbeafa3df541dd0fc9,1280,720,RT,ST,False,0,,,,polygon,True,8d38f83d12542d30d73c0725f9f8f002aba43b6ac1b121f806b5a7830bef0271,grp_ST_024387184e8b,3,ST|__normal__,train,C1,,,none,,none,,aihub-mock-v1,1,MOCK — 실이미지 없음. 스키마 검증·선행 개발 전용
aihub71761:data/raw/aihub71761/RT/ST/w00134_f2.png,aihub71761,data/raw/aihub71761/RT/ST/w00134_f2.png,e28634189e30676cc40b65c3a889359bd29d775350a1e205a389ecbd43ce3986,1280,720,RT,ST,True,1,porosity,2011,기공,polygon,True,1d049fd867e4c06a15628159c4a4e92604194481466fb9e9d36e919d7048e9ef,grp_ST_66fc2af77991,4,ST|porosity,train,C1,,,none,,none,,aihub-mock-v1,1,MOCK — 실이미지 없음. 스키마 검증·선행 개발 전용
aihub71761:data/raw/aihub71761/RT/ST/w00056_f0.png,aihub71761,data/raw/aihub71761/RT/ST/w00056_f0.png,e29907ce619d80dc44b34f763f07ee541ec1869cbf61e94401ccad1e6f6d8434,1280,720,RT,ST,False,0,,,,polygon,True,cb05b5718c1faef26f1afa025068ed231956360444928cda752969ef14d377cc,grp_ST_e29907ce619d,1,ST|__normal__,train,C1,,,none,,none,,aihub-mock-v1,1,MOCK — 실이미지 없음. 스키마 검증·선행 개발 전용
aihub71761:data/raw/aihub71761/RT/AL/w00083_f0.png,aihub71761,data/raw/aihub71761/RT/AL/w00083_f0.png,e2dc66afbea3f1c170cdc79ece17bfb3223b4e24203eb01a4060a03c24ff9c52,1280,720,RT,AL,True,1,slag_inclusion,301,슬래그혼입,polygon,True,8683751c35ad29bd3780fe4777aedce65aa9399c8048c372a3e6d18a99612a0a,grp_AL_e2dc66afbea3,1,AL|slag_inclusion,eval,,,,none,,none,,aihub-mock-v1,1,MOCK — 실이미지 없음. 스키마 검증·선행 개발 전용
aihub71761:data/raw/aihub71761/RT/ST/w00134_f1.png,aihub71761,data/raw/aihub71761/RT/ST/w00134_f1.png,e2f41ddb62ccb882896432186c172cd43af312f1b3de855fcddd204627486540,1280,720,RT,ST,True,1,porosity,2011,기공,polygon,True,1d049fd867e4c06a15628159c4a4e92604194481466fb9e9d36e919d7048e9ef,grp_ST_66fc2af77991,4,ST|porosity,train,C1,,,none,,none,,aihub-mock-v1,1,MOCK — 실이미지 없음. 스키마 검증·선행 개발 전용
aihub71761:data/raw/aihub71761/RT/ST/w00394_f0.png,aihub71761,data/raw/aihub71761/RT/ST/w00394_f0.png,e2f810ef4e2427fe6228c4a7c693662682091851d732e4c4779ebf0badf1f66d,1280,720,RT,ST,False,0,,,,polygon,True,843b69b084e927387409689c909ad97ff7784f3e5dbf29ed7e5900e517d9a5cf,grp_ST_3353bc1dd769,4,ST|__normal__,train,C2,,,none,,none,,aihub-mock-v1,1,MOCK — 실이미지 없음. 스키마 검증·선행 개발 전용
aihub71761:data/raw/aihub71761/RT/ST/w00266_f0.png,aihub71761,data/raw/aihub71761/RT/ST/w00266_f0.png,e304ffa2cb21cdf9cc5d93ebb0bc4e77568891d18b0df3f93ceb4e56d4f55318,1280,720,RT,ST,False,0,,,,polygon,True,66e52fd8d120fdb1730b5c24a55f690e727581ded13c3f8ffa6f36e8f2958ab3,grp_ST_e304ffa2cb21,1,ST|__normal__,train,C1,,,none,,none,,aihub-mock-v1,1,MOCK — 실이미지 없음. 스키마 검증·선행 개발 전용
aihub71761:data/raw/aihub71761/RT/ST/w00225_f0.png,aihub71761,data/raw/aihub71761/RT/ST/w00225_f0.png,e36e697f75ec20d15c5e25b7c1dc6cc2cdba3a8144661ac45cac13e6b30eb3a2,1280,720,RT,ST,True,1,porosity,2011,기공,polygon,True,34c4911e6db2b25180db303abc3b44557fc2a63be78e32164f8754998ba3623d,grp_ST_434c98e8e78a,2,ST|porosity,train,C1,,,none,,none,,aihub-mock-v1,1,MOCK — 실이미지 없음. 스키마 검증·선행 개발 전용
aihub71761:data/raw/aihub71761/RT/ST/w00263_f1.png,aihub71761,data/raw/aihub71761/RT/ST/w00263_f1.png,e37e4b0288afe8567b1dd9c7b28b492489ce422042449432152e4057b55667a0,1280,720,RT,ST,False,0,,,,polygon,True,595ba9e5adafd63c2d9796e91ab99ae6505a4a9d1f04a038ea17cb3d0a4ad1f9,grp_ST_8e0c3cec1fe1,2,ST|__normal__,eval,,,,none,,none,,aihub-mock-v1,1,MOCK — 실이미지 없음. 스키마 검증·선행 개발 전용
aihub71761:data/raw/aihub71761/RT/ST/w00595_f0.png,aihub71761,data/raw/aihub71761/RT/ST/w00595_f0.png,e3a8ce361950965539692353eb7fe04b9c3d8940d218b55ddc6689a4561b51c1,1280,720,RT,ST,False,0,,,,polygon,True,f361c7b45f23083072855ec5b41084f7f7bee2bdb7fb65b858571eba814107d6,grp_ST_e3a8ce361950,1,ST|__normal__,val,C1,,,none,,none,,aihub-mock-v1,1,MOCK — 실이미지 없음. 스키마 검증·선행 개발 전용
aihub71761:data/raw/aihub71761/RT/ST/w00305_f0.png,aihub71761,data/raw/aihub71761/RT/ST/w00305_f0.png,e3de1d93288b583a2dc4b18ab3a15cd9fd20fb1cb7879277098e41b9dbd401d2,1280,720,RT,ST,True,1,porosity,2011,기공,polygon,True,22c9ffcc3a5644bb1cef6cfec2cee480e4bc84d141cc2364dd9be3d38e9b6cb0,grp_ST_e3de1d93288b,1,ST|porosity,train,C1,,,none,,none,,aihub-mock-v1,1,MOCK — 실이미지 없음. 스키마 검증·선행 개발 전용
aihub71761:data/raw/aihub71761/RT/ST/w00103_f1.png,aihub71761,data/raw/aihub71761/RT/ST/w00103_f1.png,e3f0775cb9fa9bfcfd6abe615d3cd9c313ac6d5c315867936a8d76e39bf50f68,1280,720,RT,ST,True,1,porosity,2011,기공,polygon,True,02ad8abc0257bd2ebb2b555b6c061aeacd2e0f8fa0b030356341a801da464b2a,grp_ST_296dd64d7a67,3,ST|porosity,train,C1,,,none,,none,,aihub-mock-v1,1,MOCK — 실이미지 없음. 스키마 검증·선행 개발 전용
aihub71761:data/raw/aihub71761/RT/ST/w00371_f2.png,aihub71761,data/raw/aihub71761/RT/ST/w00371_f2.png,e455f4555c3c709bb6b75f6cb4d735c0742204c349d1a05b11b2322f093597d9,1280,720,RT,ST,True,1,crack,100,균열,polygon,True,b8ba12db861f226f010f56d11bc1b47e2b0f5d2e1461cd5ace72c6813afb40b4,grp_ST_3823e04c7863,4,ST|crack,train,C2,,,none,,none,,aihub-mock-v1,1,MOCK — 실이미지 없음. 스키마 검증·선행 개발 전용
aihub71761:data/raw/aihub71761/RT/ST/w00329_f2.png,aihub71761,data/raw/aihub71761/RT/ST/w00329_f2.png,e464637ad3640e33393b3fd34ee536cbdeb53189ffc2b9fd21f04166652a1fc1,1280,720,RT,ST,False,0,,,,polygon,True,6964bf7b97ddff734400d249de2b5ec6040c41b11d274d0240b11c1f2f20c78a,grp_ST_66dc07f36d3c,4,ST|__normal__,train,C2,,,none,,none,,aihub-mock-v1,1,MOCK — 실이미지 없음. 스키마 검증·선행 개발 전용
aihub71761:data/raw/aihub71761/RT/ST/w00412_f0.png,aihub71761,data/raw/aihub71761/RT/ST/w00412_f0.png,e4c2acef0bae602339570d968db4ce51d3b9f7d67d332b2ae2c32bb1f283b695,1280,720,RT,ST,True,2,crack;porosity,100;2011,균열;기공,polygon,True,417dece9c022546d061d6abaf4d0d6b8e31993e5e6c291d8dd2b5135c3716d37,grp_ST_54fdd23d6c46,2,ST|crack,train,C2,,,none,,none,,aihub-mock-v1,1,MOCK — 실이미지 없음. 스키마 검증·선행 개발 전용
aihub71761:data/raw/aihub71761/RT/ST/w00133_f0.png,aihub71761,data/raw/aihub71761/RT/ST/w00133_f0.png,e4ca4fcd2f37daed98c5235c4fee5ebedeee3af30dcb4c20dccc85f04bd71a1f,1280,720,RT,ST,True,1,lack_of_fusion,401,융합불량,polygon,True,b42fc113be5c1120011fdfd28d79facb911fc7f715cb608f6d106a53338286bf,grp_ST_e4ca4fcd2f37,1,ST|lack_of_fusion,train,C1,,,none,,none,,aihub-mock-v1,1,MOCK — 실이미지 없음. 스키마 검증·선행 개발 전용
aihub71761:data/raw/aihub71761/RT/ST/w00462_f0.png,aihub71761,data/raw/aihub71761/RT/ST/w00462_f0.png,e50c3dc24af88bb87fc26210b236580dbcdc3022b75460e45abc763caea5555b,1280,720,RT,ST,True,1,porosity,2011,기공,polygon,True,977d8063366a60ff601a10326e57b7bd8d6efd50fcc60ee823dd40ff2b32b384,grp_ST_e50c3dc24af8,1,ST|porosity,train,C1,,,none,,none,,aihub-mock-v1,1,MOCK — 실이미지 없음. 스키마 검증·선행 개발 전용
aihub71761:data/raw/aihub71761/RT/AL/w00046_f0.png,aihub71761,data/raw/aihub71761/RT/AL/w00046_f0.png,e5234dc2325d40410c2f12d97f14ce0f689a87ab054d47ed432f9d2b42de3eea,1280,720,RT,AL,True,1,porosity,2011,기공,polygon,True,311e940976825891cc47f1d758c56dfa8dfb8fe2c415bc1579e2307994b27b72,grp_AL_e5234dc2325d,1,AL|porosity,eval,,judgment_2000,,none,,none,,aihub-mock-v1,1,MOCK — 실이미지 없음. 스키마 검증·선행 개발 전용
aihub71761:data/raw/aihub71761/RT/ST/w00040_f1.png,aihub71761,data/raw/aihub71761/RT/ST/w00040_f1.png,e53ffe750462f119dc88b4a4930cdeaa2927040dabbc28cc1b019569a2fcfd1e,1280,720,RT,ST,False,0,,,,polygon,True,c28365f2951dc9a90c4aac0565fcc9d8a849f9f5020d9855bf1404fb162807d3,grp_ST_1daaa0a2940e,4,ST|__normal__,eval,,,,none,,none,,aihub-mock-v1,1,MOCK — 실이미지 없음. 스키마 검증·선행 개발 전용
aihub71761:data/raw/aihub71761/RT/ST/w00371_f0.png,aihub71761,data/raw/aihub71761/RT/ST/w00371_f0.png,e5404f500ffd8fa3f589688bc6e71ea833ae04a698870a1ec966cd5790c4c019,1280,720,RT,ST,True,1,crack,100,균열,polygon,True,b8ba12db861f226f010f56d11bc1b47e2b0f5d2e1461cd5ace72c6813afb40b4,grp_ST_3823e04c7863,4,ST|crack,train,C2,,,none,,none,,aihub-mock-v1,1,MOCK — 실이미지 없음. 스키마 검증·선행 개발 전용
aihub71761:data/raw/aihub71761/RT/ST/w00162_f0.png,aihub71761,data/raw/aihub71761/RT/ST/w00162_f0.png,e5937c035597ccad83b28d62e7a8972fc6490c010f41707425068a0f02648e3d,1280,720,RT,ST,False,0,,,,polygon,True,4ef36b1c7cc81e5d734c696f01bd5e1f275547dd39c1cbda8c7fef08ffdc895f,grp_ST_3ad98e2086b1,2,ST|__normal__,train,C2,,,none,,none,,aihub-mock-v1,1,MOCK — 실이미지 없음. 스키마 검증·선행 개발 전용
aihub71761:data/raw/aihub71761/RT/ST/w00345_f0.png,aihub71761,data/raw/aihub71761/RT/ST/w00345_f0.png,e5d45e3e62f7d156905bd87a032817964ed56b49bce5167bb05222f4e6606d66,1280,720,RT,ST,True,1,porosity,2011,기공,polygon,True,c67ce9a03bf52db92b1ad1633766761aafa9494df2bd3ce0a6ffe8a8e27b10be,grp_ST_e5d45e3e62f7,1,ST|porosity,train,C1,,,none,,none,,aihub-mock-v1,1,MOCK — 실이미지 없음. 스키마 검증·선행 개발 전용
aihub71761:data/raw/aihub71761/RT/ST/w00230_f2.png,aihub71761,data/raw/aihub71761/RT/ST/w00230_f2.png,e5f3c4bf74aee25b3d2100ac5f3e52706ad94372df55c0edc4dbedc96d60bb2b,1280,720,RT,ST,True,1,porosity,2011,기공,polygon,True,052c89c5e799bef26de2cafa7d51fdd028e555da60e6324fb4d1a1920b5ecb98,grp_ST_515c22606bcf,4,ST|porosity,train,C1,,,none,,none,,aihub-mock-v1,1,MOCK — 실이미지 없음. 스키마 검증·선행 개발 전용
aihub71761:data/raw/aihub71761/RT/ST/w00313_f0.png,aihub71761,data/raw/aihub71761/RT/ST/w00313_f0.png,e5f8ba676db19315a4b6278dded85455690145af8efe406ab2f6743765e21599,1280,720,RT,ST,False,0,,,,polygon,True,ef78f44748b2af66fe4f11a25b1b78c8549c2edf03e5589d49982558a8875be8,grp_ST_e5f8ba676db1,1,ST|__normal__,train,C2,,,none,,none,,aihub-mock-v1,1,MOCK — 실이미지 없음. 스키마 검증·선행 개발 전용
aihub71761:data/raw/aihub71761/RT/ST/w00270_f0.png,aihub71761,data/raw/aihub71761/RT/ST/w00270_f0.png,e6831da78940e4b9fb1db7d42b497b5a3ccb0fb263151a8a6fba1da3cd361178,1280,720,RT,ST,False,0,,,,polygon,True,e66761f691fe85eb27475bf9899769d8ad95c31c0bc65e95d0f4fd05908d394a,grp_ST_e6831da78940,1,ST|__normal__,eval,,,,none,,none,,aihub-mock-v1,1,MOCK — 실이미지 없음. 스키마 검증·선행 개발 전용
aihub71761:data/raw/aihub71761/RT/ST/w00527_f1.png,aihub71761,data/raw/aihub71761/RT/ST/w00527_f1.png,e691803216c535d9cb55ac9ef2a9470c18ac18900e64f0561939b3a1f740c3bc,1280,720,RT,ST,True,1,porosity,2011,기공,polygon,True,9a6203a1d40134093a767c4602763833d826720e5163591ea1727fc51ffec8ce,grp_ST_07c1b4c7e0fd,3,ST|porosity,val,C1,,,none,,none,,aihub-mock-v1,1,MOCK — 실이미지 없음. 스키마 검증·선행 개발 전용
aihub71761:data/raw/aihub71761/RT/AL/w00025_f0.png,aihub71761,data/raw/aihub71761/RT/AL/w00025_f0.png,e74379d5163ef3a8407d860ba0e3f35f6afb7ea849f9dfe390d2ac8089710416,1280,720,RT,AL,True,1,lack_of_fusion,401,융합불량,polygon,True,99497c528c4f86d358c53ddafafe9fa711d0b174b5be1b112a51ceccea36ed83,grp_AL_e74379d5163e,1,AL|lack_of_fusion,train,C3,,,none,,none,,aihub-mock-v1,1,MOCK — 실이미지 없음. 스키마 검증·선행 개발 전용
aihub71761:data/raw/aihub71761/RT/ST/w00047_f0.png,aihub71761,data/raw/aihub71761/RT/ST/w00047_f0.png,e77f6a4132dddc88b63bb2fdf8aa686fb27cae2963fb13705edacb51fb550310,1280,720,RT,ST,False,0,,,,polygon,True,490692afb447dd07af36878661bc3a5c65b660ad7f60dbd2f8200fac81c3661c,grp_ST_e77f6a4132dd,1,ST|__normal__,train,C1,,,none,,none,,aihub-mock-v1,1,MOCK — 실이미지 없음. 스키마 검증·선행 개발 전용
aihub71761:data/raw/aihub71761/RT/AL/w00019_f0.png,aihub71761,data/raw/aihub71761/RT/AL/w00019_f0.png,e78e3c7839a32e0c3468e3f30030236a08de3b3638956cf67942eab6dddf7833,1280,720,RT,AL,True,1,porosity,2011,기공,polygon,True,e9fa265a190deb81d37370b43917674b3cbbc4b5c617b2edfe41685faca85722,grp_AL_e78e3c7839a3,1,AL|porosity,train,C3,,,none,,none,,aihub-mock-v1,1,MOCK — 실이미지 없음. 스키마 검증·선행 개발 전용
aihub71761:data/raw/aihub71761/RT/ST/w00086_f0.png,aihub71761,data/raw/aihub71761/RT/ST/w00086_f0.png,e7bb1f2df1a6e4fb6de3ae2ff7029ee8124c76803271fcbd5e63d846696d56b4,1280,720,RT,ST,True,1,porosity,2011,기공,polygon,True,680497f409c08fdd1e908f1084c9672e22ddbe51bebcc01c9120e57444305022,grp_ST_e7bb1f2df1a6,1,ST|porosity,train,C1,,,none,,none,,aihub-mock-v1,1,MOCK — 실이미지 없음. 스키마 검증·선행 개발 전용
aihub71761:data/raw/aihub71761/RT/AL/w00061_f0.png,aihub71761,data/raw/aihub71761/RT/AL/w00061_f0.png,e82c141ac706a41ff72415973c8a2b5e792d38dc79e91a3228526d26f6d5e468,1280,720,RT,AL,True,1,porosity,2011,기공,polygon,True,1404a4877c4647fde0453ee3522487186b3c23d9259a982dd37922654d962bd5,grp_AL_e82c141ac706,1,AL|porosity,train,C3,,,none,,none,,aihub-mock-v1,1,MOCK — 실이미지 없음. 스키마 검증·선행 개발 전용
aihub71761:data/raw/aihub71761/RT/ST/w00539_f0.png,aihub71761,data/raw/aihub71761/RT/ST/w00539_f0.png,e83f1fb47a7f11fdd68e99e981cf3094f9504628120064f2ea9bf13934cc84f1,1280,720,RT,ST,True,1,porosity,2011,기공,polygon,True,9492cdb54b5f85384e26a2d014e89f50cecefc298ae40a4125a4f751db43c4ca,grp_ST_e83f1fb47a7f,1,ST|porosity,eval,,judgment_2000,,none,,none,,aihub-mock-v1,1,MOCK — 실이미지 없음. 스키마 검증·선행 개발 전용
aihub71761:data/raw/aihub71761/RT/ST/w00415_f0.png,aihub71761,data/raw/aihub71761/RT/ST/w00415_f0.png,e84a44ca05161a1c0e67634fa478a8cf375ba1aa1f54de7b5a8af50ab94b4599,1280,720,RT,ST,False,0,,,,polygon,True,f9bbf3fc5955413e0925e4d93951651d3a97e333c090414e14a3bad120cc44cb,grp_ST_e84a44ca0516,1,ST|__normal__,val,C2,,,none,,none,,aihub-mock-v1,1,MOCK — 실이미지 없음. 스키마 검증·선행 개발 전용
aihub71761:data/raw/aihub71761/RT/ST/w00267_f3.png,aihub71761,data/raw/aihub71761/RT/ST/w00267_f3.png,e854040a2d07b017e43d4227c69912cfd80982babc799c7c3b60740c6ab1b687,1280,720,RT,ST,False,0,,,,polygon,True,dcdda06548886a65e8b31cf963f31455835bcd37dde42037da50c5bba5f15564,grp_ST_79273e3fc8b1,4,ST|__normal__,val,C1,,,none,,none,,aihub-mock-v1,1,MOCK — 실이미지 없음. 스키마 검증·선행 개발 전용
aihub71761:data/raw/aihub71761/RT/ST/w00329_f3.png,aihub71761,data/raw/aihub71761/RT/ST/w00329_f3.png,e85ecfb46c2d9043d659066b8f1fdb468ed10ccc807d90dc2807ac47a12e1c87,1280,720,RT,ST,False,0,,,,polygon,True,6964bf7b97ddff734400d249de2b5ec6040c41b11d274d0240b11c1f2f20c78a,grp_ST_66dc07f36d3c,4,ST|__normal__,train,C2,,,none,,none,,aihub-mock-v1,1,MOCK — 실이미지 없음. 스키마 검증·선행 개발 전용
aihub71761:data/raw/aihub71761/RT/ST/w00322_f3.png,aihub71761,data/raw/aihub71761/RT/ST/w00322_f3.png,e8798c39ba2cba99769e6b8d16437ab084034093fa51108287731de08cae1b32,1280,720,RT,ST,True,1,porosity,2011,기공,polygon,True,627e424c4698735e1a42a5c9393a61935c3f61c2768c9c09656deabb1a60dd64,grp_ST_204bc97ed7bb,4,ST|porosity,train,C1,,,none,,none,,aihub-mock-v1,1,MOCK — 실이미지 없음. 스키마 검증·선행 개발 전용
aihub71761:data/raw/aihub71761/RT/ST/w00091_f0.png,aihub71761,data/raw/aihub71761/RT/ST/w00091_f0.png,e889a84490338a0d786f1a25a4269aaee33336e2cafdf4d63a3d1901559269d4,1280,720,RT,ST,True,1,porosity,2011,기공,polygon,True,b94e665f6ec197d07d2024338e912a70ed38da55bb016a524bacc5aea32a7fb9,grp_ST_0545d74ba8e7,4,ST|porosity,train,C1,,,none,,none,,aihub-mock-v1,1,MOCK — 실이미지 없음. 스키마 검증·선행 개발 전용
aihub71761:data/raw/aihub71761/RT/ST/w00032_f0.png,aihub71761,data/raw/aihub71761/RT/ST/w00032_f0.png,e8c820a3003be415bfa91c97b964c9d355211ed059fa4ff0650b217bcd47e09d,1280,720,RT,ST,False,0,,,,polygon,True,2c540a1e8f1bcdac9775ec7405bcc0cf696e0d289866a5924ba5d9521af10ee0,grp_ST_e8c820a3003b,1,ST|__normal__,train,C2,,,none,,none,,aihub-mock-v1,1,MOCK — 실이미지 없음. 스키마 검증·선행 개발 전용
aihub71761:data/raw/aihub71761/RT/ST/w00094_f0.png,aihub71761,data/raw/aihub71761/RT/ST/w00094_f0.png,e8f89e8a7fcb9f1df3347b8aad5deed5dda24ee44a0d9db9319d91f0fb49c492,1280,720,RT,ST,True,1,porosity,2011,기공,polygon,True,ed061e91deae4a7f88eb3b882b43c1397999aa997f4546cacb4af999cf748b7a,grp_ST_03f26be9bb78,3,ST|porosity,eval,,judgment_2000,,none,,none,,aihub-mock-v1,1,MOCK — 실이미지 없음. 스키마 검증·선행 개발 전용
aihub71761:data/raw/aihub71761/RT/ST/w00253_f0.png,aihub71761,data/raw/aihub71761/RT/ST/w00253_f0.png,e8ffbe7a656f0fdc0bc3062ce64b87829ac7ffa2b7549a64dfe473b391456744,1280,720,RT,ST,True,1,porosity,2011,기공,polygon,True,fe36a339b2b451e7daf5f2eb89fed66b761d068b3d27a8924348768d67ad5ba8,grp_ST_23434bb3dd33,4,ST|porosity,train,C1,,,none,,none,,aihub-mock-v1,1,MOCK — 실이미지 없음. 스키마 검증·선행 개발 전용
aihub71761:data/raw/aihub71761/RT/ST/w00458_f0.png,aihub71761,data/raw/aihub71761/RT/ST/w00458_f0.png,e92cc64ab610786d4460615bff4a35b2793116fa6d77aabbf09c15f6da2e3138,1280,720,RT,ST,False,0,,,,polygon,True,e88a334f49d03e78ff92cf0581135e3cb3a9bea961e808f5557578f9d06ac0b5,grp_ST_e92cc64ab610,1,ST|__normal__,val,C1,,,none,,none,,aihub-mock-v1,1,MOCK — 실이미지 없음. 스키마 검증·선행 개발 전용
aihub71761:data/raw/aihub71761/RT/AL/w00033_f2.png,aihub71761,data/raw/aihub71761/RT/AL/w00033_f2.png,e92d10653ded1084723a230bcea42bb6b94c613a73ee8625fe0a4c7196a28c46,1280,720,RT,AL,True,1,porosity,2011,기공,polygon,True,e9265e2ddf13be1b7c105f58f409169374188049df19ae3ce0663def362646a7,grp_AL_33a87d51d1ed,4,AL|porosity,train,C3,,,none,,none,,aihub-mock-v1,1,MOCK — 실이미지 없음. 스키마 검증·선행 개발 전용
aihub71761:data/raw/aihub71761/RT/ST/w00425_f1.png,aihub71761,data/raw/aihub71761/RT/ST/w00425_f1.png,e9a570b50fa95818b2ad02106fa4ed52b163276ad7a8204c48f499ea213031ed,1280,720,RT,ST,False,0,,,,polygon,True,818d51f3f7cc15a1eade7f4ecbaea7869c1690b831a79f69a5db73d680020178,grp_ST_07d4cd8142b6,2,ST|__normal__,train,C1,,,none,,none,,aihub-mock-v1,1,MOCK — 실이미지 없음. 스키마 검증·선행 개발 전용
aihub71761:data/raw/aihub71761/RT/ST/w00167_f0.png,aihub71761,data/raw/aihub71761/RT/ST/w00167_f0.png,e9db1dfbad55f3c241aa3d7d164d8c122ee0f4aaba130aece227f67a56daa4c4,1280,720,RT,ST,True,1,porosity,2011,기공,polygon,True,7fb41f508ac4a16f895e395b963afce63d965fcf981249945a7b60d3082a8bad,grp_ST_e9db1dfbad55,1,ST|porosity,train,C1,,,none,,none,,aihub-mock-v1,1,MOCK — 실이미지 없음. 스키마 검증·선행 개발 전용
aihub71761:data/raw/aihub71761/RT/ST/w00512_f0.png,aihub71761,data/raw/aihub71761/RT/ST/w00512_f0.png,e9dd0ec2b67ab619a28e699b2c86ade89e50bcf19f26a7a8f6781be02cb5950b,1280,720,RT,ST,True,1,lack_of_fusion,401,융합불량,polygon,True,9e4b88324259596eaa31c05df69e8a8ca2860696934eb69803ba08b317df22e0,grp_ST_1fa19c773d3f,3,ST|lack_of_fusion,eval,,,,none,,none,,aihub-mock-v1,1,MOCK — 실이미지 없음. 스키마 검증·선행 개발 전용
aihub71761:data/raw/aihub71761/RT/ST/w00012_f0.png,aihub71761,data/raw/aihub71761/RT/ST/w00012_f0.png,e9f721f714a78bb80f2bb148684bb2756e99561230f0d7f3795762d9fec98d8b,1280,720,RT,ST,True,1,porosity,2011,기공,polygon,True,0ba35bb33b49c357e36dcbe3db518ab22e5582f36c3ae2209b047418e4fa71a7,grp_ST_e9f721f714a7,1,ST|porosity,train,C1,,,none,,none,,aihub-mock-v1,1,MOCK — 실이미지 없음. 스키마 검증·선행 개발 전용
aihub71761:data/raw/aihub71761/RT/ST/w00348_f2.png,aihub71761,data/raw/aihub71761/RT/ST/w00348_f2.png,ea0d5cf8bb906ad826731cb6042a65da9e4e74e37a2a7875e973d562954e791a,1280,720,RT,ST,True,1,porosity,2011,기공,polygon,True,ba901422302161867fc89cc2f867c902459fb2d9b207418f01de9edfaa666298,grp_ST_045d20a34ee9,4,ST|porosity,train,C1,,,none,,none,,aihub-mock-v1,1,MOCK — 실이미지 없음. 스키마 검증·선행 개발 전용
aihub71761:data/raw/aihub71761/RT/ST/w00257_f0.png,aihub71761,data/raw/aihub71761/RT/ST/w00257_f0.png,ea21b5ed664f53d1a6502b8bbdd3ffe4a57358dbfede10fcff6cea514d9282ad,1280,720,RT,ST,False,0,,,,polygon,True,6734e475d899bee3f8d8d379447ebcf067fc03a4a5c0062261313f0c62713f70,grp_ST_9155e0e7a143,4,ST|__normal__,train,C1,,,none,,none,,aihub-mock-v1,1,MOCK — 실이미지 없음. 스키마 검증·선행 개발 전용
aihub71761:data/raw/aihub71761/RT/ST/w00078_f0.png,aihub71761,data/raw/aihub71761/RT/ST/w00078_f0.png,ea3b240609df148ae7a23c172a88963a02114a3c3c9ccdaca35f7b43aa16de2e,1280,720,RT,ST,False,0,,,,polygon,True,a184335e2ea13345255e619c581306954a054dc32e09beaa6d7078b9f0e38079,grp_ST_ea3b240609df,1,ST|__normal__,eval,,,,none,,none,,aihub-mock-v1,1,MOCK — 실이미지 없음. 스키마 검증·선행 개발 전용
aihub71761:data/raw/aihub71761/RT/ST/w00253_f1.png,aihub71761,data/raw/aihub71761/RT/ST/w00253_f1.png,ea9da48eaecea12458ec8842792e25328253cca82b45feafea593fb6f0d64b7a,1280,720,RT,ST,True,1,porosity,2011,기공,polygon,True,fe36a339b2b451e7daf5f2eb89fed66b761d068b3d27a8924348768d67ad5ba8,grp_ST_23434bb3dd33,4,ST|porosity,train,C1,,,none,,none,,aihub-mock-v1,1,MOCK — 실이미지 없음. 스키마 검증·선행 개발 전용
aihub71761:data/raw/aihub71761/RT/ST/w00132_f0.png,aihub71761,data/raw/aihub71761/RT/ST/w00132_f0.png,eaa821c2b4023d79c8ec3b745e88036b65a94eb56bba7628d9c7cf7889d4447d,1280,720,RT,ST,False,0,,,,polygon,True,5ddc6160e7369f5368e7781e8c58beb3a48a326e4de7a99914eba7e90b8fe25a,grp_ST_eaa821c2b402,1,ST|__normal__,eval,,,,none,,none,,aihub-mock-v1,1,MOCK — 실이미지 없음. 스키마 검증·선행 개발 전용
aihub71761:data/raw/aihub71761/RT/ST/w00104_f0.png,aihub71761,data/raw/aihub71761/RT/ST/w00104_f0.png,eae1d39fd44f9abd53f47e34cada8c38884dcaef10791de17b8765ec1f9a186d,1280,720,RT,ST,True,1,slag_inclusion,301,슬래그혼입,polygon,True,bc00d5f7dc2847da81361c89fbbaeb85162f1ae1da9710f60f070812085fa5c6,grp_ST_eae1d39fd44f,1,ST|slag_inclusion,train,C1,,,none,,none,,aihub-mock-v1,1,MOCK — 실이미지 없음. 스키마 검증·선행 개발 전용
aihub71761:data/raw/aihub71761/RT/ST/w00179_f0.png,aihub71761,data/raw/aihub71761/RT/ST/w00179_f0.png,eaeef5d9a41cd504a98d9a5ad44bc85b19726c740eabbc43e237aa4585ce9b72,1280,720,RT,ST,False,0,,,,polygon,True,a2c276076fa9b215492b7fac3480fad2653c68b34fc27a7a7ca47604f339dd8d,grp_ST_eaeef5d9a41c,1,ST|__normal__,train,C2,,,none,,none,,aihub-mock-v1,1,MOCK — 실이미지 없음. 스키마 검증·선행 개발 전용
aihub71761:data/raw/aihub71761/RT/ST/w00054_f0.png,aihub71761,data/raw/aihub71761/RT/ST/w00054_f0.png,eb1459cd781e22dfdba22d5643d26d53dd8aeb061bc5d406bf55dfc15e79a8a9,1280,720,RT,ST,True,1,porosity,2011,기공,polygon,True,a420fea2b32e12c1d9b888a5c5b0ca2ef8ab08669b2e18802d17f930f3640979,grp_ST_eb1459cd781e,1,ST|porosity,train,C1,,,none,,none,,aihub-mock-v1,1,MOCK — 실이미지 없음. 스키마 검증·선행 개발 전용
aihub71761:data/raw/aihub71761/RT/AL/w00106_f0.png,aihub71761,data/raw/aihub71761/RT/AL/w00106_f0.png,eb85a8dbc278b73b563295885444367eeb4f8db77038f8142751748e7acf61b9,1280,720,RT,AL,True,1,porosity,2011,기공,polygon,True,12b05e1ec2709f5ee470ec1ef1397000e8734d29acdeb316f996c00e10808e01,grp_AL_eb85a8dbc278,1,AL|porosity,eval,,judgment_2000,,none,,none,,aihub-mock-v1,1,MOCK — 실이미지 없음. 스키마 검증·선행 개발 전용
aihub71761:data/raw/aihub71761/RT/ST/w00129_f1.png,aihub71761,data/raw/aihub71761/RT/ST/w00129_f1.png,eba0d10bfb8def814ba173669f6061fadaca2c9736c5aac199d342a966db68cb,1280,720,RT,ST,False,0,,,,polygon,True,b811ae8b594233a016116dddcfea0d1bb842b97f7259a44126478c05cbfce1bc,grp_ST_29d1e3fa0b04,3,ST|__normal__,train,C2,,,none,,none,,aihub-mock-v1,1,MOCK — 실이미지 없음. 스키마 검증·선행 개발 전용
aihub71761:data/raw/aihub71761/RT/ST/w00171_f0.png,aihub71761,data/raw/aihub71761/RT/ST/w00171_f0.png,ebe678b04e7ad99a710d965a3ce4136bcae35e66cb0f60cabccf838fb51c7e8a,1280,720,RT,ST,True,1,porosity,2011,기공,polygon,True,6d2a6636bfe011b5a85d7186049f51f18c2194a0eaff9f18f5ef119e17ab0604,grp_ST_ebe678b04e7a,1,ST|porosity,train,C1,,,none,,none,,aihub-mock-v1,1,MOCK — 실이미지 없음. 스키마 검증·선행 개발 전용
aihub71761:data/raw/aihub71761/RT/ST/w00324_f0.png,aihub71761,data/raw/aihub71761/RT/ST/w00324_f0.png,ec1994335ae6a8991ea96ba9e9138da9a395f8607430df981c0e1bf6350cca18,1280,720,RT,ST,False,0,,,,polygon,True,e2e0a53357f7eea8c9c1506bc51305fe0a29beea1f09c985b2a10ec1e59ddda2,grp_ST_ec1994335ae6,1,ST|__normal__,train,C2,,,none,,none,,aihub-mock-v1,1,MOCK — 실이미지 없음. 스키마 검증·선행 개발 전용
aihub71761:data/raw/aihub71761/RT/ST/w00575_f2.png,aihub71761,data/raw/aihub71761/RT/ST/w00575_f2.png,ece06d8d2a7af650c919382573ec576206bd96c7e3da90f4e4044b75a93802d5,1280,720,RT,ST,True,1,porosity,2011,기공,polygon,True,6c542e30e1917f2fca5277685dad99f2ee597c57d9ef0216282f27788a5fc8a9,grp_ST_764f63ece213,3,ST|porosity,train,C1,,,none,,none,,aihub-mock-v1,1,MOCK — 실이미지 없음. 스키마 검증·선행 개발 전용
aihub71761:data/raw/aihub71761/RT/ST/w00561_f0.png,aihub71761,data/raw/aihub71761/RT/ST/w00561_f0.png,ed03594f00e35a22e2c916c465c6c16166f22fbb69cc850161721a1fb4f90404,1280,720,RT,ST,True,1,crack,100,균열,polygon,True,17e11b17334b83fa389de829136bb42293fa5bae2e1829dcf030b7560cd9435e,grp_ST_ed03594f00e3,1,ST|crack,train,C1,,,none,,none,,aihub-mock-v1,1,MOCK — 실이미지 없음. 스키마 검증·선행 개발 전용
aihub71761:data/raw/aihub71761/RT/ST/w00094_f2.png,aihub71761,data/raw/aihub71761/RT/ST/w00094_f2.png,ed0f6b49b324f7438beb9333b20391c58241137bbd93f5c74a55d7b4363b8643,1280,720,RT,ST,True,1,porosity,2011,기공,polygon,True,ed061e91deae4a7f88eb3b882b43c1397999aa997f4546cacb4af999cf748b7a,grp_ST_03f26be9bb78,3,ST|porosity,eval,,judgment_2000,,none,,none,,aihub-mock-v1,1,MOCK — 실이미지 없음. 스키마 검증·선행 개발 전용
aihub71761:data/raw/aihub71761/RT/ST/w00512_f1.png,aihub71761,data/raw/aihub71761/RT/ST/w00512_f1.png,ed9b292971083da4e293dc00159b33866efd81ed49659d05b0dfeeec5e4f9fa7,1280,720,RT,ST,True,1,lack_of_fusion,401,융합불량,polygon,True,9e4b88324259596eaa31c05df69e8a8ca2860696934eb69803ba08b317df22e0,grp_ST_1fa19c773d3f,3,ST|lack_of_fusion,eval,,,,none,,none,,aihub-mock-v1,1,MOCK — 실이미지 없음. 스키마 검증·선행 개발 전용
aihub71761:data/raw/aihub71761/RT/ST/w00291_f0.png,aihub71761,data/raw/aihub71761/RT/ST/w00291_f0.png,edf2b3dd115e54a6167366d95db1d8ac23ba3eef6cd170a93d981350daf8de04,1280,720,RT,ST,False,0,,,,polygon,True,d1cc0ea8f62f5162462e6f1162a98323747a0a3713f678845f00230e2c71329f,grp_ST_edf2b3dd115e,1,ST|__normal__,val,C1,,,none,,none,,aihub-mock-v1,1,MOCK — 실이미지 없음. 스키마 검증·선행 개발 전용
aihub71761:data/raw/aihub71761/RT/AL/w00052_f0.png,aihub71761,data/raw/aihub71761/RT/AL/w00052_f0.png,edfbf98c2394083af1f4179d8b3d6f187b5b5515a7e4a0137f98e67a81a0fe82,1280,720,RT,AL,True,1,porosity,2011,기공,polygon,True,cce43f11f959f77e809a792045cce10aee9820f9e28204eab484d74932cad7a7,grp_AL_edfbf98c2394,1,AL|porosity,val,C3,,,none,,none,,aihub-mock-v1,1,MOCK — 실이미지 없음. 스키마 검증·선행 개발 전용
aihub71761:data/raw/aihub71761/RT/ST/w00029_f0.png,aihub71761,data/raw/aihub71761/RT/ST/w00029_f0.png,ee3230577aeb5fd6a242791c5e5417239f3eeabed30559ca93bd5efe12c91dab,1280,720,RT,ST,False,0,,,,polygon,True,eb7b78487b08b986d69477c4d84eefd3515e2d794d87a51e8da56fa191bf0590,grp_ST_3a813dd444d6,4,ST|__normal__,train,C1,,,none,,none,,aihub-mock-v1,1,MOCK — 실이미지 없음. 스키마 검증·선행 개발 전용
aihub71761:data/raw/aihub71761/RT/ST/w00553_f0.png,aihub71761,data/raw/aihub71761/RT/ST/w00553_f0.png,ee443f7981e1037dacd8167390b5543c5b7fcf1cfa217526de4be1c26147f98a,1280,720,RT,ST,False,0,,,,polygon,True,6e8dbe53a4c1aa3a7dc7d30d4f45028c832979a08f13f83d8e430a75180a254d,grp_ST_ee443f7981e1,1,ST|__normal__,train,C2,,,none,,none,,aihub-mock-v1,1,MOCK — 실이미지 없음. 스키마 검증·선행 개발 전용
aihub71761:data/raw/aihub71761/RT/ST/w00022_f1.png,aihub71761,data/raw/aihub71761/RT/ST/w00022_f1.png,ee8665023debc5402c6398164b85486f04032973643ced2e2103d12346ab88b7,1280,720,RT,ST,False,0,,,,polygon,True,8f29942486282f20a23ff9a855d9077620600667007c1bb8ecfdd46e52c71544,grp_ST_18b01e2c16c5,4,ST|__normal__,train,C2,,,none,,none,,aihub-mock-v1,1,MOCK — 실이미지 없음. 스키마 검증·선행 개발 전용
aihub71761:data/raw/aihub71761/RT/ST/w00487_f0.png,aihub71761,data/raw/aihub71761/RT/ST/w00487_f0.png,eea78df2b93b7ed61d2d9dfab9a10ee1490b5b535206b7f4186dbacbe5a762f3,1280,720,RT,ST,True,1,porosity,2011,기공,polygon,True,3eed896b15ff5f8e9a20c4264a34e07ab4b5c05d619d18bcd50df19949816dc1,grp_ST_eea78df2b93b,1,ST|porosity,train,C1,,,none,,none,,aihub-mock-v1,1,MOCK — 실이미지 없음. 스키마 검증·선행 개발 전용
aihub71761:data/raw/aihub71761/RT/ST/w00136_f0.png,aihub71761,data/raw/aihub71761/RT/ST/w00136_f0.png,ef038a57bbfedb08056ed6d0b9ad5dcd29abfbbab4f49436226cc389598020f6,1280,720,RT,ST,True,2,crack;porosity,100;2011,균열;기공,polygon,True,20d78cff216fc5a1a767d79fc9aa500be1546e614710ac0cdf48514d7311e64b,grp_ST_d4d5ee3896b4,2,ST|crack,train,C1,,,none,,none,,aihub-mock-v1,1,MOCK — 실이미지 없음. 스키마 검증·선행 개발 전용
aihub71761:data/raw/aihub71761/RT/ST/w00169_f0.png,aihub71761,data/raw/aihub71761/RT/ST/w00169_f0.png,ef76df4780f3da8a754fbb5d01465556d70179cd22a72dc47aced190be41861a,1280,720,RT,ST,True,1,porosity,2011,기공,polygon,True,8a349c1cbeb10454e0a21855a9a900eb9ff52e759f77434eab253b9f75bba086,grp_ST_1fc82824525a,2,ST|porosity,train,C1,,,none,,none,,aihub-mock-v1,1,MOCK — 실이미지 없음. 스키마 검증·선행 개발 전용
aihub71761:data/raw/aihub71761/RT/ST/w00203_f0.png,aihub71761,data/raw/aihub71761/RT/ST/w00203_f0.png,efebfbfda2cb3f81a85f71bd47f3c87d1516c34b90855ce9af313365d615ef5d,1280,720,RT,ST,False,0,,,,polygon,True,50b110229c3414fa44d8c16f9ed0013eeb1ebd1bd4ebe2911238475c1fced7a3,grp_ST_efebfbfda2cb,1,ST|__normal__,train,C2,,,none,,none,,aihub-mock-v1,1,MOCK — 실이미지 없음. 스키마 검증·선행 개발 전용
aihub71761:data/raw/aihub71761/RT/AL/w00059_f0.png,aihub71761,data/raw/aihub71761/RT/AL/w00059_f0.png,f010d258dfafa0abb2a3b825e75286a4a6a2fe6944a541c95a5431431faa2687,1280,720,RT,AL,False,0,,,,polygon,True,aba7f4cf165821cad782624e95bcd84c5a90863d072e7899dc36c957f75d0107,grp_AL_f010d258dfaf,1,AL|__normal__,eval,,,,none,,none,,aihub-mock-v1,1,MOCK — 실이미지 없음. 스키마 검증·선행 개발 전용
aihub71761:data/raw/aihub71761/RT/ST/w00382_f0.png,aihub71761,data/raw/aihub71761/RT/ST/w00382_f0.png,f08a400450e48de5f9dedc7b0c09a833e5eb8e59d799da5033b22f406c9e48e6,1280,720,RT,ST,True,2,crack;porosity,100;2011,균열;기공,polygon,True,4aa524e811c780a33a6809d33357de4339b3f6cef146a00a628107e63abcddeb,grp_ST_f08a400450e4,1,ST|crack,train,C1,,,none,,none,,aihub-mock-v1,1,MOCK — 실이미지 없음. 스키마 검증·선행 개발 전용
aihub71761:data/raw/aihub71761/RT/ST/w00394_f2.png,aihub71761,data/raw/aihub71761/RT/ST/w00394_f2.png,f0bdfb0bc1a901b53c9e352cde9bb0a1557177639d9d4a304c957514cb77d72b,1280,720,RT,ST,False,0,,,,polygon,True,843b69b084e927387409689c909ad97ff7784f3e5dbf29ed7e5900e517d9a5cf,grp_ST_3353bc1dd769,4,ST|__normal__,train,C2,,,none,,none,,aihub-mock-v1,1,MOCK — 실이미지 없음. 스키마 검증·선행 개발 전용
aihub71761:data/raw/aihub71761/RT/ST/w00581_f0.png,aihub71761,data/raw/aihub71761/RT/ST/w00581_f0.png,f1554dcfe33d06046f2c1eaae478a98aaa5d1694b6cc13805be9597e3f8ccdff,1280,720,RT,ST,False,0,,,,polygon,True,d393688a3c2120c14241d813e815b1e5a20f85400e4234ffb6c5becfc7ee7de5,grp_ST_5a2fac873bff,2,ST|__normal__,val,C2,,,none,,none,,aihub-mock-v1,1,MOCK — 실이미지 없음. 스키마 검증·선행 개발 전용
aihub71761:data/raw/aihub71761/RT/ST/w00311_f0.png,aihub71761,data/raw/aihub71761/RT/ST/w00311_f0.png,f162ad88363801658055bec415e4c07dfd959b4d4140b7d1a20c633f389227e7,1280,720,RT,ST,True,2,lack_of_fusion;porosity,2011;401,기공;융합불량,polygon,True,cd9926dfeb1d1b7745b0e7b1d57fc29a6ddd42309a221de779b49fe9881070db,grp_ST_f162ad883638,1,ST|lack_of_fusion,train,C1,,,none,,none,,aihub-mock-v1,1,MOCK — 실이미지 없음. 스키마 검증·선행 개발 전용
aihub71761:data/raw/aihub71761/RT/ST/w00230_f1.png,aihub71761,data/raw/aihub71761/RT/ST/w00230_f1.png,f1db9482a0ea1e58b0880b2efbfec143b68b9e4a7991965e2c39d59a1f897ed3,1280,720,RT,ST,True,1,porosity,2011,기공,polygon,True,052c89c5e799bef26de2cafa7d51fdd028e555da60e6324fb4d1a1920b5ecb98,grp_ST_515c22606bcf,4,ST|porosity,train,C1,,,none,,none,,aihub-mock-v1,1,MOCK — 실이미지 없음. 스키마 검증·선행 개발 전용
aihub71761:data/raw/aihub71761/RT/ST/w00237_f2.png,aihub71761,data/raw/aihub71761/RT/ST/w00237_f2.png,f27fae8b8c3f16a0458492f53a7ecaf9f1164090efde5432e2c12733565821f2,1280,720,RT,ST,True,1,lack_of_fusion,401,융합불량,polygon,True,7ba26bc3d116001e271b311072ad1b24ba52d9db3f59767110692ac8f7fd54dd,grp_ST_3a8a53615ebe,4,ST|lack_of_fusion,train,C1,,,none,,none,,aihub-mock-v1,1,MOCK — 실이미지 없음. 스키마 검증·선행 개발 전용
aihub71761:data/raw/aihub71761/RT/AL/w00018_f0.png,aihub71761,data/raw/aihub71761/RT/AL/w00018_f0.png,f2bf5d3f4a02711349699c12dfffcaa6487cf13e1af115d505905802a3c6efd6,1280,720,RT,AL,True,1,slag_inclusion,301,슬래그혼입,polygon,True,000e08df3fdbcb81def83b540e0b6693b5ab93dc76ef244e0fbda573163760bc,grp_AL_f2bf5d3f4a02,1,AL|slag_inclusion,train,C3,,,none,,none,,aihub-mock-v1,1,MOCK — 실이미지 없음. 스키마 검증·선행 개발 전용
aihub71761:data/raw/aihub71761/RT/ST/w00588_f0.png,aihub71761,data/raw/aihub71761/RT/ST/w00588_f0.png,f323ad277890d47e4e4be75c86288b61b356468bd2af77d2d9c4a0e75c647d0f,1280,720,RT,ST,True,1,porosity,2011,기공,polygon,True,a3f02dd758ac9a8bc4dc2ae280790546b08000b1731a172bc4cd5692c99bc762,grp_ST_f323ad277890,1,ST|porosity,train,C1,,,none,,none,,aihub-mock-v1,1,MOCK — 실이미지 없음. 스키마 검증·선행 개발 전용
aihub71761:data/raw/aihub71761/RT/ST/w00134_f0.png,aihub71761,data/raw/aihub71761/RT/ST/w00134_f0.png,f441794bd3b1f694cdb9a9abf108aeb94b303fc5408afde18accd2ccf17d5ff5,1280,720,RT,ST,True,1,porosity,2011,기공,polygon,True,1d049fd867e4c06a15628159c4a4e92604194481466fb9e9d36e919d7048e9ef,grp_ST_66fc2af77991,4,ST|porosity,train,C1,,,none,,none,,aihub-mock-v1,1,MOCK — 실이미지 없음. 스키마 검증·선행 개발 전용
aihub71761:data/raw/aihub71761/RT/ST/w00011_f0.png,aihub71761,data/raw/aihub71761/RT/ST/w00011_f0.png,f4893852a622bdaa63be7ad7302555ccaffbad59eea45e1e52618673c54c57a2,1280,720,RT,ST,False,0,,,,polygon,True,fda8506be59667e7e15758b79335cc6b00114f8dab0b4b324195f8c5b1f2ec2d,grp_ST_f4893852a622,1,ST|__normal__,train,C2,,,none,,none,,aihub-mock-v1,1,MOCK — 실이미지 없음. 스키마 검증·선행 개발 전용
aihub71761:data/raw/aihub71761/RT/ST/w00300_f2.png,aihub71761,data/raw/aihub71761/RT/ST/w00300_f2.png,f4baa037dc4d4560e80759e14a971daef2c007b100aee69187540e0ef9c10ad7,1280,720,RT,ST,True,1,porosity,2011,기공,polygon,True,712a038f2f13c45c39da9ed6f2b31bd0e5971c071a5c03540de06b8926508021,grp_ST_8451c2ed73b1,4,ST|porosity,train,C1,,,none,,none,,aihub-mock-v1,1,MOCK — 실이미지 없음. 스키마 검증·선행 개발 전용
aihub71761:data/raw/aihub71761/RT/ST/w00262_f0.png,aihub71761,data/raw/aihub71761/RT/ST/w00262_f0.png,f540e20b2303d96a9153dc9bd7abece079a9af13ce1943a91fa63aeee8f977aa,1280,720,RT,ST,True,1,porosity,2011,기공,polygon,True,b7a871ce9edf6d5235f84742f3186806356884aede31e5225e79ed0fb1254b05,grp_ST_f540e20b2303,1,ST|porosity,eval,,,,none,,none,,aihub-mock-v1,1,MOCK — 실이미지 없음. 스키마 검증·선행 개발 전용
aihub71761:data/raw/aihub71761/RT/ST/w00091_f1.png,aihub71761,data/raw/aihub71761/RT/ST/w00091_f1.png,f5729a279eadf45b4161fe785bdce3ce32b81cd2a5c758eca22b87dd45f700a2,1280,720,RT,ST,True,1,porosity,2011,기공,polygon,True,b94e665f6ec197d07d2024338e912a70ed38da55bb016a524bacc5aea32a7fb9,grp_ST_0545d74ba8e7,4,ST|porosity,train,C1,,,none,,none,,aihub-mock-v1,1,MOCK — 실이미지 없음. 스키마 검증·선행 개발 전용
aihub71761:data/raw/aihub71761/RT/ST/w00518_f0.png,aihub71761,data/raw/aihub71761/RT/ST/w00518_f0.png,f5bc3857611e7ca91a4a25c5965ca81a099af239d7521ab7f6d45555b178e365,1280,720,RT,ST,False,0,,,,polygon,True,87de3a2b9bf217f125db410a75308f42ef843428541dd02b42ea07c7934844d4,grp_ST_f5bc3857611e,1,ST|__normal__,train,C2,,,none,,none,,aihub-mock-v1,1,MOCK — 실이미지 없음. 스키마 검증·선행 개발 전용
aihub71761:data/raw/aihub71761/RT/ST/w00449_f0.png,aihub71761,data/raw/aihub71761/RT/ST/w00449_f0.png,f5dce8a31e515afb926bece4cdeae4cf5206dc2444b7aa6cec2e174ddfb4c120,1280,720,RT,ST,True,1,porosity,2011,기공,polygon,True,cb21ea8a93ca6c6e50172e8ab4e626f1cf17f881d844f28f75b10dfe941b42e0,grp_ST_f5dce8a31e51,1,ST|porosity,train,C1,,,none,,none,,aihub-mock-v1,1,MOCK — 실이미지 없음. 스키마 검증·선행 개발 전용
aihub71761:data/raw/aihub71761/RT/ST/w00213_f0.png,aihub71761,data/raw/aihub71761/RT/ST/w00213_f0.png,f5fa17b7596e63903b1f2cbcaded80b4fa3bc1448c04fed260e3f6f3628ebe2d,1280,720,RT,ST,True,1,porosity,2011,기공,polygon,True,edec54d831eb8df1515397711a349852feadd3e7d483fb087fd5952a1614f2bf,grp_ST_f5fa17b7596e,1,ST|porosity,train,C1,,,none,,none,,aihub-mock-v1,1,MOCK — 실이미지 없음. 스키마 검증·선행 개발 전용
aihub71761:data/raw/aihub71761/RT/AL/w00093_f0.png,aihub71761,data/raw/aihub71761/RT/AL/w00093_f0.png,f6725a997ae9deb96fce439363275a4e367cab59c4be59a5e7a7a1339988236d,1280,720,RT,AL,True,1,slag_inclusion,301,슬래그혼입,polygon,True,f66d1187bea992f17ca5a55b22cedd209e7add4bc7ba33935a3c5678118e6bb2,grp_AL_f6725a997ae9,1,AL|slag_inclusion,train,C3,,,none,,none,,aihub-mock-v1,1,MOCK — 실이미지 없음. 스키마 검증·선행 개발 전용
aihub71761:data/raw/aihub71761/RT/ST/w00186_f0.png,aihub71761,data/raw/aihub71761/RT/ST/w00186_f0.png,f69ccc6ead527b2c7bab11640a2456b927f5a5827053f4915620e9ba97dd1cc4,1280,720,RT,ST,False,0,,,,polygon,True,7f8f7ebc6032336cb59095d7bd2deb71b1fb5fd9d196112d9fd4c9a6706521d5,grp_ST_f69ccc6ead52,1,ST|__normal__,eval,,,,none,,none,,aihub-mock-v1,1,MOCK — 실이미지 없음. 스키마 검증·선행 개발 전용
aihub71761:data/raw/aihub71761/RT/AL/w00033_f3.png,aihub71761,data/raw/aihub71761/RT/AL/w00033_f3.png,f6d45618ddc37974c882520d1add25ca5ce2daedfddf0a06c83bd9cc7e6d864b,1280,720,RT,AL,True,1,porosity,2011,기공,polygon,True,e9265e2ddf13be1b7c105f58f409169374188049df19ae3ce0663def362646a7,grp_AL_33a87d51d1ed,4,AL|porosity,train,C3,,,none,,none,,aihub-mock-v1,1,MOCK — 실이미지 없음. 스키마 검증·선행 개발 전용
aihub71761:data/raw/aihub71761/RT/ST/w00201_f1.png,aihub71761,data/raw/aihub71761/RT/ST/w00201_f1.png,f7e116559f01f4b73fb71ed426201619877c5c95c79c222de394c037afc71089,1280,720,RT,ST,True,1,porosity,2011,기공,polygon,True,1b0cb9cabd8ccb53731945021190520e761ed2c10811df7d129b3be71e0f1888,grp_ST_089aaf8dcbd9,3,ST|porosity,train,C1,,,none,,none,,aihub-mock-v1,1,MOCK — 실이미지 없음. 스키마 검증·선행 개발 전용
aihub71761:data/raw/aihub71761/RT/AL/w00015_f0.png,aihub71761,data/raw/aihub71761/RT/AL/w00015_f0.png,f7ed43abc1b66e22708cd53c487b1a6f05430c6f3393f5480144cba0e0316d0e,1280,720,RT,AL,False,0,,,,polygon,True,afc91fd22fdbeb3a1e7f7ba3bb26001dba16d01d73702cef60fdec186025edd9,grp_AL_f7ed43abc1b6,1,AL|__normal__,train,C3,,,none,,none,,aihub-mock-v1,1,MOCK — 실이미지 없음. 스키마 검증·선행 개발 전용
aihub71761:data/raw/aihub71761/RT/ST/w00114_f0.png,aihub71761,data/raw/aihub71761/RT/ST/w00114_f0.png,f80a2d440eb4f6b357e879986e0643ebdb1556663d3f1058aee2d33e0f3beee9,1280,720,RT,ST,False,0,,,,polygon,True,56430ede5680a399a0ff02a7c49a5c3e362c3b87dc5d6f18181dd1781f55355d,grp_ST_f80a2d440eb4,1,ST|__normal__,train,C2,,,none,,none,,aihub-mock-v1,1,MOCK — 실이미지 없음. 스키마 검증·선행 개발 전용
aihub71761:data/raw/aihub71761/RT/ST/w00554_f0.png,aihub71761,data/raw/aihub71761/RT/ST/w00554_f0.png,f815cbd29779a312730370655b6168d9b2ff0b828d02bf3a64fe3ceb2e9b523c,1280,720,RT,ST,True,2,crack;porosity,100;2011,균열;기공,polygon,True,e1c594fe9f79f57dda5a69dc3c3ab7b27a70554ec818ea875f3793645e17d863,grp_ST_f815cbd29779,1,ST|crack,train,C1,,,none,,none,,aihub-mock-v1,1,MOCK — 실이미지 없음. 스키마 검증·선행 개발 전용
aihub71761:data/raw/aihub71761/RT/ST/w00485_f0.png,aihub71761,data/raw/aihub71761/RT/ST/w00485_f0.png,f849c4509d15d4a39352c189227fa610646ff67dce41009812e419f1a39eece7,1280,720,RT,ST,True,1,porosity,2011,기공,polygon,True,c4b00fa6e080068e5431d3cc2f722042db1e29f508617b308d744b1daef82271,grp_ST_18b60e5cc7fe,2,ST|porosity,eval,,,,none,,none,,aihub-mock-v1,1,MOCK — 실이미지 없음. 스키마 검증·선행 개발 전용
aihub71761:data/raw/aihub71761/RT/AL/w00072_f0.png,aihub71761,data/raw/aihub71761/RT/AL/w00072_f0.png,f8fb2de9dd70d6ac2f5fceb2813d9fd6fc55298ad970e8636c9392ebb4c19e75,1280,720,RT,AL,True,1,slag_inclusion,301,슬래그혼입,polygon,True,6fb737e639ce0de65552fecf41643bcc217022ef7f9f5b12f182f4e5e70961e6,grp_AL_f8fb2de9dd70,1,AL|slag_inclusion,train,C3,,,none,,none,,aihub-mock-v1,1,MOCK — 실이미지 없음. 스키마 검증·선행 개발 전용
aihub71761:data/raw/aihub71761/RT/AL/w00028_f0.png,aihub71761,data/raw/aihub71761/RT/AL/w00028_f0.png,f98b880125094786e823166b8029555d78c7bf1ed6b28e1a1171bdf0473f29ab,1280,720,RT,AL,True,1,slag_inclusion,301,슬래그혼입,polygon,True,660acba9a4af6b34315693ea8ca63ae2fd55eb652f5d011dc7337b440c0dd5c6,grp_AL_f98b88012509,1,AL|slag_inclusion,eval,,,,none,,none,,aihub-mock-v1,1,MOCK — 실이미지 없음. 스키마 검증·선행 개발 전용
aihub71761:data/raw/aihub71761/RT/ST/w00401_f0.png,aihub71761,data/raw/aihub71761/RT/ST/w00401_f0.png,f98eb1e308be1521f0b54382928f0434f79ca98088c93bb236b65e095d862faf,1280,720,RT,ST,False,0,,,,polygon,True,e2fb63610a4e8d42a1602432989c430e28b55763b9cf12ad50c9e7284bd068f5,grp_ST_f98eb1e308be,1,ST|__normal__,train,C1,,,none,,none,,aihub-mock-v1,1,MOCK — 실이미지 없음. 스키마 검증·선행 개발 전용
aihub71761:data/raw/aihub71761/RT/ST/w00354_f0.png,aihub71761,data/raw/aihub71761/RT/ST/w00354_f0.png,f9b191d7e69a99df2fc71a4af06e78c7ecbc9fa12b55863f119ae731f2178bd0,1280,720,RT,ST,False,0,,,,polygon,True,2d243bafb36b4610a29dde89fdfa1a55780f1de9dd2281074ea87104b0f44161,grp_ST_0f4e1914f2a9,4,ST|__normal__,train,C2,,,none,,none,,aihub-mock-v1,1,MOCK — 실이미지 없음. 스키마 검증·선행 개발 전용
aihub71761:data/raw/aihub71761/RT/ST/w00118_f0.png,aihub71761,data/raw/aihub71761/RT/ST/w00118_f0.png,f9cf9dde4bc119820f572253515cb63a2e3ae77326a052e5b4549f6a918c6117,1280,720,RT,ST,False,0,,,,polygon,True,a20a530a32c568923a33d7409d2a4cc7d3e57989f9b2a85f9b23e5da363396d3,grp_ST_f9cf9dde4bc1,1,ST|__normal__,val,C2,,,none,,none,,aihub-mock-v1,1,MOCK — 실이미지 없음. 스키마 검증·선행 개발 전용
aihub71761:data/raw/aihub71761/RT/ST/w00117_f0.png,aihub71761,data/raw/aihub71761/RT/ST/w00117_f0.png,f9ffb6b04702d9e2d50fce4ae3662bacc74725a3999b2209ce5dc45a2b9abd98,1280,720,RT,ST,True,1,porosity,2011,기공,polygon,True,495f2ad42d9685553892083aa24f72ed20e7ac2788684bd8931b3c5fe6aae530,grp_ST_866f9d61105d,4,ST|porosity,train,C1,,,none,,none,,aihub-mock-v1,1,MOCK — 실이미지 없음. 스키마 검증·선행 개발 전용
aihub71761:data/raw/aihub71761/RT/ST/w00161_f0.png,aihub71761,data/raw/aihub71761/RT/ST/w00161_f0.png,fa09de4e77f17739d8b53f4f4acd0bf0c3099fa77199d26ab632a577dab586fc,1280,720,RT,ST,False,0,,,,polygon,True,40cba47fa0857680d09ee3ab9e9939d1dd2dd716e873922e4bf142d9276b6721,grp_ST_fa09de4e77f1,1,ST|__normal__,train,C1,,,none,,none,,aihub-mock-v1,1,MOCK — 실이미지 없음. 스키마 검증·선행 개발 전용
aihub71761:data/raw/aihub71761/RT/ST/w00352_f0.png,aihub71761,data/raw/aihub71761/RT/ST/w00352_f0.png,fa0cf11fb1031ab00536011eaf0ee93951cef0b2243c3bf4b544522317f53b27,1280,720,RT,ST,True,1,porosity,2011,기공,polygon,True,147d09b54675f97a201e8ba0c297b2f09d329e758a8fbc605e536e26b11fad6f,grp_ST_fa0cf11fb103,1,ST|porosity,train,C1,,,none,,none,,aihub-mock-v1,1,MOCK — 실이미지 없음. 스키마 검증·선행 개발 전용
aihub71761:data/raw/aihub71761/RT/ST/w00309_f0.png,aihub71761,data/raw/aihub71761/RT/ST/w00309_f0.png,fa3e8f7baf379338c8058af0e2229b0ea9ccda80c191941bfe7780bdbe77bd00,1280,720,RT,ST,False,0,,,,polygon,True,a3c7b788dce2beb690c286ed15ea75fdd47de1d0d7d7c0e3bd4dc0a012bbad3c,grp_ST_fa3e8f7baf37,1,ST|__normal__,train,C2,,,none,,none,,aihub-mock-v1,1,MOCK — 실이미지 없음. 스키마 검증·선행 개발 전용
aihub71761:data/raw/aihub71761/RT/ST/w00456_f0.png,aihub71761,data/raw/aihub71761/RT/ST/w00456_f0.png,fa7b11e645c0c5ab20d05689bc33307f74b041a6dd72093a17b555c56686ca4a,1280,720,RT,ST,False,0,,,,polygon,True,474340b4f871abeceae2968f04d064251f77bc03ada38ed01d804b98fa5b9784,grp_ST_fa7b11e645c0,1,ST|__normal__,train,C2,,,none,,none,,aihub-mock-v1,1,MOCK — 실이미지 없음. 스키마 검증·선행 개발 전용
aihub71761:data/raw/aihub71761/RT/ST/w00414_f1.png,aihub71761,data/raw/aihub71761/RT/ST/w00414_f1.png,fc0578924c03242e96c606e0636a3052d81e3420b7bd69738c90f08807f2175b,1280,720,RT,ST,False,0,,,,polygon,True,b2218a734fc3b475a6676f1fd726e06791739d9f7c2ef56128ff1bbb1011d7ef,grp_ST_12cdc66b29e9,3,ST|__normal__,train,C2,,,none,,none,,aihub-mock-v1,1,MOCK — 실이미지 없음. 스키마 검증·선행 개발 전용
aihub71761:data/raw/aihub71761/RT/ST/w00080_f0.png,aihub71761,data/raw/aihub71761/RT/ST/w00080_f0.png,fc46a219a4be9975932aa61cc0220a843ad17c4cc4d99214a58634c527e22d50,1280,720,RT,ST,False,0,,,,polygon,True,2324cd731d6c6fd150def02f9d860c6f84728b619683d2ae392a18da055aab1f,grp_ST_92d01e892305,4,ST|__normal__,eval,,,,none,,none,,aihub-mock-v1,1,MOCK — 실이미지 없음. 스키마 검증·선행 개발 전용
aihub71761:data/raw/aihub71761/RT/AL/w00070_f0.png,aihub71761,data/raw/aihub71761/RT/AL/w00070_f0.png,fcadde539dcd98e1df3e674cc101d4b01162004b69e605af91a359a3996f0b46,1280,720,RT,AL,True,1,crack,100,균열,polygon,True,32962979c48b89ae53e65efb587dfb362b6419672a423dfdfdebd6648d9e171a,grp_AL_fcadde539dcd,1,AL|crack,val,C3,,,none,,none,,aihub-mock-v1,1,MOCK — 실이미지 없음. 스키마 검증·선행 개발 전용
aihub71761:data/raw/aihub71761/RT/AL/w00027_f0.png,aihub71761,data/raw/aihub71761/RT/AL/w00027_f0.png,fcbd95eb85fa2c1f44c396b0e4316ba323b01514510395056999b4613630def0,1280,720,RT,AL,True,1,porosity,2011,기공,polygon,True,30f4d1aa12ab7ae93b6deb9bc50ccf37b3ec5d12db3967a5c7f30abe60282d75,grp_AL_fcbd95eb85fa,1,AL|porosity,train,C3,,,none,,none,,aihub-mock-v1,1,MOCK — 실이미지 없음. 스키마 검증·선행 개발 전용
aihub71761:data/raw/aihub71761/RT/ST/w00164_f3.png,aihub71761,data/raw/aihub71761/RT/ST/w00164_f3.png,fceecff6d2eec1760a6f8a25602d2bf6eb5d26a3f53de83557f7ae9821aaa4a8,1280,720,RT,ST,False,0,,,,polygon,True,f9b07066a8d2bd305fdde1d6d182e11cf3fd6fee31615a306bad81b553818214,grp_ST_0ff7662cd864,4,ST|__normal__,train,C1,,,none,,none,,aihub-mock-v1,1,MOCK — 실이미지 없음. 스키마 검증·선행 개발 전용
aihub71761:data/raw/aihub71761/RT/ST/w00051_f0.png,aihub71761,data/raw/aihub71761/RT/ST/w00051_f0.png,fd0cf1c8888a8a0688e6529cbdbb8b7156c63dbe070ccd5612743bc254dd670f,1280,720,RT,ST,False,0,,,,polygon,True,3ef81144955a54a5de17ac57990792e1605e67ee9342e5069c357490d32ecc85,grp_ST_fd0cf1c8888a,1,ST|__normal__,val,C2,,,none,,none,,aihub-mock-v1,1,MOCK — 실이미지 없음. 스키마 검증·선행 개발 전용
aihub71761:data/raw/aihub71761/RT/ST/w00501_f1.png,aihub71761,data/raw/aihub71761/RT/ST/w00501_f1.png,fd20ad79b3a119edc89d9fad2983efb5e67a05aaf6a03721e5c3c8157121f984,1280,720,RT,ST,True,1,porosity,2011,기공,polygon,True,324eca416f2aef4e5a8cff4cdc1e179179b8b39d28ca55c395304625b1391f9a,grp_ST_8af9959fd200,3,ST|porosity,eval,,,,none,,none,,aihub-mock-v1,1,MOCK — 실이미지 없음. 스키마 검증·선행 개발 전용
aihub71761:data/raw/aihub71761/RT/ST/w00548_f0.png,aihub71761,data/raw/aihub71761/RT/ST/w00548_f0.png,fe2e38f4479680b14c4b1f504f80c770b60894edfab67e933c620c4e72f84ba5,1280,720,RT,ST,False,0,,,,polygon,True,7cf22c641b62d92c33e8bab6443ae9b555e097a5c4213aaac7799174e0eae002,grp_ST_fe2e38f44796,1,ST|__normal__,train,C1,,,none,,none,,aihub-mock-v1,1,MOCK — 실이미지 없음. 스키마 검증·선행 개발 전용
aihub71761:data/raw/aihub71761/RT/ST/w00605_f0.png,aihub71761,data/raw/aihub71761/RT/ST/w00605_f0.png,fea4f47608d63ac909db50483c94b85130dd9b930d2618ea078b74e2c348a981,1280,720,RT,ST,False,0,,,,polygon,True,bb216a1d301085a44a53ca7621b0b1b5667db7a268d0e18646acccc1726129ad,grp_ST_cb4735a6d0ac,2,ST|__normal__,train,C1,,,none,,none,,aihub-mock-v1,1,MOCK — 실이미지 없음. 스키마 검증·선행 개발 전용
aihub71761:data/raw/aihub71761/RT/AL/w00075_f0.png,aihub71761,data/raw/aihub71761/RT/AL/w00075_f0.png,fee5e11ac45c6d6e0c732ed3df2d54063112fdb3aaa6de5ae173532d48bf31b8,1280,720,RT,AL,False,0,,,,polygon,True,568b95b58d7bbee9160290db4182a496289ca03ef0c8fbe286c5a0c2e48f147c,grp_AL_fee5e11ac45c,1,AL|__normal__,eval,,judgment_2000,,none,,none,,aihub-mock-v1,1,MOCK — 실이미지 없음. 스키마 검증·선행 개발 전용
aihub71761:data/raw/aihub71761/RT/ST/w00249_f1.png,aihub71761,data/raw/aihub71761/RT/ST/w00249_f1.png,ff229f0d10a37d7faf9acaebbbc330a815315cde476a1410cf9da841a9f003b9,1280,720,RT,ST,True,1,porosity,2011,기공,polygon,True,9d5fd745cd5e5186fbb79475b6238e78c61d09456ad8bd3665f99207ab964b06,grp_ST_b640503dc6a5,3,ST|porosity,train,C1,,,none,,none,,aihub-mock-v1,1,MOCK — 실이미지 없음. 스키마 검증·선행 개발 전용
aihub71761:data/raw/aihub71761/RT/AL/w00022_f1.png,aihub71761,data/raw/aihub71761/RT/AL/w00022_f1.png,ffa6def42df3828fe45bae6ebe6adead5dde646a1e5a556810847381531190f6,1280,720,RT,AL,True,1,slag_inclusion,301,슬래그혼입,polygon,True,7bf30796f27de1f8a79216e6051313ffa6e76fbccf51667a30435da1dc119dac,grp_AL_3c28b472fba8,3,AL|slag_inclusion,eval,,,,none,,none,,aihub-mock-v1,1,MOCK — 실이미지 없음. 스키마 검증·선행 개발 전용
aihub71761:data/raw/aihub71761/RT/ST/w00005_f0.png,aihub71761,data/raw/aihub71761/RT/ST/w00005_f0.png,ffbb2ce40c62b5c979350640ae9bf27fb87ebfa117f829f9d5716651678d37b9,1280,720,RT,ST,True,1,porosity,2011,기공,polygon,True,68e0d79322799c5de6535e3f9d22900c483365b5e71f78640c983d097a665c9a,grp_ST_ffbb2ce40c62,1,ST|porosity,train,C1,,,none,,none,,aihub-mock-v1,1,MOCK — 실이미지 없음. 스키마 검증·선행 개발 전용
aihub71761:data/raw/aihub71761/RT/ST/w00358_f0.png,aihub71761,data/raw/aihub71761/RT/ST/w00358_f0.png,ffd1a76bda7b3e5e84d6c1c57f059785642237fe81f14855ffd66e938324614e,1280,720,RT,ST,True,2,crack;porosity,100;2011,균열;기공,polygon,True,81ac50db255787537c798f7478dc3c8105d495e7c12c34e5c3db23949391d044,grp_ST_ffd1a76bda7b,1,ST|crack,eval,,,,none,,none,,aihub-mock-v1,1,MOCK — 실이미지 없음. 스키마 검증·선행 개발 전용
aihub71761:data/raw/aihub71761/RT/ST/w00151_f1.png,aihub71761,data/raw/aihub71761/RT/ST/w00151_f1.png,ffefe5fe385bbed4d4ab62fb3a307eab23f2280f1294617d0e27abe8a8dd87ba,1280,720,RT,ST,True,2,porosity;slag_inclusion,2011;301,기공;슬래그혼입,polygon,True,f8ee8ae84e131a332794a40bb875717b5c09856d63e8336f39899093d19a0cdc,grp_ST_0d8968aecc05,4,ST|slag_inclusion,train,C2,,,none,,none,,aihub-mock-v1,1,MOCK — 실이미지 없음. 스키마 검증·선행 개발 전용
